# Croatian settlements from GeoNames (https://www.geonames.org, CC BY 4.0), written by cmd/genplaces.
# name	latitude	longitude	county (GeoNames admin1)	population
Abram	43.72639	16.63139	15	0
Abramovići	43.54889	16.84111	15	0
Ada	45.40556	18.68361	10	142
Ada Lukačka	45.93333	17.5	17	0
Adamovec	45.90485	16.16376	21	900
Adamovići	45.15167	16.37972	14	0
Adolfovac	45.71528	17.87306	17	0
Adolfovo	45.71667	17.85	17	0
Adžamovci	45.24778	17.465	02	446
Adžije	44.54806	15.39167	08	0
Agbabe	44.7675	15.48889	08	0
Agbabe	44.89222	15.39444	08	0
Ajduci	43.23694	17.28	15	0
Ajduković Brdo	44.53972	15.93333	08	0
Ajdukovići	44.505	15.77556	08	0
Ajđerovac	44.36278	16.09222	19	0
Akmadžići	43.30472	17.30528	15	0
Akrap	43.57222	16.68417	15	0
Akrap	43.65528	16.89944	15	0
Alaginci	45.3625	17.70583	11	170
Alan	44.75444	15.4225	08	0
Alan	45.07279	14.93111	08	11
Alavanja	44.04917	15.60333	19	0
Alavanja	44.1	15.71528	19	0
Aleksandrovac Požeški	45.41361	17.63	11	103
Aleksinica	44.63972	15.25083	08	105
Aleksići	43.11917	17.33361	15	0
Aleksići	44.33278	15.94806	19	0
Alerići	43.30389	17.24417	15	0
Alerići	43.36417	17.2625	15	0
Alilovci	45.39667	17.70361	11	318
Alivojvodići	44.67583	15.44528	08	0
Alić	44.18889	15.39861	19	0
Aljmaš	45.52889	18.95056	10	481
Amižići	43.52556	16.57028	15	0
Andigola	45.672	16.62413	01	12
Andraševec	45.9879	15.94331	07	838
Andrijaševci	45.22472	18.73806	18	1749
Andrijevac	45.51105	18.26875	10	88
Andrilovec	45.80487	16.29152	20	284
Anita	45.14389	13.59667	04	0
Anić	44.17194	15.61306	19	0
Anića Glavica	44.06583	16.22	13	0
Anići	44.82194	15.04722	08	0
Antenal	45.31556	13.58972	04	129
Antin	45.38167	18.75111	18	602
Antinovica	44.69028	15.23167	08	0
Antići	44.95944	15.32028	08	0
Antolovec	46.26917	16.77167	06	52
Antonci	45.23889	13.64333	04	230
Antonci	45.36691	13.78714	04	49
Antovo	45.21667	14.71667	12	0
Antunovac	45.49083	18.675	10	2036
Antunovac	45.49139	16.98917	11	307
Ančići	43.56528	16.90028	15	0
Anđelići	43.13583	17.50444	03	0
Anžići	45.25691	13.77394	04	52
Apatija	43.5	16.1	15	0
Apatija	46.25611	16.67056	16	230
Apatovec	46.14556	16.57417	06	287
Apševci	45.07222	19.07278	18	203
Arambašići	43.29306	17.26944	15	0
Arapov Dol	44.90528	15.67861	08	0
Arapovac	45.09861	15.65889	05	1
Arapovac	45.25639	17.55139	02	0
Aračići	43.46194	17.24528	15	0
Arbanasi	42.54083	18.37306	03	0
Arbanasi	44.1	15.25	19	0
Arbanasi	44.13528	15.51139	19	0
Arbanija	43.51364	16.30011	15	349
Arbutine	45.15667	16.34472	14	0
Arbutine Vrpoljske	45.10194	16.31722	14	0
Arduševac	45.31306	18.51472	10	0
Artatore	44.5758	14.40753	12	0
Arule	44.08833	16.21583	13	0
Aržano	43.57946	17.00083	15	392
Asanovac	44.35528	15.38167	19	0
Auguštanovec	45.47572	15.93893	20	101
Ašikovci	45.32528	17.835	11	67
Babac	43.95987	15.40244	19	4
Babajići	43.45	16.85	15	0
Babani	43.37889	17.10056	15	0
Babici	44.86917	14.97833	08	0
Babin Kraj	44.47639	16.04611	08	0
Babina	42.96778	16.93167	03	0
Babina Greda	45.11722	18.53694	18	2762
Babina Rijeka	45.2578	16.44711	14	90
Babinac	45.82919	17.04422	01	219
Babinac Ivanski	45.74952	16.81213	01	118
Babindub	44.09361	15.31556	19	31
Babinec	46.37259	16.10855	16	514
Babino Polje	42.73538	17.55068	03	262
Babića Most	44.94583	15.15611	08	0
Babići	43.39111	17.22917	15	0
Babići	43.54778	16.78667	15	0
Babići	43.5625	16.7625	15	0
Babići	43.65222	16.90472	15	0
Babići	43.79417	16.53889	15	0
Babići	44.05472	16.02833	13	0
Babići	44.16889	15.84528	19	0
Babići	44.2775	16.18889	19	0
Babići	44.44833	16.05306	08	0
Babići	45.19083	15.63083	05	0
Babići	45.30833	13.69556	04	76
Babići	45.39143	13.55822	04	473
Babjak	45.50417	18.29	10	0
Babotok	46.01543	16.88853	01	78
Babudri	45.27335	13.72758	04	5
Babulj	44.52583	15.45139	08	0
Badanj	43.86477	16.17997	13	233
Baderna	45.21333	13.75028	04	316
Badličan	46.42437	16.28826	09	90
Badljevina	45.51167	17.19278	11	597
Badovinci	45.71667	15.36667	05	23
Badžinovac	44.17056	15.74167	19	0
Badžula	42.965	17.61111	03	56
Bagalovići	43.03333	17.6	03	0
Bair	45.37861	17.03028	14	5
Baići	45.52336	15.37499	05	3
Bajagić	43.75667	16.66667	15	496
Bajića Glavica	43.61583	16.68694	15	0
Bajići	43.50417	16.93917	15	0
Bajići	44.01889	16.23861	13	0
Bajići	44.46639	15.95583	19	0
Bajići	45.22389	15.72639	05	0
Bajiči	45.06861	15.47583	05	0
Bajkini	45.33608	13.73547	04	37
Bajlo	43.58556	16.95056	15	0
Bajnice	43.47083	16.57889	15	0
Bajto	43.24167	17.26528	15	0
Bajčići	45.07588	14.503	12	123
Bakar	45.30861	14.53028	12	1187
Bakarac	45.27957	14.58242	12	287
Baketići	44.6425	15.38528	08	0
Baketići	44.71056	15.4375	08	0
Bakić	45.74111	17.68694	17	428
Bakići	42.54667	18.28583	03	0
Bakići	45.24278	15.86722	14	0
Bakovac	44.68472	15.12528	08	0
Bakovac	44.70972	15.25111	08	0
Bakovac Kosinjski	44.71139	15.20917	08	69
Bakovići	43.75444	16.66944	15	0
Bakovčica	46.11944	16.86083	06	295
Bakrač	44.50333	16.09083	08	0
Balajić Marmun	43.74472	16.6875	15	0
Balanovići	42.86861	17.53889	03	0
Balać	44.09944	15.92278	13	0
Balaćeva Lisina	44.61667	15.98167	08	0
Baldasan	42.9	17.54361	03	0
Baldaši	45.31524	13.71579	04	36
Bale	45.04056	13.78361	04	973
Balena Plana	44.35278	15.66806	08	0
Balenija	44.63611	15.315	08	0
Balenska Draga	44.72	14.91833	08	0
Baleta	42.89417	17.815	03	0
Baletine	42.605	18.28444	03	0
Baletići	43.25833	17.27167	15	0
Balinac	45.29904	16.05523	14	45
Balinci	45.61389	17.7475	17	52
Balići	43.57667	16.57167	15	0
Balići	45.12755	13.98804	04	64
Balja	45.22111	16.01417	14	0
Baljci	43.82667	16.31167	13	8
Baljevac	44.89611	15.35361	08	0
Baljkuša	44.73472	15.61278	08	0
Balte	43.575	16.88528	15	0
Bande	45.17222	15.64722	05	0
Bande	45.17833	15.62583	05	0
Bande	45.21222	15.60306	05	0
Bandino Selo	45.21699	15.58424	05	1
Bandića	43.86917	16.59528	15	0
Bandići	43.83611	16.57139	15	0
Bandići	44.38861	15.8375	19	0
Bandove	43.60389	16.80861	15	0
Bandovi	43.63333	16.9	15	0
Banfi	46.51028	16.28111	09	209
Bangurina	45.86083	16.55583	20	0
Bani	42.50833	18.43222	03	0
Bani	43.56972	16.74528	15	0
Bani	43.71278	16.5875	15	0
Banić	44.14	15.4	19	0
Banići	42.79833	17.8575	03	124
Banići	43.69	16.72361	15	0
Baničevac	45.33554	17.46704	02	152
Baničevec Rakovečki	45.9227	16.28511	20	171
Banj	43.58444	16.56694	15	0
Banj	44.00111	15.29444	19	173
Banja	42.77639	17.88667	03	173
Banja	43.04861	17.50861	03	153
Banja	43.21972	17.38111	15	209
Banjanci	45.22944	16.21028	14	0
Banjani	44.58056	15.75111	08	0
Banjani	44.87833	15.13167	08	0
Banjani	44.88861	15.31972	08	0
Banjanin	44.60333	15.77167	08	0
Banje Selo	45.85324	16.24889	20	110
Banjeglavi	44.68056	15.63222	08	0
Banjevacki Stanovi	43.8625	15.65444	13	0
Banjevci	43.89139	15.66472	19	401
Banjlovec	46.07611	16.04917	07	0
Banjol	44.75372	14.77378	12	1708
Banjole	44.825	13.86611	04	958
Banjsko Selo	45.4191	15.54183	05	144
Banki	45.21014	13.76573	04	16
Bankovci	45.56667	17.96667	17	113
Bankovci Požeški	45.38667	17.63278	11	93
Banova Jaruga	45.44122	16.89494	14	605
Banovci	45.08222	17.83806	02	340
Banovci	45.18528	19.06528	18	256
Banovci	45.35222	18.64	10	0
Banovina	45.28444	14.72361	12	0
Banovići	43.77167	16.60889	15	0
Banovo	45.91326	16.43296	20	118
Banska Gorica	46.10608	15.76238	07	26
Banska Selnica	45.5047	15.72887	05	63
Banski Kovačevac	45.5	15.78333	05	83
Banski Moravci	45.46335	15.75811	05	37
Banščica	46.00161	16.02056	07	172
Bapska	45.1975	19.26	18	658
Bapča	45.74378	16.10148	20	109
Bara	43.07139	17.41917	03	0
Bara	44.98722	18.92139	18	0
Baraba	44.15306	15.54111	19	0
Baranjsko Petrovo Selo	45.75556	18.47028	10	434
Baranovac	43.13389	17.38667	03	0
Barat	45.15139	13.81639	04	48
Baratto	45.26472	13.72694	04	21
Baraći	42.87556	17.53	03	0
Baraći	43.72667	16.59056	15	0
Baraći	43.73833	16.54472	15	0
Baraći	44.25556	15.37694	19	0
Barači	43.74806	16.67389	15	0
Barban	45.06444	14.01361	04	218
Barbariga	44.99121	13.75351	04	0
Barbarići Kravarski	45.60245	16.08261	20	209
Barbat	44.73658	14.80091	12	1140
Barbijerići	42.78889	17.88833	03	0
Barbiri	43.15722	17.415	15	0
Barbiri	43.18111	17.4125	15	0
Barbići	45.08694	14.05306	04	55
Barci	45.18306	14.7325	12	0
Bare	42.52083	18.4025	03	0
Bare	45.53083	18.55972	10	0
Baredine	45.37639	13.66195	04	62
Baredine	45.43091	13.91945	04	35
Baren	43.63083	16.76083	15	0
Baretići	45.21667	14.71667	12	0
Barica	45.51472	17.27003	01	43
Barilović	45.38333	15.55	05	295
Barić Draga	44.37861	15.26861	08	72
Barić Selo	45.09	15.68972	05	0
Barići	43.35333	17.18639	15	0
Barići	45.13944	15.595	05	0
Barići	45.28657	13.76326	04	27
Baričević	44.13778	15.26361	19	0
Baričevići	44.62222	15.27278	08	0
Barlabaševec	46.07883	16.40973	06	13
Barlete	44.53611	15.47222	08	21
Barnjača	45.12694	16.14139	14	0
Barotul	43.94218	15.36864	19	83
Barovka	45.68102	15.46341	20	6
Bartići	45.05249	14.10873	04	62
Bartolići	45.35649	13.87715	04	95
Bartolovci	45.18278	17.93083	02	637
Bartolovec	46.29806	16.44111	16	653
Bartulci	44.84722	15.18472	08	0
Barutana	43.50722	16.51472	15	0
Barušić	45.10278	14.53739	12	33
Barušići	45.34583	13.91861	04	90
Basara	44.64028	16.03806	08	0
Basara	45.03194	15.75361	05	3
Basara	45.21528	15.76167	05	0
Basare	45.23139	15.77917	05	0
Basarića Draga	44.54111	15.46306	08	0
Basarići	44.50111	15.55889	08	0
Basarići	44.54722	15.48972	08	0
Basići	43.57528	16.52194	15	0
Bast	43.35558	16.98529	15	134
Basta	44.49167	15.72083	08	0
Bastaško Selo	44.75111	15.21639	08	0
Baste	44.50694	15.67806	08	0
Batajne	44.90528	14.41778	12	0
Batakovina	42.66833	18.08694	03	0
Batalaža	44.13806	15.09583	19	0
Batalaži	44.24694	15.15583	19	0
Batalići	43.52056	17.01361	15	0
Batalovka	45.32694	17.01972	14	0
Batarali	43.61972	16.63111	15	0
Batarelo	43.72028	16.58833	15	0
Batarelo	43.72417	16.60722	15	0
Bater	45.15054	14.84995	12	93
Batina	45.47222	16.81778	14	180
Batina	45.84611	18.85	10	594
Batinići	43.52194	17.03667	15	0
Batinjani Pakrački	45.47069	17.15062	11	44
Batinjani Podborski	45.61667	17.25	01	193
Batinjska Rijeka	45.61358	17.27114	01	29
Batinova Kosa	45.34292	15.97275	14	31
Batinovac	44.50389	15.30917	08	0
Batinovica	44.91944	14.99194	08	0
Batinska	46.03106	17.18124	06	69
Batlan	43.70056	16.73583	15	0
Batlug	45.16056	13.97361	04	119
Batomalj	44.97294	14.72795	12	127
Batori	44.14222	15.5875	19	0
Batović	44.07889	15.39111	19	0
Batović	44.08	15.49389	19	0
Batrina	45.18944	17.66639	02	861
Baturi	45.37984	15.9895	14	0
Batva	43.23667	17.13083	15	0
Bautovići	42.85944	17.59083	03	0
Bazgalji	45.19693	13.94204	04	230
Bazići	43.67	16.75806	15	0
Bazli	45.61931	14.57958	12	4
Baćin	45.20556	16.74722	14	146
Baćin-Dol	45.30917	17.43278	02	302
Baćina	43.08111	17.38694	03	513
Baćinac	44.57806	15.32694	08	0
Bačev Do	42.51333	18.37333	03	0
Bačevac	45.86158	17.47857	17	285
Bačić Duliba	44.57861	15.10806	08	0
Bačkovica	45.84272	17.1023	01	27
Bačun	45.86667	16	21	0
Bačva	42.92362	17.04404	03	0
Bačva	45.2514	13.7151	04	16
Bačvica	44.64556	14.9425	08	0
Bađinec	45.81265	16.56077	20	135
Bašanija	45.48632	13.4979	04	193
Bašarinka	45.26683	13.62327	04	106
Baše	44.00972	16.28333	13	0
Bašelovići	43.64083	15.9625	13	0
Bašini	43.5275	16.50222	15	0
Bašić	44.17639	15.61028	19	0
Bašić Poljana	44.70833	15.47694	08	0
Bašići	43.50111	16.6425	15	0
Bašići	43.55556	16.76944	15	0
Bašići	43.61333	16.71361	15	0
Bašići	43.66806	16.90306	15	0
Bašići	45.07361	16.26639	14	0
Bašići	45.21389	13.80056	04	0
Bašići	45.29639	13.96417	04	0
Baška	44.97028	14.75333	12	899
Baška Voda	43.35694	16.95028	15	1766
Baške Oštarije	44.52641	15.17408	08	28
Baškoti	45.30219	13.72589	04	51
Bašte	45.22944	15.92944	14	0
Baštijani	45.38612	14.43397	12	14
Beare	43.73167	16.54	15	0
Bebići	43.105	17.56611	03	0
Bebrina	45.09833	17.83417	02	372
Bedekovčina	46.04111	15.99639	07	3119
Bedenec	46.24028	16.07194	16	600
Bedenica	46.03333	16.24278	20	483
Bedenik	45.82748	17.00913	01	359
Bedenička	45.86048	17.09607	01	13
Beder	45.81254	15.61041	20	68
Bednja	46.23056	15.98278	16	596
Bednjica	46.28733	15.97745	16	171
Begi	45.17046	13.70442	04	31
Begluci	44.40442	16.13358	19	59
Begonići	44.25611	15.14083	19	0
Begonje	43.80694	16.17472	13	0
Begovac Plaščanski	45.01667	15.41667	05	34
Begovača	45.66999	16.86315	01	31
Begove Drage	43.76583	16.72389	15	0
Begović	44.50417	15.38083	08	0
Begovići	45.3	16.33333	14	53
Begovo Brdo	45.17694	15.69333	05	0
Begovo Brdo Žumberačko	45.69254	15.47884	20	8
Begovo Razdolje	45.30452	14.90415	12	36
Bekavci	43.52889	17.04972	15	0
Beke	45.14417	16.22639	14	0
Beketinci	45.45528	18.4775	10	505
Beketinec	46.015	16.43556	06	31
Bektež	45.39806	17.92583	11	296
Bela	46.20749	16.25504	16	54
Bela Vodica	45.41876	14.6916	12	28
Belaići	43.29667	17.19389	15	0
Belaj	45.2709	14.10217	04	12
Belaj	45.42518	15.5492	05	150
Belajska Vinica	45.43498	15.52748	05	163
Belajske Poljice	45.43792	15.55251	05	566
Belajski Malinci	45.42578	15.54239	05	41
Belandžić	43.82306	16.50972	15	0
Belanovo Selo	46.18775	16.65598	06	37
Belavići	45.00149	14.00312	04	22
Belavići	45.42152	15.4771	05	274
Belaši	44.78861	15.35083	08	0
Belec	46.13639	16.125	07	316
Belej	44.77917	14.4225	12	40
Beletinec	46.21898	16.30783	16	865
Beletićev Breg	45.34	13.85444	04	0
Belgrad	45.21667	14.73333	12	0
Beli	45.11056	14.35472	12	54
Beli Manastir	45.77	18.60361	10	6327
Belica	46.40417	16.51833	09	2038
Belinovača	43.56722	16.52833	15	0
Belinsko Selo	45.59305	15.44069	05	2
Belišće	45.68028	18.40583	10	5354
Beljevina	45.56444	18.01389	10	595
Belo	45.47379	14.89435	12	6
Belo Selo	45.32917	14.73944	12	66
Beloslavec	46.0341	16.22084	20	218
Belovar	45.88344	16.17548	21	354
Belovar Zlatarski	46.11031	15.99263	07	98
Belošići	45.68094	15.40743	05	23
Belski Ravan	45.46697	14.90281	12	0
Belčići	45.70032	15.58773	20	70
Benažići	45.18028	14.04889	04	0
Bencani	45.36917	13.83556	04	5
Bencetići	45.56667	15.58333	05	0
Beničanci	45.63861	18.17667	10	395
Benkovac	44.03444	15.61278	19	2484
Benkovac Fužinski	45.30639	14.6775	12	40
Benkovac Okučanski	45.30833	17.20306	02	78
Benkovačko Selo	44.04282	15.61912	19	619
Benkovec	46.21824	15.9929	16	187
Benkovec Petrovski	46.17147	15.8364	07	116
Benkovo	46.13487	15.80492	07	303
Benzani	45.28303	13.73877	04	18
Benčići	45.11278	13.96028	04	112
Berak	45.23167	19.00278	18	277
Beram	45.25167	13.89972	04	222
Berava	45.13222	18.67472	18	0
Beravci	45.15139	18.43028	02	611
Berek	45.73833	16.83028	01	395
Beretin Miolović	44.22583	15.38972	19	0
Beretinec	46.25	16.3	16	988
Berinovač	43.43389	17.10028	15	0
Berislavec	45.97078	16.26569	20	39
Bertelovci	45.36389	17.75111	11	139
Bertoši	45.21858	13.93235	04	392
Bestovje	45.80833	15.81667	20	2236
Bestrma	45.39	16.44222	14	71
Beter	45.73333	15.71667	20	163
Betiga	44.99766	13.75332	04	0
Betina	43.824	15.60479	13	718
Beusi	43.23639	17.28861	15	0
Bezboge	42.44056	18.48111	03	0
Bezdan	45.62583	18.61639	10	0
Bezeri	43.05194	17.59639	03	0
Bezgova Greda	45.45556	16.85639	14	0
Bezina	43.61306	16.50333	15	0
Bezjaki	45.36667	14.38639	12	0
Bezovina	46.05361	15.79083	07	80
Bezunje	42.89889	17.58611	03	0
Beč	45.41998	15.34807	05	7
Bečić	45.19194	17.7075	02	95
Bešinci	45.44444	17.75639	11	50
Beširi	44.62722	15.94278	08	0
Bešići	44.59583	15.36194	08	0
Bešlinac	45.12278	16.25583	14	0
Bešlinec	45.76306	16.45056	20	376
Bibali	45.41444	13.68694	04	105
Bibinje	44.07288	15.28396	19	3962
Bibići	45.06306	13.88333	04	139
Bicko Selo	45.16694	18.19139	02	432
Bidrovec	45.88889	16.02417	21	0
Bige	44.85194	15.48806	08	0
Bigina Poljana	44.88556	15.58972	08	0
Bijader	43.545	16.95972	15	0
Bijanko	44.16306	15.86583	19	0
Bijanko	44.22889	15.90167	19	0
Bijela	45.55649	17.2966	01	27
Bijela Gorica	45.92435	15.71629	20	146
Bijela Loza	45.47806	18.27028	10	123
Bijela Stijena	45.34334	17.19292	02	7
Bijelci	45.04694	15.73889	05	0
Bijele Klade	45.45694	18.51417	10	0
Bijele Vode	45.28333	16.2	14	33
Bijele Zemlje	45.36611	13.71278	04	70
Bijeli Klanac	45.30374	15.59838	05	3
Bijeli Vir	43.01139	17.65472	03	211
Bijelići	42.5775	18.26528	03	0
Bijelići	44.16361	16.27194	13	0
Bijeljevina Orahovička	45.56667	17.9	17	11
Bijelnik	45.35	16.38333	14	34
Bijelo Brdo	44.4775	16.10778	08	0
Bijelo Brdo	45.51722	18.87083	10	1517
Bijenik	45.83333	15.93333	21	0
Bikovec	46.28186	16.1999	16	200
Bila Vlaka	43.92	15.71472	19	156
Bilaj	44.51861	15.43611	08	143
Bilajsko	44.48917	15.38639	08	0
Bile	45.06472	14.89444	12	7
Bileni	44.68861	14.95722	08	0
Bili Brig	43.76556	16.73389	15	0
Bili Brig	45.21056	17.61472	02	217
Bilice	43.78869	15.87473	13	2546
Bilice	45.23667	17.84111	11	150
Bilin	43.79722	16.71306	15	0
Bilića Gradina	43.53556	17.03972	15	0
Bilića Selo	44.92556	15.35583	08	0
Bilići	43.23333	17.40333	15	0
Bilići	43.3675	17.26806	15	0
Bilišane	44.17318	15.76215	19	136
Bilišane Donje	44.2	15.75	19	0
Bilje	45.60694	18.74389	10	3163
Biljevec	46.28844	16.19458	16	219
Biljevina	45.45506	14.71622	12	3
Biljevine	44.90809	14.94982	08	42
Bilo	43.62689	15.92017	13	0
Bilo Cetinsko	45.13139	15.70361	05	11
Bilokapići	43.67056	16.73583	15	0
Bilopavlovići	43.42583	17.26417	15	0
Bilopolje	44.89611	14.93222	08	0
Biloši	43.40528	17.14972	15	0
Biluća	44.83667	14.88833	08	0
Bilušić	43.785	16.71167	15	0
Biograd na Moru	43.94333	15.45194	19	5601
Biokovsko Selo	43.36103	17.12328	15	41
Biorine	43.55306	16.82917	15	152
Biovičino Selo	44.05594	15.92475	13	133
Biočić	43.9	16.23333	13	78
Birači	45.24333	16.22944	14	0
Birovača	44.55	15.96667	08	77
Birovača	44.58992	15.96042	08	67
Bisag	46.03472	16.29806	16	135
Bisko	43.58028	16.68194	15	351
Biskupija	44.01139	16.23722	13	266
Bistrač	45.385	16.6325	14	36
Bistrica	45.74013	17.60908	17	118
Bistrinci	45.69167	18.39861	10	1301
Bitange	43.37556	17.23444	15	0
Bitorajci	45.41228	15.29717	05	10
Bitunjac	43.68528	16.7725	15	0
Bizikovica	43.88701	15.27718	13	0
Bizovac	45.59278	18.45889	10	1713
Bičine	43.8325	15.90167	13	173
Bičine	43.83333	15.91667	13	0
Bičići	45.02417	13.93139	04	69
Biševo	42.97586	16.0113	15	23
Biškupci	45.43833	17.60889	11	320
Biškupec	46.28861	16.33833	16	0
Biškupec Zelinski	45.96131	16.23324	20	889
Biškupići	44.99667	15.18972	08	0
Bižanj	42.81583	17.71333	03	0
Bjelajci	45.43021	17.36058	11	0
Bjelanovac	45.36304	17.1732	11	4
Bjelina	44.04556	15.8375	19	82
Bjelići	44.18472	16.24806	13	0
Bjelići	45.42806	15.79944	05	0
Bjeliševac	45.38167	17.845	11	80
Bjelje	44.07333	16.20194	13	0
Bjeljevine	44.89222	15.14	08	0
Bjelkovac	45.66402	17.87318	17	37
Bjelobaba	44.47917	15.78639	08	0
Bjelobabe	44.50889	15.78167	08	0
Bjelobabe	44.94861	15.18	08	0
Bjelonovo	42.70722	17.89806	03	0
Bjelopolje	44.69972	15.74833	08	71
Bjelovar	45.89789	16.85071	01	24392
Blaca	43.57413	16.46079	15	3
Blace	43.00111	17.48056	03	273
Blacko	45.31639	17.77444	11	169
Blacko-Jakšić	45.33417	17.75889	11	0
Blagaj	45.21245	15.54108	05	24
Blagdanići	45.26143	13.65137	04	22
Blagorodovac	45.5525	17.03528	01	155
Blaguša	45.92668	16.13119	21	524
Blainica	45.51556	15.72444	05	0
Blanje	45.71722	18.08139	10	34
Blanka	45.19	15.285	05	0
Blanuše	44.34111	15.96944	19	0
Blanuše	45.08389	15.72861	05	0
Blata	45.03222	15.39722	05	28
Blatna Vas	45.37789	14.02456	04	11
Blatnica	45.82988	16.73741	01	89
Blatnica Pokupska	45.51353	15.72568	05	32
Blatnice	43.12083	17.31889	15	0
Blato	42.6225	18.17833	03	0
Blato	42.7625	17.48222	03	31
Blato	42.94083	16.79167	03	3282
Blato	43.17028	17.19167	15	0
Blato	45.76583	15.92333	21	0
Blato na Cetini	43.48197	16.84351	15	462
Blatuša	45.31634	15.85863	14	138
Blaškovec	45.91161	16.18894	20	559
Blaškovići	45.18194	14.12787	04	207
Blažani	44.98806	15.10611	08	0
Blaževci	45.48415	15.0723	12	34
Blaževdol	45.93333	16.23333	20	374
Blaževića Dol	45.2486	17.58709	02	101
Blaževići	43.3625	17.16833	15	0
Blaževići	43.63028	16.88694	15	0
Blaževići	43.63278	16.56972	15	0
Blaževići	44.58194	15.23333	08	0
Blaževo	42.90917	17.4925	03	0
Blebići	43.51167	16.94667	15	0
Blečići	44.98139	15.22	08	0
Blinja	45.35694	16.37194	14	58
Blinjska Greda	45.39294	16.42738	14	18
Blinjski Kut	45.41237	16.46013	14	194
Blizanci	44.56806	15.01861	08	0
Blizna Donja	43.58421	16.09826	15	217
Blizna Gornja	43.60114	16.10519	15	66
Bljaići	44.01917	15.85556	13	0
Boban	43.59	16.52056	15	0
Boban	43.62056	16.52806	15	0
Bobanci	43.20111	17.2575	15	0
Bobani	43.56833	16.50028	15	0
Bobare	45.34806	17.22952	02	8
Bobere	45.08917	16.33111	14	0
Bobići	44.95917	15.33611	08	0
Bobodol	43.99083	16.10778	13	21
Bobota	45.42111	18.85389	18	1202
Bobovac	45.37333	16.67278	14	248
Bobovec Rozganski	45.94524	15.74934	20	341
Bobovec Tomaševečki	46.04184	15.76437	07	19
Bobovica	45.83047	15.71508	20	258
Bobovište	43.0025	17.66611	03	0
Bobovišća na Moru	43.3545	16.45992	15	49
Bobovišće	43.3442	16.46737	15	15
Bobovje	46.15044	15.86844	07	457
Bocanjevci	45.64111	18.33806	10	342
Bockovci	45.71472	18.09333	10	39
Bodegraj	45.26667	17.18333	02	262
Bodovaljci	45.19833	17.44389	02	410
Bodrožići	43.5525	16.96583	15	0
Bogaljevci	45.5025	19.01583	10	0
Bogatić	43.90819	15.99487	13	71
Bogatić	43.94605	16.01206	13	22
Bogatnik	44.15562	15.82432	19	120
Bogatnik	44.18333	15.81667	19	0
Bogačevo	46.08248	16.42907	06	67
Bogačevo Riječko	46.08495	16.42062	06	53
Bogdani	43.7125	16.64833	15	0
Bogdanić	44.55472	15.31222	08	0
Bogdanići	44.81556	15.34639	08	0
Bogdanovci	45.34083	18.93083	18	614
Bogdanovec	46.42401	16.3135	09	115
Bogdanović	44.14056	15.43167	19	0
Bogdanovići	43.65015	16.26791	15	136
Bogdanovići	44.82194	15.46833	08	0
Bogdašić	45.4675	17.51583	11	0
Bogevići	45.22806	16.16278	14	0
Bogićevići	42.9	17.53556	03	0
Bogomolje	43.13139	16.99639	15	121
Bogovci	45.51792	15.33365	05	1
Bogovići	45.11755	14.5292	12	348
Bogovići	45.1375	15.71028	05	0
Bogovići	45.14194	15.60944	05	0
Bogovići	45.15111	15.71111	05	0
Bogovići	45.21556	15.78417	05	0
Bogovolja	45.07613	15.74255	05	77
Bogunica	44.44167	15.54444	08	0
Bogunovići	45.45444	15.66167	05	0
Bojana	43.52528	16.77639	15	0
Bojana	45.75674	16.68162	01	158
Bojane	43.9675	16.36528	13	0
Bojanici	45.21361	15.50167	05	0
Bojačno	46.16392	15.61746	07	6
Bojić	43.60139	16.62528	15	0
Bojići	45.13694	16.08444	14	0
Bojna	45.19944	16.04028	14	8
Bojnikovec	45.99531	16.49527	06	194
Bok Palanječki	45.5102	16.4086	14	124
Bokane	45.62028	17.66979	17	135
Bokani	44.35889	16.18139	19	0
Bokanjac	44.145	15.24667	19	0
Bokići	45.28284	13.7141	04	17
Boko	43.71861	16.64361	15	0
Bokordići	45.06194	13.91194	04	76
Bokšić	45.21278	19.07278	18	83
Bokšić	45.58806	18.03167	10	340
Bokšić Lug	45.62	18.06028	10	209
Bokšići	43.26083	17.26806	15	0
Bol	43.26194	16.655	15	1656
Bolević	44.00333	15.6425	19	0
Bolfan	46.21667	16.68333	16	362
Boljara	45.65306	18.00583	17	0
Boljenovići	42.84806	17.62472	03	85
Boljevići	45.1664	14.1103	04	109
Boljun	45.30268	14.12118	04	64
Boljunsko Polje	45.29912	14.1358	04	143
Bolman	45.72111	18.51694	10	368
Bolomače	45.34556	17.52472	11	15
Bolč	45.87973	16.6769	20	368
Bonaci	45.21222	13.7225	04	130
Bonaparte	44.61556	14.82472	08	0
Boraja	43.63003	16.08141	13	221
Borak	43.437	16.70882	15	199
Borenec	46.04417	16.29986	16	98
Borik	44.98611	15.46278	05	0
Borik	45.62832	17.81663	17	175
Borinci	45.30778	18.76694	18	0
Borinići	45.02833	13.98028	04	5
Borića Selište	44.855	15.51278	08	0
Borićevački Stanovi	44.58611	15.9775	08	0
Borići	44.85	15.50167	08	0
Boričevac	44.53333	16.02528	08	13
Boričevci	45.36028	17.54333	11	91
Boričevec Toplički	46.19498	16.41363	16	36
Boriš	45.64642	17.12292	01	6
Borje	42.9575	17.26139	03	0
Borje	46.12245	16.44637	06	102
Borkovec	46.10475	16.08952	07	205
Borkovići	43.71556	16.60417	15	0
Borkovići	43.83083	16.50139	15	0
Borkovići	43.86028	16.52556	15	0
Borojevci	45.28528	18.10583	10	0
Borojevići	45.04417	16.20167	14	119
Borojevići	45.04861	16.22972	14	0
Borojevići	45.06778	16.26833	14	0
Borojevići	45.29567	16.40951	14	68
Borova	45.78611	17.46167	17	570
Borova Kosa	45.64801	17.25186	01	53
Borovac	45.28917	17.1475	14	176
Borovci	43.09917	17.53583	03	30
Borovci	43.50139	16.83056	15	0
Borovci	44.87167	15.33972	08	0
Borovik	43.03379	16.13114	15	7
Borovik	45.39507	18.19716	10	1
Borovita	45.26545	16.03795	14	5
Borovići	44.1075	16.21417	13	0
Borovići	44.62472	14.81139	08	0
Borovljani	46.10736	16.89046	06	187
Borovo	45.40528	18.97583	18	3555
Borut	45.30694	14.05278	04	180
Borčići	44.86806	15.36444	08	0
Bosana	44.46636	15.01625	19	29
Bosanci	45.44406	15.26449	05	42
Bosanka	42.64583	18.12583	03	169
Bosančići	43.585	16.57806	15	0
Bosiljevo	45.41343	15.28775	05	44
Bosiljevo Česmansko	45.74222	16.57389	01	214
Bosna	46.04	16.23917	20	89
Bosnići	44.00278	16.31167	13	0
Bote	43.5825	16.89083	15	0
Botice	43.6625	16.80972	15	0
Botinac	45.99794	16.86322	01	88
Botinec	45.74613	15.93364	21	4
Botinovec	46.21083	16.77306	06	163
Botić	43.61778	16.63556	15	0
Botići	43.61139	16.64889	15	0
Botičin Dol	43.68028	16.87528	15	0
Botovo	46.21934	16.91923	06	232
Bović	45.40182	15.92846	14	59
Bočadir	46.0698	16.16262	07	142
Bočaki	46.05157	16.16366	07	183
Bočkinci	45.71222	18.26833	10	173
Bočkovec	46.0799	16.49321	06	253
Boševci	45.61578	15.4469	05	62
Boškari	45.03694	13.89278	04	39
Bošnjaci	43.76806	16.61806	15	0
Bošnjaci	45.05028	18.75556	18	2868
Bošnjaci	45.23944	15.68833	05	0
Bošnjaci	45.39722	17.95194	11	0
Bošt	45.40734	15.50011	05	47
Božava	44.14111	14.90417	19	118
Boždarić	44.15889	15.52944	19	0
Božinovići	43.75861	16.61333	15	0
Božić	44.24611	15.57056	19	0
Božić	45.20028	13.60556	04	0
Božić Brdo	45.07083	15.70139	05	0
Božići	44.88583	15.33306	08	0
Božići	45.08278	15.70139	05	0
Božići	45.14306	16.13306	14	0
Božićkovići	44.77556	15.4975	08	0
Božičković Draga	44.89944	15.31611	08	0
Božjakovina	45.81708	16.28654	20	144
Bradarići	43.53917	16.75056	15	0
Bradarići	43.56139	16.65639	15	0
Bradarići	43.59306	16.93528	15	0
Brajakovo Brdo	45.51667	15.43333	05	114
Brajdići	44.98528	15.64028	05	80
Brajdići	45.02306	15.63472	05	0
Brajinovići	45.17722	16.43444	14	0
Brajkovići	42.53083	18.39306	03	0
Brajkovići	44.7925	15.33556	08	0
Brajkovići	44.82694	15.34333	08	0
Brajkovići	45.11	13.76361	04	92
Brajkovići	45.25778	13.85944	04	340
Brajnovići	44.15333	15.71139	19	0
Brakusi	44.86167	15.35472	08	0
Brakusova Draga	44.845	15.37944	08	0
Brakusova Čelina	44.85361	15.37694	08	0
Bralići	43.62917	16.60944	15	0
Bralići	43.66028	16.59083	15	0
Bralići	45.16753	13.6906	04	23
Braluša	43.74278	16.79083	15	0
Brana	43.54611	16.73833	15	0
Branešci	45.4825	17.34861	11	32
Branilovići	42.86833	17.78556	03	0
Branimirovac	45.50406	18.29112	10	85
Branjin Vrh	45.79611	18.61	10	764
Branjina	45.82694	18.6925	10	223
Braovići	43.52583	16.67917	15	0
Braslovje	45.76402	15.65919	20	302
Bratelji	45.7936	15.50498	20	11
Bratina	45.62139	15.82722	20	677
Bratinja Luka	42.91626	17.07907	03	0
Bratitovo	42.63972	18.14361	03	0
Bratiškovici	43.89167	15.905	13	233
Bratkovec	46.14255	15.60115	07	40
Bratovanci	45.63297	15.42825	05	44
Bratovići	45.2196	13.75207	04	15
Bratovski Vrh	46.01013	15.7332	07	30
Bratulići	45.00249	13.9899	04	40
Bratuljevci	45.40861	17.55861	11	13
Bratus	43.3291	16.97815	15	0
Bravarica	44.21639	15.69361	19	0
Bravići	43.60111	16.90472	15	0
Bravići	43.61	16.73667	15	0
Bravčev Dolac	43.89028	16.56972	15	0
Bračak	46.01706	15.93731	07	18
Bračevci	45.42972	18.2825	10	149
Bračević	43.74016	16.40147	15	139
Bračulji	43.80944	16.65139	15	0
Brašina	42.62667	18.19833	03	793
Brašljevica	45.68372	15.35624	05	26
Brbinj	44.0725	15	19	70
Brcković Draga	45.41795	15.3968	05	26
Brckovljani	45.83333	16.3	20	1368
Brdari	43.55333	16.9575	15	0
Brdašce	45.415	16.87833	14	0
Brdce	45.49529	14.23549	12	68
Brdo	42.72667	17.86694	03	0
Brdo	44.53278	15.45333	08	0
Brdo	45.19583	16.10944	14	0
Brdo	45.23444	14.11806	04	0
Brdo	45.35928	15.75946	05	41
Brdo	45.44722	13.76111	04	13
Brdo Cirkvensko	45.96033	16.65826	06	127
Brdo Dragaševo	44.67639	15.64667	08	0
Brdo Jesenjsko	46.2007	15.93078	07	138
Brdo Orehovečko	46.0618	16.49458	06	42
Brdo Paunovo	44.57056	15.62639	08	0
Brdo Vejnoviča	44.59917	15.65917	08	0
Brdoti	44.99889	15.305	08	0
Brdovec	45.86666	15.77102	20	2848
Brebernica	45.66763	15.89121	21	44
Brebornica	45.30075	15.60533	05	36
Brebrovac	45.67819	15.55036	20	70
Breg	44.68972	15.73611	08	0
Breg	45.06114	14.08071	04	46
Breg Mokrički	45.95812	16.26266	20	46
Bregana	45.84013	15.68792	20	2198
Bregana Pisarovinska	45.62265	15.86649	20	216
Breganica	45.79548	15.61749	20	59
Bregi	45.34909	14.2982	12	682
Bregi Kostelski	46.2	15.75	07	224
Bregi Radobojski	46.13785	15.90916	07	357
Bregi Zabočki Donji	46.04008	15.90039	07	81
Bregovljana	45.92072	15.79016	20	139
Brekinska	45.50071	17.06445	11	107
Brela	43.36889	16.93417	15	1472
Bresnica Požeška	45.27833	17.78444	11	175
Brest	45.3325	14.155	04	47
Brest	45.45389	14.00639	04	31
Brest Pokupski	45.45472	16.26056	14	292
Brestača	45.35639	16.95861	14	809
Brestica	42.94722	17.62722	03	0
Brestik	45.22556	16.19194	14	43
Brestova Draga	45.32056	14.79444	12	47
Brestovac	45.33056	17.59694	11	597
Brestovac Daruvarski	45.61778	17.12556	01	546
Brestovačka Brda	45.60274	17.11843	01	22
Brestovec	46.07973	15.9847	07	305
Brevozo Polje	44.59889	15.31	08	0
Breza	45.42111	14.34389	12	53
Breza	45.86667	16.71667	01	135
Brezakovec	46.10194	15.64979	07	66
Brezani	45.91667	16.33333	20	117
Brezari	45.688	15.58293	20	64
Brezarić	45.64561	15.52378	20	242
Breze	45.18308	14.87125	12	14
Brezik	44.43028	15.50583	08	18
Brezik	45.61944	18.29944	10	0
Brezik	45.67019	17.8009	17	124
Brezik	45.86407	17.40629	17	186
Brezik Našički	45.51278	18.06194	10	336
Brezine	45.45901	17.04971	11	184
Brezine	45.91997	16.66908	20	136
Brezje	45.79182	15.78565	20	1468
Brezje	45.97311	16.00852	07	229
Brezje	46.41617	16.39387	09	678
Brezje Dobransko	45.43725	14.93498	12	2
Brezje Dravsko	46.3753	16.09463	16	203
Brezje Dubravsko	45.8361	16.52515	20	94
Brezje Miholečko	46.05839	16.39097	06	136
Brezje Vivodinsko	45.68529	15.40151	05	6
Breznica	46.07111	16.27111	16	749
Breznica Našička	45.53667	18.20556	10	522
Breznica Ðakovačka	45.33056	18.16611	10	175
Breznik	45.59382	15.42916	05	5
Breznik Plešivički	45.69217	15.68051	20	124
Breznik Žakanjski	45.59185	15.36259	05	10
Breznički Hum	46.10722	16.27667	16	410
Brezno-gora	46.18048	15.65269	07	61
Brezova	46.04755	15.92627	07	300
Brezova Glava	45.37583	15.61972	05	142
Brezova Gora	46.28002	15.91315	16	56
Brezovac	44.9125	15.38444	08	0
Brezovac	45.04694	15.65583	05	8
Brezovac	45.8675	16.84083	01	994
Brezovac Dobroselski	44.44667	16.03528	08	5
Brezovac Subocki	45.38583	17.06333	14	2
Brezovac Žumberački	45.76026	15.54853	20	21
Brezovec	46.01639	16.07028	07	0
Brezovec	46.52278	16.35111	09	174
Brezovec Zelinski	45.90823	16.2645	20	172
Brezovica	45.65779	18.24263	10	36
Brezovica	45.72741	15.91077	21	642
Brezovica Petrovska	46.18763	15.82516	07	88
Brezovica Žumberačka	45.68897	15.29744	05	17
Brezovljani	45.21944	16.49417	14	0
Brezovljani	45.63333	17.88333	17	29
Brezovljani	45.95	16.58333	06	274
Brezovo Polje	45.18278	16.12972	14	18
Brečevići	45.22694	13.81139	04	182
Brečići	43.12583	17.48806	03	0
Brešca	45.40964	14.29411	12	171
Breštane	44.56139	15.6375	08	13
Breštanovci	45.68333	17.98333	17	99
Brežak	44.65111	15.72694	08	0
Brežane Lekeničke	45.58333	16.15	14	260
Brežani	45.47	15.70028	05	107
Brežani	46.05	16.43333	06	16
Brgod	45.04142	14.06632	04	174
Brgud	44.03749	15.74503	19	21
Brgudac	45.38222	14.14722	04	15
Brgujac	43.02919	16.22344	15	0
Brgulje	44.22556	14.8525	19	63
Brhaji	45.26833	13.96333	04	0
Bribir	43.92157	15.84405	13	89
Bribir	45.16111	14.76472	12	1480
Bricin Bunar	45.47444	18.73	10	0
Brig	45.30722	13.77167	04	109
Brihovo	45.60973	15.31755	05	150
Brijeg	42.94861	17.43417	03	0
Brijeg	42.97083	17.50028	03	0
Brijest	45.52056	18.67194	10	1005
Brijesta	42.90611	17.53528	03	165
Briješće	45.52417	18.62722	10	1153
Brikva	43.20917	17.20194	15	0
Brinjani	45.52949	16.8219	14	203
Brinje	45.0025	15.13389	08	1250
Brinjeva Draga	45.59189	14.60904	12	3
Brist	43.11806	17.32472	15	351
Bristivica	43.57859	16.15402	15	275
Bristovac	44.38417	15.30444	19	0
Brič	45.45822	13.75877	04	8
Bričanci	45.09456	13.89156	04	69
Briševo	44.16333	15.305	19	745
Brištane	43.87028	16.0075	13	149
Brkač	45.33056	13.79972	04	223
Brkić	44.01861	15.42722	19	0
Brkići	43.62417	16.58167	15	0
Brkiševina	45.44222	16.09278	14	59
Brkljači	44.26556	15.995	19	0
Brkljači	44.36944	15.84472	19	0
Brkljačić	44.51528	15.30833	08	0
Brkljačići	44.52167	15.27222	08	0
Brlekovo	46.07944	16.14333	07	57
Brlenić	45.63333	15.54083	20	185
Brljevići	43.23333	17.40944	15	0
Brlog	44.93361	15.13611	08	256
Brlog Ozaljski	45.62545	15.40204	05	74
Brlog Placa	44.94306	15.15611	08	0
Brlog Štacija	44.93944	15.12583	08	0
Brloška Dubrava	44.93139	15.18389	08	38
Brloška Kosa	44.95889	15.12778	08	0
Brna	42.90722	16.85917	03	0
Brnasi	43.575	16.7625	15	0
Brnaze	43.68	16.64972	15	3124
Brnelići	45.39499	14.43554	12	78
Brnistrova	42.91083	16.77833	03	0
Brnjavac	45.37445	15.83917	14	49
Brnjeuška	45.34997	16.17496	14	9
Brnjica	43.82083	16.04056	13	57
Brnjići	43.35472	17.14778	15	0
Brnobići	45.29995	13.6851	04	156
Brnobići	45.36289	14.04373	04	61
Broce	42.82056	17.71556	03	90
Brod Moravice	45.46335	14.97126	12	270
Brod na Kupi	45.46097	14.85339	12	156
Brodani	45.47639	15.66306	05	38
Brodarica	43.68	15.91972	13	2611
Brodarica	44.11667	15.23333	19	0
Brodarovec	46.27465	16.14319	16	194
Brodić	46.02145	17.25121	06	63
Brodski Stupnik	45.16778	17.80361	02	1285
Brodski Varoš	45.18111	17.97861	02	1829
Brodski Zdenci	45.26	17.9475	02	271
Brodsko Brdo	45.185	18.00389	02	0
Broskvari	45.30035	13.71859	04	16
Brotnice	42.59444	18.29833	03	29
Brotnja	44.44056	16.12167	19	22
Brovinje	44.98082	14.12161	04	71
Broćanac	45.06457	15.60764	05	25
Bročice	45.3134	16.9544	14	787
Brođanci	45.54417	18.44944	10	454
Brseč	45.17833	14.23556	12	124
Brsečine	42.73062	17.95981	03	84
Brtonigla	45.38139	13.62944	04	705
Brubno	45.20056	16.10639	14	0
Brujići	44.74861	15.25694	08	0
Brusini	44.95667	14.01889	04	0
Brusići	45.06218	14.50677	12	43
Brusje	43.19278	16.49083	15	174
Brusnik	45.44227	17.25531	11	15
Bruvača	44.61889	15.46222	08	0
Bruvno	44.39194	15.93361	19	0
Bruvno	44.40111	15.89583	19	46
Brušane	44.50167	15.26807	08	126
Bruška	44.08166	15.75451	19	105
Brzac	45.07528	14.44972	12	174
Brzaja	45.85	17.16667	01	0
Brčevec	45.8663	16.41239	20	469
Brčino	45.25861	17.89694	02	137
Brčići	43.61972	16.935	15	0
Brčići	43.69389	16.74556	15	0
Brčići	45.24494	13.79388	04	78
Brčići	45.26248	13.66735	04	173
Brđani	45.14028	16.20778	14	0
Brđani	45.16417	16.15444	14	0
Brđani	45.24417	18.10806	02	0
Brđani	45.25444	17.47556	02	202
Brđani	45.25611	17.87917	11	32
Brđani	45.38833	17.56722	11	42
Brđani Bastajski	45.67055	17.35164	01	0
Brđani Cesta	45.37671	16.49485	14	94
Brđani Kosa	45.38267	16.47929	14	69
Brđani Sokolovački	46.06729	16.75359	06	49
Brđani Šamarički	45.18833	16.33528	14	0
Bršadin	45.36278	18.91111	18	931
Brštanovo	43.66667	16.41667	15	265
Bubale	44.62806	15.98194	08	0
Bubani	45.11861	13.74583	04	58
Bubinka	44.64167	15.84806	08	0
Bubni	43.21833	17.41806	15	0
Bubnjarački Brod	45.63123	15.32358	05	117
Bubnjarci	45.64292	15.35514	05	197
Bubonje	44.09417	16.21667	13	0
Bucalovići	45.27226	13.74847	04	1
Budaci	44.55528	15.08528	08	0
Budak	43.91972	15.68111	19	342
Budak	44.58778	15.39472	08	126
Budakovac	45.85	17.63333	17	194
Budalići	43.35472	17.13306	15	0
Budanica	45.75483	17.55066	17	58
Budanovi	44.01889	15.69556	19	0
Budančevica	45.98333	17.15	06	396
Budačka Rijeka	45.29202	15.63751	05	166
Budaševo	45.47472	16.43667	14	1373
Budenec	45.83662	16.17416	21	367
Budim	44.04583	16.31611	13	0
Budim Vivodinski	45.68352	15.42168	05	10
Budimci	45.465	18.32278	10	536
Budimir	43.565	16.8125	15	0
Budimir	43.56946	16.81687	15	69
Budimir Bekan	43.6475	16.66944	15	0
Budimiri	44.25222	16.07333	19	0
Budimlje	45.06694	15.3625	05	0
Budinjak	45.78917	15.49083	20	10
Budinšćina	46.12894	16.20595	07	510
Budinščak	46.31913	16.04063	16	97
Budisavljevići	44.64333	15.72583	08	0
Budislavec	46.2802	16.23572	16	190
Budići	43.57056	16.8075	15	0
Budići	43.79139	16.54139	15	0
Budrovac	45.98603	17.05593	06	277
Budrovac Lukački	45.89202	17.47537	17	103
Budrovački Pisak	45.29111	18.46389	10	0
Budrovci	45.27111	18.44861	10	1107
Budžak	44.57472	15.62278	08	0
Budžak	44.63917	15.28972	08	13
Bugarini	43.64472	16.79333	15	0
Buhača	45.18972	15.77083	05	30
Buinjski Riječani	45.18667	16.40694	14	2
Buići	42.64111	18.19556	03	356
Buići	45.21574	13.66517	04	134
Bujadnice	44.55778	15.93889	08	0
Bujarići	45.24547	13.73218	04	0
Bujavica	45.42778	17.02583	11	22
Buje	45.41	13.66194	04	2087
Bujinja	45.17806	16.42139	14	1
Buk	44.86806	15.1425	08	0
Buk	45.29972	17.86111	11	168
Buk Vlaka	43.00974	17.52512	03	470
Bukarica	44.11389	15.96333	13	0
Bukarica	44.18972	15.36111	19	0
Bukevje	45.71656	16.21357	20	360
Bukevje	45.87195	16.24613	20	84
Buklijaši	43.25194	17.29417	15	0
Bukori	45.32057	13.72325	04	21
Bukov Vrh	45.41694	14.94889	12	27
Bukovac	44.53361	15.78833	08	0
Bukovac	44.65285	15.42813	08	66
Bukovac	44.81861	15.16722	08	0
Bukovac	45.39056	17.53667	11	0
Bukovac	45.40972	18.0375	10	0
Bukovac	45.7128	15.58063	20	74
Bukovac Perjasički	45.24861	15.52833	05	1
Bukovac Podvrški	45.45513	14.9181	12	0
Bukovački Antunovac	45.63333	17.8	17	109
Bukovci	44.40528	15.6325	08	0
Bukovec	46.48187	16.35083	09	168
Bukovec Zelinski	45.91775	16.21756	20	356
Bukovica	45.28525	17.43772	02	130
Bukovica Prekriška	45.67342	15.48116	20	18
Bukovica Utinjska	45.38144	15.68185	05	57
Bukovica Čemernička	45.3618	15.9391	14	0
Buković	44.02519	15.64301	19	0
Buković	44.02638	15.64247	19	421
Bukovje	45.02722	15.11472	08	0
Bukovje Bistransko	45.89099	15.85681	20	370
Bukovje Križevačko	45.99056	16.5675	06	261
Bukovje Netretićko	45.49213	15.46233	05	49
Bukovje Podvrško	45.74491	15.66382	20	25
Bukovlje	45.18528	18.07	02	1733
Bukovsko	45.43888	16.52446	14	76
Bukovčak	45.62604	15.94157	20	61
Bukovčani	45.38333	17.2	11	14
Bukurovići	44.00417	16.22583	13	0
Bukvik-Blatni Lug	45.56667	17.85	17	127
Bulati	43.57861	16.67306	15	0
Bulati	45.21278	16.19361	14	0
Bulati	45.24472	16.12	14	0
Buliga	43.58	16.51472	15	0
Bulinac	45.81583	16.97861	01	314
Bulić	43.97091	15.72172	19	125
Bulići	45.72755	15.30596	05	3
Bulja	43.71361	16.63389	15	0
Buljani	43.22889	17.3975	15	0
Buljani	43.40194	17.17944	15	0
Buljani	43.855	16.63917	15	0
Buljet	44.14889	15.58361	19	0
Bulji	44.42639	15.91778	19	0
Buljmize	44.50833	15.55861	08	0
Buljubašići	43.42556	17.20417	15	0
Bulovići	43.80333	16.65583	15	0
Bulovići	43.83417	16.68694	15	0
Bundalo	44.14389	15.88222	19	0
Bunica	42.69111	18.04833	03	0
Bunica	45.02593	14.88788	08	66
Bunić	44.67237	15.61114	08	96
Bunja	43.51694	16.75333	15	0
Bunjak	45.94492	16.19271	20	123
Bunjani	45.7	16.5	20	581
Bunjevci	45.43415	15.01323	12	28
Burazin Donji	43.51861	16.89139	15	0
Burazin Gornji	43.52139	16.91833	15	0
Burin	42.71389	18.07	03	0
Burić Klanac	44.88	15.18056	08	0
Burić Selo	45.27043	15.64414	05	9
Burići	43.57639	16.53111	15	0
Burići	45.11444	13.83833	04	54
Burnjak	44.91639	14.93694	08	0
Buroli	45.39222	13.60667	04	73
Bursaći	44.29194	16.18778	19	0
Busnovi	45.3425	17.52111	11	72
Buterin	44.16167	15.51889	19	0
Buti	45.71278	15.77778	20	0
Butige	43.61667	16.59722	15	0
Butijeri	42.83917	17.84306	03	0
Butina	43.17889	17.40444	15	0
Butkovec	46.10379	16.26473	16	200
Butkovine	42.53667	18.41389	03	0
Butkovići	44.52333	15.43917	08	0
Butkovići	44.61722	15.36444	08	0
Butkovići	45.00972	13.90917	04	208
Butoniga	45.2825	13.96444	04	66
Butorci	45.10917	15.7475	05	0
Butori	45.2838	13.7432	04	3
Buzadovac	45.94671	16.52897	20	98
Buzdohanj	45.34528	14.48833	12	1648
Buzdovačići	43.62778	16.57083	15	0
Buzet	45.40944	13.96667	04	2339
Buzeta	45.24556	16.10611	14	67
Buzeta	45.26583	16.10444	14	50
Buzin	45.43018	14.87811	12	1
Buzin	45.75	16	21	1074
Bučani	43.52833	16.51694	15	0
Bučani	43.62917	16.66056	15	0
Bučić	44.27583	15.53694	19	0
Bučje	45.23111	17.78306	11	253
Bučje	45.465	17.41	11	13
Bučje Gorjansko	45.42861	18.25139	10	62
Bušelići	43.28028	17.2025	15	0
Bušetina	45.89694	17.35556	17	671
Buševec	45.63444	16.11972	20	1018
Bušević	44.60792	16.03457	08	4
Bušin	46.1566	15.7774	07	127
Buškovići	42.52583	18.31222	03	0
Bušlete	44.19694	15.31583	19	0
Bušljeta	44.34083	15.37611	19	0
Bužak	44.945	15.31278	08	0
Bužim	44.58498	15.23939	08	73
Bužim	44.59056	15.23083	08	0
Bužim	45.18639	16.05083	14	0
Bužinija	45.34167	13.58833	04	977
Bzenica	45.26354	17.75983	11	79
Cabraji	46.08405	16.58945	06	126
Cabuna	45.75389	17.57806	17	606
Cage	45.29056	17.21083	02	290
Caginec	45.71307	16.44782	20	512
Calić	44.03333	15.71472	19	0
Cancini	45.26697	13.6299	04	186
Cankovi Stan	44.61333	15.54611	08	0
Capaćuša	44.69528	15.93028	08	0
Careva Draga	45.6629	15.46395	20	3
Carevdar	46.07281	16.64475	06	350
Carević Selo	45.06528	15.74389	05	0
Carevići	43.38528	16.91389	15	0
Carevići	45.4193	15.00544	12	13
Carevo Polje	45.19263	15.31264	05	162
Carevo Selo	45.39088	15.53662	05	34
Cargovec	46.28592	16.2684	16	366
Carića Brdo	45.11389	16.12056	14	0
Carski Breg	45.62083	15.56972	20	0
Cavtat	42.58111	18.21806	03	2189
Cebovec	46.15627	16.02644	07	42
Celine	45.69397	15.58139	20	66
Celine	45.89306	16.40472	20	873
Celine	46.46036	16.5041	09	316
Celine Goričke	45.91672	15.73877	20	119
Celine Samoborske	45.82904	15.74493	20	324
Cenkovec	46.21667	16.81667	06	0
Cepeliš	45.41231	16.26534	14	38
Cepidlak	45.97406	16.69115	06	146
Cera	43.70592	16.18535	13	25
Cera Pušića	43.52833	17.09806	15	0
Cere	45.11139	13.95306	04	140
Cere	45.12086	14.0911	04	36
Ceremošnjak	45.445	18.10056	10	81
Cerik	45.92663	16.40772	20	38
Cerina	45.77363	16.57305	01	89
Cerion	45.2861	13.7819	04	44
Cerić	45.31139	18.85611	18	1292
Cerjani	45.32794	13.69078	04	22
Cerje	45.32306	13.97389	04	0
Cerje	45.77677	15.69355	20	338
Cerje	45.83035	16.19041	21	408
Cerje Jesenjsko	46.21074	15.93541	07	148
Cerje Letovaničko	45.55	16.15	14	40
Cerje Nebojse	46.25745	16.17903	16	401
Cerje Pokupsko	45.5007	15.96037	20	68
Cerje Tužno	46.25422	16.20874	16	159
Cerje Vivodinsko	45.65366	15.41033	05	22
Cerje Vrbovečko	45.9	16.41667	20	195
Cerna	45.18194	18.68944	18	3019
Cernik	45.28861	17.38194	02	1426
Cernik	45.3513	14.49392	12	1274
Cernik	45.73775	15.40705	20	5
Cerovac	45.56889	18.51083	10	10
Cerovac Barilovički	45.36834	15.47534	05	91
Cerovac Bruvanjski	44.22467	16.01401	19	2
Cerovac Jakšićki	45.36667	17.81111	11	191
Cerovac Vukmanicki	45.42734	15.60598	05	787
Cerovački Galovići	45.40082	15.47716	05	59
Cerovci	44.14694	16.25583	13	0
Cerovica	44.99333	14.15472	04	0
Cerovica	45.80933	15.48045	20	4
Cerovljani	45.21146	16.78596	14	125
Cerovlje	45.27806	14.01222	04	197
Cerovnik	45.15	15.3	05	131
Cerovski Vrh	45.57656	15.94363	20	90
Cesarica	44.56306	15.02278	08	110
Cesarska Ves	46.05879	15.74061	07	11
Cestica	46.37167	16.12528	16	479
Cetina	43.96861	16.43306	13	124
Cetingrad	45.15972	15.73944	05	293
Cetinići	45.00069	13.92414	04	0
Cetinovec	46.10694	16.05722	07	115
Cicino Brdo	45.40611	15.87028	14	0
Cicvare	43.915	15.78944	13	12
Cicvare	45.42919	17.3403	11	0
Ciganka	45.76667	17.7	17	0
Ciglena	45.87285	16.94632	01	278
Ciglenica	45.53411	16.71868	14	101
Ciglenica	45.55861	16.93611	01	283
Ciglenica Zagorska	46.07632	15.92109	07	551
Ciglenik	45.18121	17.70613	02	133
Ciglenik	45.35333	17.89861	11	94
Cigrovec	46.12528	15.77001	07	360
Cijuk	44.37667	15.96472	19	0
Cikoji	43.21833	17.36944	15	0
Cikote	45.43242	17.39805	11	10
Cimera	43.96944	15.35306	19	0
Cindrići	45.10056	15.73528	05	0
Cindrići	45.11889	15.61028	05	0
Cindrići	45.14806	15.75722	05	0
Cindrići	45.17444	15.65806	05	0
Cindrići	45.19722	15.64722	05	0
Ciritež	45.39778	14.02528	04	45
Cirkovljan	46.34308	16.64695	09	694
Cirkvena	45.93167	16.66083	06	507
Cista Provo	43.51314	16.94267	15	404
Cista Velika	43.54239	16.86496	15	441
City of Trogir	43.51431	16.25187	15	0
Civljane	43.95	16.4	13	47
Cičevac	44.19778	15.86722	19	0
Cičević	44.27694	15.55639	19	0
Coki	45.17667	13.60389	04	0
Cokuni	44.95426	13.9915	04	69
Cović	43.59222	16.72917	15	0
Cremušina	45.80465	17.20621	01	1
Cremušnica	45.44592	15.92863	14	72
Cres	44.96092	14.41246	12	2185
Cret Bizovački	45.57556	18.4125	10	485
Cret Viljevski	45.725	18.06167	10	51
Cretno	46.21944	16.06778	16	0
Crevarska Strana	45.3517	15.82524	14	101
Crikvenica	45.17722	14.69278	12	6239
Crip	43.20028	17.31778	15	0
Crivac	43.76667	16.36667	15	290
Crklada	45.32028	13.75167	04	122
Crkovec	46.2382	16.02338	16	141
Crkvari	45.51942	17.92908	17	112
Crkveni Bok	45.34444	16.71472	14	75
Crkveni Pribić	45.68333	15.51667	20	150
Crkvice	42.97583	17.37556	03	0
Crkvine	45.21583	15.92889	14	0
Crljena	45.24472	16.01972	14	0
Crljenci	45.4075	17.52694	11	4
Crljeni	43.67944	16.8	15	0
Crljenice	45.11833	16.33639	14	0
Crljenik	43.88346	15.71272	19	123
Crna Draga	45.50695	15.84155	05	114
Crna Gora	42.87278	17.52583	03	0
Crna Gora	43.44667	17.26639	15	0
Crna Klada	45.41968	18.08632	10	0
Crna Mlaka	45.6109	15.72634	20	23
Crna Vlast	44.83389	15.46306	08	0
Crna Voda	45.865	15.99306	21	0
Crnac	45.44117	16.4196	14	656
Crnac	45.69611	17.93722	17	407
Crni	45.02857	14.14351	04	20
Crni Dabar	44.55874	15.1456	08	0
Crni Dolac	43.07833	17.60028	03	0
Crni Kal	44.91944	15.07778	08	61
Crni Kal	45.21778	14.85	12	0
Crni Lazi	45.57458	14.61396	12	88
Crni Lug	44.41028	15.91194	19	0
Crni Lug	45.41972	14.70444	12	209
Crni Padež	44.67167	15.05194	08	0
Crni Potok	45.23244	15.87458	14	100
Crni Potok Brodski	45.24778	18.06917	02	0
Crni Zaton	45.93333	17.51667	17	0
Crnibek	45.04	13.72917	04	0
Crnica	43.77639	15.85278	13	0
Crnjak	44.73667	15.52833	08	0
Crnjatkuša	44.66472	14.96722	08	0
Crnjegovina	42.51917	18.39611	03	0
Crno	44.11417	15.29111	19	622
Crno	45.13359	14.873	12	8
Crno Kamanje	45.39258	15.37803	05	15
Crno Vrelo	45.1972	15.58098	05	6
Crnobrnje	45.16194	16.4425	14	0
Crnogorci	43.43972	17.12583	15	0
Crnogorci	44.01444	16.27667	13	0
Crnogorci	44.04389	16.29806	13	0
Crvena Luka	43.92111	15.48083	19	0
Crveni Vrh	45.49056	13.54083	04	177
Cubinec	45.98689	16.55706	06	492
Cugovec	45.91167	16.51889	20	417
Cukovac	44.59528	15.44806	08	0
Cukovi	44.39861	15.88333	19	0
Cukrići	45.025	13.85972	04	172
Cukušići	43.66361	16.65278	15	0
Culari	43.74722	16.16278	13	0
Culavi	43.23667	17.365	15	0
Culibrki	45.49712	15.39393	05	4
Cunj	45.39335	14.01495	04	15
Cupar	44.03556	15.54694	19	0
Curkovec	45.93023	16.24392	20	69
Curlinova Ograda	43.59667	16.80472	15	0
Cvetičko Selo	44.92556	15.69583	05	0
Cvetišće	45.73018	15.3356	05	0
Cvetkovec	46.20611	16.69556	06	154
Cvetković	45.65139	15.65222	20	549
Cvetković Brdo	45.56736	15.97433	20	25
Cvetlin	46.28111	15.96361	16	251
Cvetnić Brdo	45.50365	15.97779	20	21
Cvetojevići	45.07389	16.31861	14	0
Cvijanović Brdo	45.1844	15.60668	05	0
Cvijanovići	44.20167	16.19028	13	0
Cvijića Klanac	45.23528	16.60611	14	0
Cvijići	43.54639	16.96778	15	0
Cvitani	45.24709	13.75104	04	20
Cvitanovići	43.60972	16.74972	15	0
Cvitkovići	43.75417	16.61833	15	0
Cvitkovići	43.765	16.55278	15	0
Cvitkovići	43.79639	16.53861	15	0
Cvitkovići	44.83472	15.28	08	0
Cvitkovići	45.0825	15.61639	05	0
Cvitkovići	45.16007	15.75399	01	0
Cvitović	45.13496	15.59234	05	234
Cvituša	44.38778	15.66861	08	0
Cvjetković	44.27667	15.98333	19	0
Cvjetkovići	44.30806	15.95	19	0
Cvjetnić	44.42944	16.15722	19	0
Cvrkalj	44.50889	16.12806	08	0
Dabar	43.83083	16.55694	15	14
Dabar	44.955	15.31	08	59
Dabašnica	44.36611	16.03861	19	1
Dabići	45.19278	16.39083	14	0
Dabove	44.6025	14.84222	08	0
Dabrina	45.26667	16.15	14	54
Dadići	43.78917	16.61722	15	0
Dajaci	43.54083	16.85194	15	0
Dajla	45.35028	13.55028	04	353
Dakovići	44.50194	15.55861	08	0
Dalj	45.48438	18.9861	10	2877
Damalj	45.42167	15.18436	12	19
Danci	45.32342	13.73572	04	17
Dane	45.47	14.04056	04	6
Dane	45.78492	15.50781	20	7
Danguba	45.1875	16.14528	14	0
Dangube	43.01028	17.67028	03	0
Dani	45.35621	15.32515	05	1
Danijeli	45.185	13.82222	04	0
Danilo	43.69991	16.05895	13	319
Danilo Biranj	43.72705	16.00163	13	416
Danojlići	43.58	16.89111	15	0
Dančanje	42.87472	17.56361	03	31
Dančanje	42.99111	17.55778	03	0
Dančulovići	45.69789	15.38359	05	19
Dapci	45.73038	16.53306	01	184
Dapčevački Brđani	45.71489	17.24932	01	41
Daranovci	45.32861	17.56806	11	160
Darda	45.62806	18.69972	10	4151
Darkovac	45.36509	18.01626	11	13
Daruvar	45.59056	17.225	01	7440
Daruvarski Vinogradi	45.60251	17.25084	01	182
Daskatica	45.79583	16.69889	01	88
Dautan	45.82861	16.92222	01	245
Davor	45.11528	17.51639	02	2025
Dazlina	43.84092	15.72647	13	46
Deanovec	45.6921	16.47295	20	503
Deanovići	45.35827	16.33017	14	20
Debela Kosa	45.23278	15.90444	14	0
Debeli Brig	43.1125	17.34722	15	0
Debelice	44.00833	16.22778	13	0
Debeljak	44.05111	15.36472	19	895
Debeljuhi	45.12916	13.86244	04	113
Debelo Brdo	44.54111	15.31944	08	78
Debelo Brdo	44.65917	15.68778	08	47
Debelo Brdo I	44.54394	15.30635	08	56
Debelo Brdo II	44.53773	15.30062	08	4
Dedin	45.38574	14.84997	12	154
Dedina	46.10038	16.50043	06	193
Dedovići	42.86306	17.5825	03	0
Dejanović Križ	45.21444	15.71611	05	0
Dejanovići	45.21694	15.78972	05	0
Dejanovići	45.22472	15.75694	05	0
Dekanovec	46.44861	16.58472	09	739
Deklevi	45.28694	13.73764	04	15
Deklešanec	46.11602	16.40288	06	112
Deklići	45.306	13.67158	04	34
Dekovići	43.00361	17.27778	03	0
Dekovići	45.25506	13.68044	04	44
Delaći	45.07306	15.62944	05	0
Delači	45.47109	14.95814	12	9
Delić Poljana	45.15865	15.69981	05	8
Delići	44.64222	15.88139	08	0
Delići	44.68278	15.73306	08	0
Delići	44.84944	15.44361	08	0
Delići	45.17379	13.68322	04	21
Delkovec	46.13362	16.03022	07	112
Delnice	45.40083	14.79972	12	3861
Delovi	46.1	16.13333	07	0
Delovi	46.11083	16.96	06	169
Demerje	45.73242	15.88497	21	737
Deminjak	44.22917	15.70556	19	0
Dereza	45.4929	17.22256	11	10
Dereza	45.75626	16.59987	01	194
Derežani	45.70331	16.45937	20	214
Deringaj	44.34676	15.87058	19	68
Dervišaga	45.33	17.72806	11	732
Desinić	46.14861	15.66861	07	330
Desinić Gora	46.16794	15.66324	07	98
Desmerice	45.20336	15.21955	05	231
Desne	43.06167	17.52944	03	111
Desni Degoj	45.45417	15.96694	14	53
Desni Dubrovčak	45.64055	16.34136	14	65
Desni Štefanki	45.50346	15.89953	05	211
Desnice	44.34194	16.14917	19	0
Desnice	44.35	16.13	19	0
Desno Sredičko	45.52433	15.88456	05	156
Desno Trebarjevo	45.59417	16.34389	14	273
Desno Željezno	45.62056	16.33	14	127
Despot	44.07528	15.87167	13	0
Despoti	43.1525	17.29694	15	0
Desprim	45.72639	15.90017	21	343
Detkovac	45.89028	17.59472	17	204
Devetaci	45.06389	16.22611	14	0
Dević	44.09194	15.49722	19	0
Devići	45.19528	15.48278	05	0
Devići	45.21222	15.76944	05	0
Devići	45.22806	15.70833	05	0
Devići	45.24639	15.60472	05	0
Devčići	44.39528	15.24861	08	0
Devčići	44.40444	15.26611	08	0
Devčići	44.43139	15.26639	08	0
Devčići	44.82	15.09111	08	0
Dešiševići	43.52028	16.67722	15	0
Dežanovac	45.57056	17.08667	01	608
Deževci	45.37361	17.51833	11	119
Dicmo Ercegovci	43.59639	16.63722	15	121
Dicmo Kraj	43.6375	16.58194	15	689
Dicmo Osoje	43.62333	16.585	15	387
Dicmo Prisoje	43.62694	16.61278	15	610
Dicmo Sušci	43.64056	16.56806	15	90
Dijakovac	45.7	17.35	01	20
Dijaneš	45.90246	16.35567	20	158
Dijankovec	46.04111	16.47972	06	140
Dijelka	45.9	17.48333	17	0
Diklići	42.56333	18.24472	03	0
Diklići	44.87611	15.315	08	0
Diklići	44.87639	15.135	08	0
Diklići	45.01972	15.61917	05	0
Diklići	45.28572	13.77166	04	50
Diklo	44.155	15.20472	19	0
Diminići	44.99194	14.10333	04	0
Din	43.54861	16.74028	15	0
Dinjevac	45.95	17.18333	17	362
Dinjiška	44.36167	15.18722	19	111
Dioš	45.64449	17.20499	01	121
Dipalo	43.72056	16.58556	15	0
Dipici	43.45056	17.18139	15	0
Divići	43.17222	17.22333	15	0
Divići	43.24806	17.32278	15	0
Divići	43.25083	17.25972	15	0
Divići	43.44722	17.19444	15	0
Divjake	45.42171	14.93265	12	28
Divjakova Glavica	44.53028	16.00278	08	0
Divljakinja	43.69417	16.84056	15	0
Divojevići	43.67477	16.25618	15	32
Divoselo	44.49663	15.36343	08	1
Divoselo	44.68972	15.62778	08	4
Divoš	45.46333	18.65639	10	54
Divoševci	45.15722	18.34111	02	262
Divulje	43.52722	16.29472	15	52
Divuša	45.14318	16.44422	14	39
Divšići	44.99111	13.92833	04	162
Dišnik	45.60749	16.88729	01	320
Djedina Rijeka	45.31139	17.95222	11	99
Djivan	45.90914	16.44453	20	29
Djuba	45.40622	13.52959	04	128
Dmiović	44.10722	15.63139	19	0
Dmitrašinovići	44.64722	15.58528	08	0
Dmitrovići	44.13333	15.75528	19	0
Dmitrovići	44.14611	15.78111	19	0
Dmitrovići	45.19167	16.04472	14	0
Dnopolje	44.57972	15.92111	08	63
Dobra Kuća	45.60932	17.29489	01	16
Dobra Voda	43.93052	15.64904	19	79
Dobra Voda	45.38314	18.06075	11	2
Dobranje	42.98417	17.69778	03	5
Dobranje	43.55861	16.91389	15	87
Dobrec	45.30456	14.26491	12	375
Dobrenići	45.34477	15.38969	05	262
Dobri Zdenci	46.01148	16.03657	07	112
Dobrica	44.96417	15.11667	08	0
Dobrinj	45.12999	14.60381	12	89
Dobrinče	43.425	17.08083	15	170
Dobrić	42.71833	18.065	03	0
Dobrić	45.59648	17.58899	17	0
Dobrići	44.02583	15.795	19	0
Dobro Polje	45.51083	18.85778	10	0
Dobrodol	45.86091	16.09712	21	1165
Dobrogošće	45.32722	18.08278	11	11
Dobropoljana	43.99222	15.3175	19	278
Dobropoljci	43.99374	15.81388	19	23
Dobroselo	44.48444	16.04583	08	76
Dobroselo	44.5075	16.07278	08	0
Dobrovac	45.4275	17.12056	11	304
Dobrović	45.6609	17.8515	17	87
Dobruša	42.52333	18.41167	03	0
Doci	43.51056	16.6675	15	0
Doci	43.69444	16.82722	15	0
Doci	44.35944	15.81667	19	0
Dodig	43.6375	16.69083	15	0
Dodoši	45.30043	16.28388	14	46
Dograde	43.54528	16.11444	15	166
Dojutrovica	45.69234	15.38445	05	28
Dojčine	44.68722	15.42611	08	0
Dokmanovići	45.42557	15.02662	12	36
Dokozić	44.23972	15.35139	19	0
Dokozići	44.5675	15.02583	08	0
Dol	43.16806	16.61667	15	305
Dol	43.34944	16.62167	15	107
Dol	45.68333	15.51667	20	172
Dol Klanječki	46.05121	15.7553	07	96
Dolac	43.6775	16.80556	15	0
Dolac	44.04111	15.72361	19	0
Dolac	44.13694	15.96167	13	0
Dolac	45.32444	17.5875	11	179
Dolac Brkić	44.41639	15.7325	08	0
Dolac Šegotić	44.37694	15.76333	08	0
Dolanec	45.7	16.38333	20	0
Dolanjski Jarak	45.6958	15.60499	20	23
Dolci	44.81861	15.22194	08	0
Dolci	45.55	17.93333	17	239
Dolec Podokićki	45.74587	15.73403	20	77
Dolenci	45.42387	15.12522	12	8
Dolenja Vas	45.3398	14.12728	04	48
Doli	42.80694	17.79389	03	148
Dolina	42.69917	18.01917	03	0
Dolina	45.14306	17.3875	02	174
Dolinci	45.19869	14.71277	12	0
Doline	44.30556	15.69111	08	0
Dolića Draga	43.48525	17.07713	15	309
Doliće	46.17367	15.86121	07	413
Dolići	43.45	16.08333	15	0
Doljan	46.24386	16.33751	16	398
Doljanci	45.45139	17.61083	11	74
Doljanec	45.99137	16.4508	06	37
Doljani	43.76139	16.6125	15	0
Doljani	44.8862	15.34736	08	75
Doljani	44.88651	15.34762	08	69
Doljani	45.5675	17.22528	01	650
Doljani Žumberački	45.71674	15.29149	05	14
Doljanovci	45.44944	17.74167	11	199
Doljanski Bubanj	44.51778	16.10611	08	0
Dolje	45.83333	15.85	21	0
Dolnjaki	45.29148	16.12523	14	76
Dolovi	43.54972	16.71889	15	0
Dolovi	44.20556	15.86194	19	0
Dolovi	44.38639	15.92583	19	0
Dolovi	45.18639	16.2425	14	0
Doluš	45.50055	14.91448	12	5
Dolčani	45.33333	16.25	14	0
Domagović	45.62871	15.63535	20	483
Domahovo	45.99666	15.82855	07	295
Domaji	46.13381	16.71501	06	154
Domanjkuš	46	16.76667	01	220
Domaslovec	45.80834	15.75306	20	903
Domazeti	43.75306	16.54917	15	0
Domazeti	43.77444	16.56917	15	0
Domašinec	46.4325	16.6	09	1456
Domijanići	45.14526	13.94467	04	125
Domijančići	45.24694	14.63278	12	0
Dominikovići	43.13306	17.53222	03	0
Dominkovica	45.96082	16.95359	01	36
Domitrovec	46.28122	16.23998	16	296
Domjanovići	43.82528	16.58111	15	0
Domovec	46.1024	16.22314	07	82
Donja Bakovčica	46.12333	16.85	06	0
Donja Banda	42.96698	17.29963	03	154
Donja Batina	46.10311	16.12493	07	310
Donja Batina - dio	46.0874	16.14463	07	81
Donja Bačuga	45.3575	16.25139	14	78
Donja Bebrina	45.09667	18.18333	02	378
Donja Bedekovčina	46.04444	15.96389	07	0
Donja Bistra	45.90778	15.85444	20	1455
Donja Brckovčina	46.01154	16.51123	06	132
Donja Brusovača	45.22028	15.72694	05	89
Donja Budičina	45.38333	16.31667	14	196
Donja Bukovica	45.68333	17.81667	17	40
Donja Bučica	45.43333	15.98333	14	28
Donja Dobra	45.44826	14.96409	12	193
Donja Draga	45.33167	14.51972	12	0
Donja Drenova	45.9323	16.1776	20	300
Donja Dubrava	44.88028	15.25278	08	0
Donja Dubrava	46.31472	16.81194	09	1658
Donja Glina	45.16833	15.60333	05	15
Donja Glogovnica	46.10306	16.55806	06	93
Donja Gračenica	45.50589	16.67419	14	820
Donja Greda	45.75895	16.27888	20	116
Donja Jagodnja	43.99954	15.51862	19	126
Donja Jelenska	45.55417	16.54472	14	62
Donja Kamenica	45.03333	15.13333	08	0
Donja Klada	44.81472	14.885	08	0
Donja Komora	45.13389	16.18667	14	0
Donja Konjšćina	46.05871	16.17014	07	128
Donja Korita	43.71545	16.81247	15	0
Donja Kovačica	45.75429	16.9978	01	232
Donja Krašićevica	45.47194	14.69917	12	0
Donja Kruščica	43.40932	16.26696	15	0
Donja Kupčina	45.54134	15.80474	20	881
Donja Lamana Draga	45.50783	14.96621	12	4
Donja Letina	45.41917	16.58472	14	20
Donja Ljubina	45.09	16.28611	14	0
Donja Ljuta	42.53444	18.37861	03	0
Donja Lomnica	45.71155	16.02137	20	1603
Donja Mala	43.67611	16.52361	15	0
Donja Mlinoga	45.34135	16.29959	14	84
Donja Motičina	45.49472	18.02417	10	990
Donja Močila	45.03278	15.55861	05	0
Donja Obreška	45.78333	16.45	20	108
Donja Obrijež	45.50094	17.132	11	176
Donja Omsica	44.35528	15.91667	19	0
Donja Oraovica	45.15057	16.4292	14	25
Donja Pastuša	45.3125	16.35861	14	6
Donja Pačetina	46.09136	15.8822	07	661
Donja Perjasica	45.32222	15.49038	05	8
Donja Petrička	45.73333	16.8	01	120
Donja Pištana	45.54306	17.8564	17	207
Donja Plemenšćina	46.17204	15.77147	07	133
Donja Ploča	44.45639	15.65194	08	0
Donja Poljana	46.22056	16.50194	16	365
Donja Purgarija	45.72548	15.72762	20	124
Donja Pušća	45.91667	15.77778	20	846
Donja Rašenica	45.67472	17.22361	01	129
Donja Reka	45.69287	15.64794	20	327
Donja Rijeka	46.09036	16.38958	06	176
Donja Rošca	43.55972	16.70694	15	0
Donja Selnica	46.1334	16.15703	07	151
Donja Slavica	45.33139	14.75639	12	35
Donja Sočanica	45.065	16.28556	14	0
Donja Stinica	44.71667	14.88333	08	0
Donja Stranica	45.56627	15.37186	05	1
Donja Stubica	45.98333	15.96667	07	2121
Donja Stupnica	45.13222	16.27861	14	59
Donja Suvaja	44.41194	16.11056	19	47
Donja Topličica	45.96148	16.25822	20	72
Donja Trebinja	45.42475	15.67931	05	10
Donja Trstenica	45.39693	15.99725	14	0
Donja Vala	43.15667	17.24778	15	0
Donja Velešnja	45.24583	16.48861	14	156
Donja Velika	45.96827	16.42817	20	53
Donja Velika	46.05493	16.80209	06	83
Donja Visočka	45.25953	15.50931	05	4
Donja Višnjica	43.18333	17.29056	15	0
Donja Višnjica	46.29285	16.01115	16	511
Donja Vlahinička	45.5846	16.599	14	381
Donja Voća	46.30083	16.105	16	958
Donja Vrba	45.16583	18.10667	02	514
Donja Vrijeska	45.64652	17.2711	01	50
Donja Vrućica	43.00528	17.22167	03	23
Donja Zdenčina	45.66667	15.76667	20	934
Donja Zelina	45.9096	16.23024	20	786
Donja Zečevina	43.38278	17.13556	15	0
Donja Čemernica	45.33031	15.93069	14	92
Donja Šemnica	46.1194	15.92731	07	797
Donja Šumetlica	45.46352	17.30679	11	4
Donja Šušnjara	45.76667	16.75	01	115
Donja Žrvnica	45.20103	15.70676	05	0
Donja Župa	43.32472	17.12694	15	0
Donja_Podgora	45.96282	15.96996	07	319
Donjani	45.23417	17.025	14	0
Donjara	46.09505	16.66445	06	16
Donje Bakote	43.35778	17.1125	15	0
Donje Bazje	45.7	17.84667	17	94
Donje Biljane	44.10056	15.48306	19	209
Donje Biljevina	44.96778	15.5175	05	0
Donje Brezno	46.18685	15.64636	07	95
Donje Bukovlje	45.38333	15.45	05	81
Donje Ceranje	43.96417	15.59667	19	42
Donje Cjepidlake	45.68628	17.39651	01	7
Donje Dubrave	45.30701	15.36087	05	152
Donje Dvorišće	45.82373	16.27587	20	172
Donje Gnojnice	45.12316	15.67359	05	12
Donje Gredice	46.03444	15.73361	07	327
Donje Jame	45.40705	16.12158	14	9
Donje Jesenje	46.20833	15.88472	07	325
Donje Komarevo	45.41418	16.43838	14	255
Donje Kričke	45.37	17.09417	14	0
Donje Kusonje	45.70583	17.60361	17	5
Donje Ladanje	46.30343	16.16904	16	1030
Donje Makojišće	46.1468	16.29753	16	408
Donje Mekušje	45.49171	15.59406	05	193
Donje Mokrice	45.45482	16.18054	14	43
Donje Mrzlo Polje	45.45979	15.50112	05	507
Donje Novo Selo	45.13444	18.99972	18	376
Donje Obuljeno	42.67372	18.1053	03	243
Donje Ogorje	43.74417	16.435	15	107
Donje Orešje	45.99584	16.24803	20	446
Donje Pazarište	44.64972	15.19667	08	80
Donje Planjane	43.78491	16.14464	13	37
Donje Podotočje	45.69395	16.14606	20	365
Donje Pokuplje	45.53639	15.54861	05	0
Donje Polje	43.70499	15.93749	13	188
Donje Poljice	44.47611	16.12306	08	0
Donje Postinje	43.70728	16.39649	15	84
Donje Predrijevo	45.64027	17.94884	17	80
Donje Prekrižje	45.68333	15.48333	20	52
Donje Prilišće	45.47528	15.37056	05	67
Donje Primišlje	45.20973	15.47255	05	22
Donje Psarjevo	45.94327	16.222	20	284
Donje Raštane	44.02278	15.40694	19	485
Donje Rašćane	43.29717	17.17689	15	107
Donje Selište	45.3206	16.05441	14	75
Donje Selo	42.85444	17.7875	03	0
Donje Selo	43.00833	17.22083	03	0
Donje Selo	44.13443	15.07155	19	0
Donje Selo	44.52528	15.2825	08	0
Donje Selo na Šolti	43.40083	16.26167	15	190
Donje Sitno	43.50778	16.59556	15	289
Donje Stative	45.51667	15.46667	05	191
Donje Taborište	45.12385	15.57922	05	181
Donje Taborište	45.45194	16.00399	14	28
Donje Tihovo	45.43289	14.84622	12	4
Donje Utore	43.71667	16.25	13	7
Donje Vino	46.08852	15.8512	07	123
Donje Vinovo	43.75423	16.28191	13	52
Donje Vratno	46.35125	16.1554	16	247
Donje Vratno - dio	46.3715	16.16899	16	496
Donje Zagorje	45.17898	15.2274	05	198
Donje Zdelice	46.02639	16.91167	06	63
Donje Čelo	42.67861	18.00694	03	0
Donji Alebići	43.77194	16.60417	15	0
Donji Andrijevci	45.18833	18.29972	02	2097
Donji Anići	43.33306	17.2325	15	0
Donji Arambašići	43.30889	17.29833	15	0
Donji Babin Potok	44.85028	15.49611	08	72
Donji Begovići	43.24611	17.19722	15	0
Donji Bilandžići	43.81889	16.52083	15	0
Donji Bileni	44.7075	14.92194	08	0
Donji Bitelić	43.81837	16.61888	15	237
Donji Bjelovac	45.28105	16.47323	14	31
Donji Bogićevci	45.22833	17.25833	02	45
Donji Borki	45.56659	17.31771	01	46
Donji Brgat	42.64722	18.16611	03	133
Donji Budački	45.36555	15.59917	05	99
Donji Bukovac	44.64222	15.39528	08	0
Donji Bukovac Žakanjski	45.62994	15.34092	05	83
Donji Bukovec	45.83333	16.01667	21	0
Donji Buljani	43.79278	16.61917	15	0
Donji Cerovac	45.149	15.56977	05	116
Donji Crnogovci	45.20528	17.48139	02	106
Donji Daruvar	45.61361	17.23083	01	624
Donji Desinec	45.68222	15.70889	20	737
Donji Dobretin	45.00353	16.31642	14	7
Donji Dolac	43.54386	16.68078	15	284
Donji Doljani	44.87889	15.33583	08	0
Donji Draganec	45.78107	16.62684	01	120
Donji Dragičevci	45.78551	16.56816	01	35
Donji Dragonožec	45.66194	15.94694	21	583
Donji Dubovec	46.00098	16.46265	06	30
Donji Emovci	45.34194	17.64472	11	136
Donji Filipovići	44.62278	15.25056	08	0
Donji Fodrovec	46.04352	16.40632	06	156
Donji Frkašić	44.7125	15.79722	08	0
Donji Furjan	45.06833	15.68	05	39
Donji Gornjani	43.52333	16.6925	15	0
Donji Grahovljani	45.50254	17.26124	11	18
Donji Gučani	45.33722	17.54056	11	75
Donji Hrastovac	45.32722	16.56472	14	143
Donji Hrašćan	46.40886	16.6238	09	420
Donji Hruševec	45.53333	16.06667	20	271
Donji Humac	43.34222	16.55583	15	173
Donji Jalšovec	46.11278	15.69226	07	43
Donji Jasik	45.37056	17.98472	11	0
Donji Javoranj	45.11694	16.3575	14	50
Donji Jošan	44.59861	15.7375	08	0
Donji Jukići	43.79528	16.61389	15	0
Donji Jurišići	43.54556	16.83972	15	0
Donji Karin	44.12857	15.61576	19	152
Donji Kašić	44.15083	15.47306	19	69
Donji Klasnić	45.22925	16.16364	14	45
Donji Kneginec	46.25944	16.38444	16	650
Donji Koblijak	45.17194	16.07056	14	0
Donji Koncovčak	46.50478	16.37959	09	244
Donji Kosinj	44.75852	15.25477	08	318
Donji Kraj	42.43028	18.49222	03	0
Donji Kraj	43.57111	16.67833	15	0
Donji Kraj	45.45194	17.02861	11	0
Donji Kraj	45.91489	15.70392	20	438
Donji Kraljevec	46.12096	16.21496	07	118
Donji Kraljevec	46.36734	16.64936	09	1407
Donji Kremen	45.1295	15.62564	05	42
Donji Kukuruzari	45.26639	16.48333	14	188
Donji Kunci	43.78806	16.54806	15	0
Donji Kućan	46.28028	16.39361	16	694
Donji Labusi	44.29972	16.02167	19	0
Donji Laduč	45.88333	15.73333	20	814
Donji Lapac	44.55306	15.96194	08	677
Donji Lađevac	45.08944	15.63167	05	34
Donji Legci	44.80611	14.89889	08	0
Donji Lipovac	45.01556	15.68778	05	0
Donji Lipovac	45.22056	17.65444	02	184
Donji Lipovčani	45.77183	16.55065	01	60
Donji Lović	45.66667	15.41667	05	11
Donji Ložac	45.44553	14.87635	12	5
Donji Lulići	44.68528	15.48361	08	0
Donji Macelj	46.22634	15.84091	07	528
Donji Maljevac	45.20111	15.78417	05	0
Donji Marinkovac	45.79966	16.50278	20	64
Donji Markovac	45.85777	16.66859	20	42
Donji Maslarec	46.06039	16.75823	06	63
Donji Mekinjar	44.57083	15.67556	08	15
Donji Meljani	45.72981	17.62595	17	206
Donji Mihaljevec	46.33528	16.71444	09	616
Donji Miholjac	45.76083	18.16722	10	5330
Donji Miklouš	45.72316	16.68638	01	146
Donji Mitrovac	45.43333	17.865	11	0
Donji Mosti	46.0494	16.86793	01	168
Donji Muć	43.69444	16.46224	15	541
Donji Obod	42.58722	18.22722	03	0
Donji Okučani	45.24833	17.19056	02	0
Donji Oštrc	45.70417	15.43105	20	43
Donji Oštri Vrh Ozaljski	45.60761	15.44198	05	45
Donji Pedalj	45.13583	16.29333	14	0
Donji Poloj	45.23997	15.51903	05	8
Donji Popovac	45.10167	15.6075	05	12
Donji Prnjarovec	45.67828	16.5431	20	58
Donji Proložac	43.46972	17.15639	15	1288
Donji Pustakovec	46.37557	16.5945	09	241
Donji Radmani	43.56861	16.78833	15	0
Donji Radošić	43.68028	16.62556	15	0
Donji Ravlići	43.2725	17.20333	15	0
Donji Rebić	44.54472	15.73556	08	11
Donji Rogolji	45.35944	17.21889	02	24
Donji Rukavac	45.3625	14.30028	12	0
Donji Seget	43.51667	16.23333	15	2530
Donji Selaci	43.33361	17.16583	15	0
Donji Selkovac	45.37208	16.02608	14	0
Donji Selo	44.59	15.61972	08	0
Donji Sjeničak	45.43445	15.7941	05	52
Donji Skrad	45.34619	15.51505	05	12
Donji Slatinik	45.25417	17.99083	02	140
Donji Srb	44.37194	16.12611	19	0
Donji Sređani	45.53333	17.15	01	139
Donji Stupnik	45.73971	15.85975	20	1447
Donji Tabak	43.61417	16.96306	15	0
Donji Tkalec	45.95485	16.45019	20	91
Donji Trpuci	45.66667	15.93333	21	446
Donji Vaganac	44.91306	15.73028	08	37
Donji Varoš	44.47611	16.09028	08	0
Donji Varoš	45.15528	17.2525	02	206
Donji Velemerić	45.39434	15.59036	05	167
Donji Vidovec	46.32917	16.78667	09	1197
Donji Viduševac	45.36006	16.07358	14	141
Donji Vinjani	43.44613	17.24064	15	1735
Donji Vrkići	44.14556	15.68806	19	0
Donji Vukojevac	45.6104	16.13492	14	482
Donji Vukšinac	45.84883	16.60935	20	100
Donji Vukšići	45.41361	14.99954	12	7
Donji Vučkovići	45.42436	15.00059	12	16
Donji Zagon	45.13822	14.81953	12	114
Donji Zbilj	46.1145	15.71946	07	104
Donji Zebanec	46.47345	16.40516	09	173
Donji Zvečaj	45.40618	15.44799	05	180
Donji Ðapići	43.7875	16.62472	15	0
Donji Ðurinići	42.47083	18.4425	03	0
Donji Čaglić	45.38472	17.15806	11	225
Donji Čehi	45.73942	15.96039	21	243
Donji Čemehovec	45.97417	15.70806	20	29
Donji Šajn	45.49826	14.95751	12	0
Donji Škrnik	46.08889	15.6672	07	148
Donji Štrpci	44.65073	15.99704	08	7
Donji Žagari	45.56722	14.68889	12	11
Donji Žirovac	45.15093	16.14664	14	28
Donji Žmirić	43.73778	16.63944	15	0
Dopsin	45.44917	18.55917	10	374
Dopuđe	44.67472	15.655	08	0
Dorontići	44.86556	15.36194	08	0
Doseni	44.42389	15.22194	08	0
Dozetova Draga	44.65361	15.72417	08	0
Došani	45.0325	15.65778	05	0
Došen-Dabar	44.57222	15.125	08	0
Došen-Duliba	44.575	15.12028	08	0
Došen-Plana	44.58639	15.12694	08	0
Došen-Ruja	44.57639	15.12694	08	0
Došeni	44.38194	15.81417	19	0
Došeni	44.44222	15.25111	08	0
Došeni	44.57861	15.2375	08	0
Došeni	44.57861	15.355	08	0
Draga	44.00722	15.70583	19	0
Draga	44.995	14.72028	12	0
Draga	45.18556	16.36389	14	21
Draga	45.31694	14.5	12	0
Draga Bašćanska	44.99776	14.71267	12	300
Draga Lukovdolska	45.41798	15.14512	12	18
Draga Požeška	45.43833	17.62472	11	218
Draga Svetojanska	45.72024	15.59177	20	121
Dragalić	45.24417	17.28861	02	454
Dragani	43.65861	16.7775	15	0
Draganići	45.6	15.6	05	2541
Draganje-Selo	45.8	15.65	20	77
Draganovac	46.12801	16.83118	06	444
Dragaši	44.1125	16.23278	13	0
Dragaši	44.19194	16.24083	13	0
Dragaši	45.10194	15.35972	05	0
Dragašov	44.13917	15.44333	19	0
Drage	43.88944	15.54083	19	933
Drage	44.06056	15.10444	19	0
Drage	44.26611	15.93556	19	0
Drage	44.6925	15.73889	08	0
Drage	44.75222	15.47639	08	0
Drage	45.00694	15.64222	05	18
Dragić	45.22944	15.69694	05	0
Dragići	44.98639	15.4425	05	0
Dragići	45.22583	15.78	05	0
Dragičević	44.375	15.81333	19	0
Dragičevića Pod	44.68389	14.96111	08	0
Dragičevići	43.23361	17.37306	15	0
Dragljane	43.23444	17.24139	15	49
Dragnjevica - Telašćica	43.92394	15.14674	19	0
Dragnuša	44.69583	15.15861	08	0
Dragojevići	45.19778	15.63028	05	0
Dragonoš	45.76414	15.59363	20	13
Dragosavci	44.37667	15.84722	19	0
Dragoslavec	46.45386	16.3505	09	351
Dragoslavec Breg	46.44236	16.34128	09	116
Dragoslavec Selo	46.42635	16.34337	09	200
Dragotin	45.255	18.31722	10	191
Dragotina	45.25611	16.18183	14	57
Dragotinci	45.33416	16.28374	14	38
Dragovanščak	45.70263	15.55296	20	66
Dragovci	45.21889	17.705	02	264
Dragove	44.1125	14.93361	19	18
Dragovija	43.10389	17.58556	03	0
Dragović	45.47111	17.27278	11	45
Dragovići	43.36611	17.22111	15	0
Dragovići	45.20583	15.65028	05	0
Dragovići	45.4286	15.02603	12	6
Dragozetići	45.095	14.30639	12	22
Dragoševci	45.70451	15.32011	05	9
Dragošička	45.76025	16.22101	20	326
Draguzeti	45.08334	13.97602	04	75
Draguć	45.33139	14.00694	04	56
Drakulića Rijeka	44.7925	15.64889	08	6
Dramalj	45.19326	14.66851	12	1366
Drastin	45.37862	14.44778	12	38
Dračan	44.13222	15.41056	19	0
Drače	42.9325	17.44861	03	116
Drače	45.03917	16.28917	14	0
Dračeva Luka	42.99639	17.47944	03	0
Dračevac	45.18611	13.67111	04	167
Dračevac Ninski	44.19734	15.31048	19	291
Dračevac Zadarski	44.1	15.3	19	0
Dračevica	43.33444	16.53028	15	63
Dračevica	43.51278	16.58861	15	0
Dračevice	42.94472	17.64417	03	0
Dračevo Polje	43.02858	16.15456	15	9
Dračevo Selo	42.67472	18.11583	03	0
Dračina	44.08722	15.71056	19	0
Draše	46.005	15.71361	07	145
Draškovac	45.14194	16.39611	14	14
Draškovec	46.34698	16.67738	09	539
Drašković	46.03871	16.33641	16	375
Draškovići	44.76472	15.22861	08	0
Drašnice	43.22028	17.115	15	286
Drašći Vrh	45.74017	15.47454	20	17
Draž	45.84222	18.78861	10	355
Draženovići	44.99167	15.21444	08	0
Draženovići	44.99917	15.15472	08	0
Draženovići	45.02333	15.20306	08	0
Draževitići	43.16333	17.4075	15	152
Dražica	44.62481	14.79982	08	0
Dražica	44.78111	15.37639	08	0
Dražica	45.72643	16.97992	01	103
Dražice	45.39083	14.47028	12	2064
Dražići	44.57028	15.77028	08	0
Drenar	45.14639	15.66	05	0
Drenje	45.01889	14.14861	04	49
Drenje	45.38111	18.28194	10	462
Drenje Brdovečko	45.87269	15.70614	20	587
Drenje Šćitarjevsko	45.77764	16.12423	20	179
Drenov Bok	45.26722	16.82778	14	82
Drenov Klanac	44.94028	15.19	08	31
Drenovac	44.22861	16.21639	19	8
Drenovac	44.95083	15.62194	05	0
Drenovac	45.22278	17.75417	11	532
Drenovac	45.29663	16.20114	14	24
Drenovac Radučki	44.40374	15.57071	08	0
Drenovača	44.03861	15.74306	19	0
Drenovci	44.34056	15.95139	19	0
Drenovci	44.92056	18.91222	18	1398
Drenovec	46.18611	16.47667	16	299
Drenovica Lipnička	45.5681	15.3497	05	10
Drenčec	45.83754	16.20431	21	136
Drežnica	45.13617	15.0909	05	356
Drežnik	45.29033	17.46966	02	316
Drežnik Brezovički	45.72239	15.89547	21	692
Drežnik Grad	44.94917	15.67417	05	313
Drežnik Podokićki	45.72264	15.74256	20	247
Drinak	45.09566	14.87225	12	8
Drinovci	43.85278	16.01806	13	124
Drivenik	45.24028	14.65111	12	332
Drivišica	44.52611	15.08472	08	0
Drlež	45.55083	17.13917	01	11
Drlićeve Kuće	43.92417	15.62111	19	0
Drljanovac	45.79889	16.99278	01	193
Drljača	45.35978	16.51429	14	184
Drljače	45.12806	16.11167	14	0
Drnek	45.69526	16.22133	20	288
Drniš	43.8625	16.15556	13	2752
Drnje	46.20694	16.91694	06	805
Dronjci	44.17389	16.25139	13	0
Dronjci	44.20306	16.22833	13	0
Dropci	44.28694	15.94861	19	0
Dropci	44.44389	16.12944	19	0
Dropkovec	46.1027	16.41091	06	150
Dropulići	43.11889	17.43278	03	0
Dropulići	43.17361	17.43083	15	0
Dropulići	43.19528	17.41306	15	0
Dropuljići	43.46194	17.15639	15	0
Dropčevec	45.9125	16.30517	20	74
Drum	43.41694	17.17611	15	618
Drumovi	45.39861	16.94222	14	0
Druškovec	46.25573	16.1481	16	326
Druškovec Gora	46.18556	15.69379	07	68
Druškovec Humski	46.19242	15.69511	07	360
Družbinec	46.35028	16.22472	16	508
Družijanići	43.10306	17.44333	03	0
Družijanići	43.28889	17.17806	15	0
Družilovec	46.01741	15.83945	07	0
Družilovec	46.02139	15.83694	07	400
Drvenik	42.56762	18.31346	03	40
Drvenik	42.76417	17.92083	03	0
Drvenik	43.15573	17.24854	15	420
Drča	44.0875	15.85528	13	0
Drče	44.43917	16.10306	19	0
Dršci	43.70167	16.59028	15	0
Drškovci	45.32556	17.65	11	351
Držimurec	46.40575	16.56679	09	366
Duba	42.97806	17.495	03	4
Duba	43.01833	17.16917	03	29
Duba Konavoska	42.60278	18.34167	03	68
Duba Stonska	42.87389	17.64167	03	64
Dubac	42.63056	18.15389	03	0
Dubac-Varsan	44.61541	14.81603	08	6
Dubci	43.40289	16.89309	15	0
Dubička Brda	45.19806	16.81083	14	0
Duboka	42.94556	17.54361	03	266
Duboka	43.02483	16.14244	15	10
Duboka	43.24611	17.27444	15	13
Duboka	44.89722	14.9125	08	0
Duboka	45.38861	17.97444	11	38
Duboki	44.65389	15.61861	08	0
Duboki Dol	44.23167	15.94972	19	0
Dubokolje	44.59778	15.24194	08	0
Dubovac	45.5	15.53333	05	0
Dubovac Okučanski	45.24111	17.205	02	262
Dubovec	46.01556	16.45333	06	0
Dubovec	46.02146	16.02442	07	300
Dubovec Bisaški	46.00829	16.28585	20	70
Dubovica	46.29417	16.68722	16	257
Dubovik	45.25611	18.01111	02	86
Dubočac	45.04695	17.86148	02	179
Duboševica	45.88944	18.69667	10	393
Dubraja	44.12389	15.60667	19	0
Dubranec	45.61667	15.96667	20	346
Dubrava	42.88778	17.49917	03	161
Dubrava	43.23111	17.24389	15	300
Dubrava	43.49789	16.64961	15	305
Dubrava	43.5	16.48333	15	0
Dubrava	43.735	15.94806	13	1117
Dubrava	43.81292	15.71345	13	154
Dubrava	44.05222	15.37444	19	0
Dubrava	44.16583	15.93056	19	0
Dubrava	44.63472	15.22333	08	0
Dubrava	45.83777	16.53751	20	1233
Dubrava	46.38444	16.055	16	216
Dubrava Pušćanska	45.89904	15.7729	20	196
Dubrava Samoborska	45.80736	15.67935	20	247
Dubrava Zabočka	46.02312	15.94823	07	574
Dubravci	45.14074	13.81949	04	5
Dubravci	45.45198	15.44385	05	152
Dubrave	43.12134	17.50709	03	0
Dubrave	45.10605	15.68081	05	6
Dubravec	46.24902	16.08047	16	360
Dubravica	42.74481	17.9393	03	33
Dubravica	43.02444	17.65444	03	73
Dubravica	45.95686	15.73245	20	112
Dubravica Desinićka	46.15162	15.69405	07	41
Dubravice	43.85306	15.93889	13	509
Dubravka	42.53528	18.42444	03	261
Dubrovnik	42.64125	18.10909	03	26922
Dubrovčan	46.05203	15.80014	07	742
Dubrovčani	45.44527	15.44568	05	218
Dudići	44.66194	14.76611	08	0
Dudunići	45.21139	16.66556	14	0
Duga Gora	45.34564	15.33266	05	51
Duga Luka (Prtlog)	45.04843	14.15503	04	30
Duga Međa	45.56763	17.93118	17	154
Duga Resa	45.44614	15.49871	05	5380
Duga Rijeka	46.18417	16.59	06	132
Duga Uvala	44.92762	14.02423	04	0
Dugače	45.43044	15.31022	05	17
Duge Njive	43.20855	17.21661	15	71
Dugi Do	44.86778	15.44889	08	0
Dugi Dol	45.34955	15.57194	05	74
Dugi Rat	43.44611	16.63972	15	3338
Dugnjevec	46.08822	15.70215	07	65
Dugo	45.05083	18.81028	18	0
Dugo Selo	45.80611	16.24444	20	11097
Dugo Selo Lasinjsko	45.48132	15.88117	14	31
Dugo Selo Lukačko	45.87464	17.45386	17	412
Dugobabe	43.6225	16.42444	15	126
Dugopolje	43.58056	16.60278	15	3248
Dugopolje	44.3375	16.20361	19	17
Duhovi	45.51944	17.00833	01	79
Dujići	43.92694	16.08028	13	0
Dujkići	43.57917	16.85139	15	0
Dujmina	43.565	16.72306	15	0
Dujmić Selo	45.22606	15.22172	05	114
Dujmići	43.59389	16.98278	15	0
Dujmišići	44.82472	15.07139	08	0
Dujmovići	43.50278	17.13028	15	0
Dujmovići	43.51861	17.06444	15	0
Dujmovići	44.82194	15.29833	08	0
Dukati	42.98639	17.55889	03	0
Dukići	43.62444	16.70194	15	0
Dukići	44.31611	15.85667	19	0
Dukići	44.39139	16.09528	19	0
Dukići	44.41167	16.075	19	0
Dukići	44.48389	16.08278	08	0
Dukići	45.23444	16.01778	14	0
Dukići	45.34278	16.42583	14	0
Dukovec	46.09712	15.89339	07	219
Dulepska	45.89567	16.34177	20	132
Duliba	44.67167	15.25806	08	0
Duliba	44.95	14.97278	08	0
Dulibe	44.81667	15.17694	08	0
Dumanac	43.06528	17.44583	03	0
Dumače	45.47306	16.1775	14	240
Dumboka	43.92534	15.17318	19	0
Dumići	43.22972	17.21639	15	0
Dumići	44.26778	16.19111	19	0
Dumovec	45.80345	16.15728	21	840
Dunave Krajnje	42.54111	18.40583	03	147
Dundovići	44.71611	14.99361	08	0
Dunjak	45.23778	15.6675	05	18
Dunjevac	44.62556	15.33417	08	0
Dunjkovec	46.39	16.37361	09	860
Dunovića Podi	44.72472	14.93972	08	0
Dupale	45.13917	16.24861	14	0
Dupori	44.12917	15.64972	19	0
Duralovići	42.8825	17.50944	03	0
Duračići	42.8725	17.53556	03	0
Duretina	45.98083	17.27	17	0
Durići	44.48944	15.71306	08	0
Durići	45.37083	15.60444	05	0
Durlinci	45.6373	15.42334	05	69
Durovići	42.55722	18.26028	03	0
Dusikrav	44.67889	14.93444	08	0
Dusina	43.1775	17.40722	15	471
Duvnjačke Čubrice	43.90028	16.51472	15	0
Duzluk	45.5153	17.86416	17	136
Duće	43.44278	16.66833	15	1560
Dučac	43.37037	16.67543	15	0
Dučići	45.71078	15.3046	05	29
Dušić	44.00222	15.61917	19	0
Dužani	42.82611	17.84722	03	0
Dužica	45.53806	16.23861	14	288
Dvor	45.07032	16.37753	14	809
Dvoranci	45.56667	15.88333	20	174
Dvori	43.52056	16.57278	15	0
Dvori	45.28804	13.67597	04	62
Dvorine	43.54	17.03667	15	0
Dvorište	45.29234	15.55401	05	29
Dvorišće	45.36991	16.09907	14	75
Dvorišće	45.67256	15.43388	05	22
Dvorišće Ozaljsko	45.61571	15.42979	05	39
Dvorišće Rakovečko	45.95028	16.33667	20	150
Dvorjanci	45.42311	15.45039	05	102
Dvornica	43.51395	16.0085	13	117
Dvorska	45.73261	17.47706	17	11
Dvožderi	43.56111	16.80667	15	0
Džaja	43.67083	16.74167	15	0
Džakule	44.71389	15.68306	08	0
Džaperovac	45.24111	15.75083	05	7
Dželetini	42.99528	17.62778	03	0
Džepine	44.08778	16.21083	13	0
Džolići	43.63306	16.69278	15	0
Džudželići	43.84028	16.68111	15	0
Egeljac	44.33611	15.65056	08	0
Eminovci	45.35667	17.73056	11	561
Emovački Lug	45.35389	17.62694	11	23
Eraci	43.09972	17.49056	03	0
Ercegi	45.20611	15.78333	05	0
Ercegovci	44.00889	16.36806	13	0
Ercezi	43.32583	17.18611	15	0
Erdelj	45.35278	15.28583	05	369
Erdelj	45.38149	15.3633	05	303
Erdovec	46.0325	16.47972	06	191
Erdut	45.52639	19.06028	10	561
Eremije	45.21833	16.03694	14	0
Erkovčići	45.34444	14.06444	04	36
Ernestinovo	45.45194	18.65917	10	996
Ertić	45.5738	15.30331	05	10
Ervenik	44.10924	15.94139	13	227
Ervenik	46.08174	16.11909	07	64
Ervenik Zlatarski	46.07631	16.10261	07	23
Eržišće	45.16164	14.13722	04	47
Esapovići	45.14444	15.46556	05	0
Ezgete	43.8075	16.65139	15	0
Fabci	45.24417	13.76972	04	45
Fadljevići	44.69333	15.35528	08	0
Fajerovec	46.0831	16.39778	06	50
Falalelići	45.32396	14.27858	12	0
Falašćak	45.75292	15.74527	20	106
Falinić Breg	46.36629	16.10576	16	89
Farini	45.27083	13.70306	04	48
Farkaševac	45.87944	16.64083	20	287
Farkaševec Samoborski	45.81329	15.74987	20	467
Fažana	44.92742	13.80349	04	1788
Ferdinandovac	46.06054	17.19187	06	1352
Ferenci	45.31361	13.7525	04	63
Ferenci	45.64573	15.45212	05	37
Ferežani	46.03732	16.43421	06	83
Feričanci	45.52889	17.97583	10	1332
Ferketinec	46.47477	16.51042	09	157
Ferlini	45.105	13.8825	04	0
Ferovac	45.38167	17.85556	11	74
Festinec	45.95397	16.50506	20	57
Filakovi	45.83028	18.7675	10	0
Filipac	45.33639	13.5825	04	0
Filipana	44.99667	13.95361	04	93
Filipi	45.31346	13.74888	04	28
Filipini	45.2202	13.67121	04	47
Filipići	46.22561	16.29082	16	108
Filipovac	45.42021	17.16818	11	336
Filipovići	43.26083	17.33472	15	0
Filipovići	45.99396	16.2713	20	73
Filozići	45.11278	14.29694	12	8
Finida	45.42683	13.54439	04	363
Finčevec	46.10019	16.42705	06	72
Fiorini	45.36167	13.58778	04	166
Fistaniči	43.40306	16.86139	15	0
Fižela	44.86917	13.80639	04	0
Flengi	45.16417	13.66806	04	149
Florijan	46.04146	15.74711	07	6
Fodrovec Riječki	46.06028	16.37972	06	57
Foli	45.09694	13.92111	04	50
Fondole	44.92139	13.84722	04	0
Forkuševci	45.34889	18.49639	10	355
Fortica	44.87444	15.23056	08	0
Forčići	45.37913	14.04268	04	17
Fotez Breg	46.27951	16.10844	16	60
Francikovac	44.99556	14.95417	08	0
Francikovac	45.00556	14.94833	08	0
Franičevići	43.17556	17.1725	15	0
Franjevica	44.52472	14.91944	19	0
Frančići	45.10723	14.036	04	39
Frata	45.29639	13.62556	04	86
Fratrici	45.46116	13.54659	04	0
Fratrovci	45.43665	15.23261	05	29
Fratrovci Ozaljski	45.62261	15.43965	05	20
Fratrović	44.06278	15.67861	19	0
Frbežari	45.5689	14.62309	12	30
Frkanovec	46.45891	16.37948	09	301
Frkašić	44.69045	15.8101	08	21
Frkašić	44.69389	15.80528	08	33
Frketić Selo	45.45835	15.44198	05	71
Frkljevci	45.2625	17.82056	11	287
Frkuljevec Mihovljanski	46.12198	16.00392	07	80
Frkuljevec Peršaveski	46.12	16.01606	07	48
Frnjolići	45.14843	13.75735	04	0
Fuka	45.88333	16.53333	20	79
Fumići	44.97667	15.22583	08	0
Funtana	44.97417	15.49972	05	0
Funtana	45.17472	13.605	04	911
Furjan	45.06417	15.6875	05	0
Furjanići	45.65063	15.43413	05	29
Fučkovac	45.41269	15.29288	05	28
Fuškulin	45.18167	13.64028	04	221
Fužine	45.30528	14.71556	12	597
Gabajeva Greda	46.15901	17.01623	06	124
Gabelice	43.39306	17.1775	15	0
Gaber	46.14996	15.68748	07	93
Gabonjin	45.11108	14.56628	12	191
Gaboš	45.35306	18.73611	18	363
Gabric Mali	45.24667	17.98306	02	0
Gabrili	42.57417	18.29028	03	204
Gabrilovac	45.53475	18.06394	10	57
Gabrići	43.51917	16.605	15	0
Gabrići	43.55861	16.76833	15	0
Gabričević	43.62167	16.70944	15	0
Gabrovec	46.16531	15.713	07	44
Gaci	43.81556	16.63861	15	0
Gage	45.10833	16.30917	14	23
Gager	44.65194	14.78306	08	0
Gagići	44.15611	15.75278	19	0
Gagići	44.1575	15.71722	19	0
Gaić	45.40389	17.70611	11	0
Gaj	44.61083	15.45333	08	0
Gaj	45.4775	17.02806	11	234
Gaj Vrbovečki	45.89889	16.3725	20	326
Gajac	44.53249	14.89703	08	86
Gajana	45.00639	13.83222	04	185
Gaje	45.19611	16.81417	14	0
Gajec	45.88225	16.14099	21	327
Gajine	44.54332	15.98356	08	67
Gajić	45.84111	18.76944	10	232
Gajići	44.87028	15.11278	08	0
Gajići	45.14806	16.09583	14	0
Gala	43.72444	16.70568	15	806
Galezova Draga	45.65547	15.41539	05	25
Galgovo	45.74287	15.75037	20	698
Galicijani	45.215	17.98056	02	0
Galijaši	45.15222	16.12889	14	0
Galin	45.68804	15.43557	05	0
Galinec	46.29611	16.00944	16	0
Galiničići	43.54472	16.96528	15	0
Galinka	44.91889	15.36056	08	0
Galići	43.5775	16.51222	15	0
Galići	46.27083	16.02639	16	0
Galižana	44.93167	13.86861	04	1620
Galovac	44.07139	15.39333	19	1258
Galovac	45.84167	16.85583	01	358
Galovec	46.07278	16.19154	07	117
Galovec Začretski	46.10608	15.89743	07	260
Galović-Selo	45.41217	15.47501	05	65
Galovići	42.965	17.67167	03	0
Galovići	44.5	15.77333	08	0
Galzina	43.73528	16.68167	15	0
Gambetići	45.23923	13.74377	04	15
Gambiroža	44.07722	16.23972	13	0
Gamboci	45.42861	13.62278	04	100
Gambrija	45.21139	15.81889	05	0
Garbina	45.21769	13.62001	04	70
Garci	43.37833	17.20417	15	0
Gardijani	43.86833	15.93111	13	0
Gardinovec	46.42694	16.5575	09	784
Gardun	43.61167	16.71806	15	68
Garešnica	45.57444	16.94139	01	3294
Garešnički Brestovac	45.60861	16.95037	01	769
Garica	45.08917	14.61194	12	138
Garišta	43.74639	16.7775	15	0
Garjak	43.90272	16.45924	15	54
Garmazi	43.32639	17.12222	15	0
Garvan	42.71306	18.06389	03	0
Garčin	45.18278	18.18306	02	733
Gaspari	43.79833	16.54861	15	0
Gat	45.70611	18.32556	10	608
Gata	43.46667	16.7	15	599
Gavran	44.65944	14.93806	08	0
Gavrani	44.68167	15.37611	08	0
Gavranovići	43.5725	16.61528	15	0
Gazije	45.49056	17.94694	10	29
Gaćelezi	43.84167	15.79	13	181
Gaćeško Selo	45.30815	15.41285	05	4
Gaćište	45.82641	17.58602	17	143
Gačeša Selo	45.36185	15.7376	05	28
Gačice	46.23361	16.20389	16	289
Gačići	43.59361	16.67694	15	0
Gašinci	45.33472	18.31639	10	552
Gašparci	45.51167	14.7825	12	11
Gdinj	43.13194	16.92861	15	122
Gedići	45.27361	13.65417	04	136
Gegant	45.45861	17.05889	11	0
Gejkovac	45.2167	15.81333	05	147
Genda Vučkovići	44.12278	15.77028	19	0
Generalski Stol	45.34196	15.37557	05	482
Gerići	44.98722	15.12167	08	0
Gerovo	45.51472	14.64222	12	593
Gerovo Selo	44.86222	15.17417	08	0
Gerovo Tounjsko	45.26667	15.31667	05	41
Gerovski Kraj	45.50028	14.64194	12	72
Gezinci	45.75911	17.92211	10	24
Gečet	44.545	15.76639	08	0
Gečkovec	46.219	16.09313	16	107
Giletinci	45.31028	17.36472	02	189
Gilići	43.64222	16.82528	15	0
Gizdavac	43.65135	16.46876	15	109
Gizdići	43.55472	16.5025	15	0
Gladovec Kravarski	45.56667	16.05	20	194
Gladovec Pokupski	45.5	16	20	161
Glaurdići	43.76639	16.55194	15	0
Glavace	44.91417	15.26583	08	18
Glavan	44.25111	15.13444	19	0
Glavani	45.01917	13.95528	04	77
Glavat	42.76557	17.14591	03	0
Glavaš	44.00944	16.42139	13	0
Glavaši	43.31806	17.27583	15	0
Glavaši	44.82861	15.04917	08	0
Glavaši	44.90444	14.93389	08	0
Glavica	43.53472	17.02528	15	0
Glavica	44.04871	15.34339	19	178
Glavica	45.4515	15.31432	05	35
Glavica	45.45742	17.41963	11	13
Glavice	42.95583	17.62333	03	0
Glavice	42.98111	17.56278	03	0
Glavice	43.71181	16.66154	15	3597
Glavice	44.35611	16.12889	19	0
Glavina	43.545	16.51361	15	0
Glavina Donja	43.445	17.19889	15	1625
Glavina Gornja	43.46301	17.21326	15	302
Glavina Srednja	43.45	17.2	15	0
Glavičani	45.13556	16.34083	14	8
Glavnica Donja	45.94112	16.14492	21	506
Glavničica	45.84841	16.21376	21	213
Glavote	43.36361	17.27083	15	0
Glavotok	45.08928	14.44247	12	0
Glavurdići	43.83944	16.58528	15	0
Glibodol	44.99472	15.33694	08	7
Glibote	43.33972	17.22722	15	0
Gligići	43.80472	16.01583	13	0
Glina	45.33806	16.08806	14	4028
Glina Veljunska	45.22389	15.6	05	5
Glinica	45.19997	15.65883	05	12
Glinska Poljana	45.41412	16.15093	14	83
Glinsko Vrelo	45.15361	15.60972	05	39
Gljev	43.73528	16.76139	15	225
Gljevske Staje	43.73806	16.8	15	0
Gljevske Staje	43.75333	16.79833	15	0
Gljuščići	45.18944	13.85639	04	0
Globočec	46.01516	16.1583	07	490
Globočec Ludbreški	46.23512	16.64703	16	418
Glogovac	46.11556	16.87444	06	764
Glogovec Zagorski	46.10087	15.75088	07	72
Glogovica	45.23194	17.97389	02	163
Glogovo	44.31194	15.95028	19	3
Glošeta	42.89917	17.81222	03	0
Gložanci	45.12889	18.30444	02	0
Gložđe	45.3075	17.78778	11	0
Gložđe	45.72917	18.10472	10	0
Gluići	43.94265	16.02198	13	0
Glumačko Selo	44.75361	15.20167	08	0
Glunčuša	44.63667	15.4575	08	0
Gluvići	43.54611	16.95472	15	0
Glušci	43.01778	17.67833	03	53
Glušci	44.18556	15.92139	19	0
Glušice	44.65833	15.98722	08	0
Glušinja	45.77753	15.48353	20	14
Gnjatovići	45.23639	16.10389	14	0
Gnječi	43.11694	17.44389	03	0
Gnojnice	45.13159	15.67283	05	16
Godinjak	45.23694	17.49583	02	566
Goisovići	45.24611	15.59556	05	0
Gojak	45.3	15.26667	05	0
Gojanec	46.28778	16.30306	16	611
Gojevići	44.00972	16.41833	13	0
Gojilce	45.48972	16.845	14	0
Gojkovac	45.20016	15.68294	05	2
Gojlo	45.49056	16.8625	14	281
Gola	46.19583	17.05806	06	779
Golaš	45.08083	13.76861	04	120
Golemi	43.595	16.50667	15	0
Golenić	45.6643	17.63363	17	17
Goleš Makarska	44.03917	15.33028	19	0
Goleši Žumberački	45.69882	15.30947	05	2
Goli Breg	45.73333	15.9	21	410
Goli Vrh	45.68861	15.71639	20	270
Goli Vrh	45.91042	16.31667	20	45
Goli Vrh Netretićki	45.55072	15.40631	05	3
Goli Vrh Ozaljski	45.61925	15.45729	05	6
Golik	45.46645	14.87512	12	7
Golinci	45.68944	18.16583	10	342
Golinja	45.42174	15.95704	14	19
Golinjevo	43.60778	16.71417	15	0
Golići	44.74667	15.46944	08	0
Goljak	44.78167	15.12667	08	0
Goljak	45.56667	15.6	05	0
Goljak	45.70724	15.55162	20	46
Goljak	45.73333	15.5	20	0
Goljak Klanječki	46.01202	15.75805	07	60
Golo Brdo	45.44056	17.70083	11	221
Golo Brdo	45.8286	17.32612	17	303
Golobrdac	45.37053	17.42724	02	0
Golobrdci	45.37694	17.66194	11	278
Gologorica	45.25778	14.03417	04	237
Gologorički Dol	45.23856	14.05083	04	64
Golovik	45.19832	14.22907	12	58
Golubinjak	45.56306	17.15278	01	117
Golubić	44.09638	16.21785	13	654
Golubić	44.19993	15.82203	19	101
Golubići	45.36	13.84156	04	23
Golubići	45.76881	15.53811	20	6
Golubovac Divuški	45.13583	16.42722	14	61
Golubovec	46.17444	15.98694	07	0
Gomila	43.28972	17.18417	15	0
Gomirje	45.33599	15.11911	12	255
Gondolići	45.0698	14.13316	04	81
Gonjeva	45.73312	15.6999	20	42
Gonji Popovac	45.10417	15.61444	05	146
Gora	45.41917	16.19222	14	232
Gora Glušići	45.03833	14.10406	04	37
Gora Košnička	46.16159	15.64071	07	91
Gora Veternička	46.16344	15.98833	07	202
Goranec	45.8973	16.07935	21	297
Goranec	46.28066	16.0381	16	10
Gorani	45.45632	14.93645	12	0
Goravice	42.72111	17.89389	03	0
Gorači	45.60635	14.60744	12	92
Goračići	42.97167	17.64833	03	0
Gorenci	45.43065	15.11981	12	38
Gorenja Vas	45.34389	14.11194	04	0
Gorica	42.83444	17.68361	03	0
Gorica	43.21028	17.44028	15	0
Gorica	44.04139	15.4127	19	612
Gorica	44.39917	15.11861	19	87
Gorica	45.14167	14.01528	04	900
Gorica	45.43253	15.48473	05	61
Gorica	46.22492	16.73275	06	111
Gorica Jamnička	45.61154	15.87868	20	99
Gorica Lipnička	45.56242	15.39023	05	11
Gorica Miholečka	46.0525	16.42861	06	48
Gorica Skradska	45.45343	14.89427	12	2
Gorica Svetojanska	45.71547	15.5927	20	114
Gorica Valpovačka	45.64778	18.35361	10	144
Gorice	43.89861	15.87889	13	22
Gorice	45.21583	17.29583	02	126
Gorinci	45.35762	15.345	05	78
Gorići	44.85472	15.13917	08	11
Goričan	46.38417	16.68083	09	2343
Goričanec	46.00603	16.24749	20	74
Goričanovec	46.18077	15.81193	07	210
Goričica	45.8962	16.20104	20	346
Goričice Dobranske	45.39011	15.38434	05	37
Gorička	45.15833	16.33444	14	37
Goričko	46.20253	16.79243	06	121
Goriš	43.80441	16.01397	13	127
Gorjakovo	46.12352	15.74264	07	296
Gorjani	45.39889	18.37222	10	794
Gorjani Sutinski	46.17219	15.94327	07	121
Gorkovec	46.02874	15.74829	07	12
Gorniki Vivodinski	45.65621	15.4378	05	22
Gornja Batina	46.11936	16.11119	07	207
Gornja Bačuga	45.37711	16.26492	14	49
Gornja Bebrina	45.11194	18.11	02	393
Gornja Biljevina	44.96472	15.52306	05	0
Gornja Bistra	45.91667	15.9	20	1671
Gornja Brckovčina	46.01664	16.51359	06	146
Gornja Brela	43.4	16.91667	15	154
Gornja Brusovača	45.23083	15.73444	05	21
Gornja Budičina	45.38333	16.31667	14	0
Gornja Bukovica	45.65	17.78333	17	0
Gornja Bučica	45.46667	15.98333	14	84
Gornja Dobra	45.44311	14.94047	12	38
Gornja Drenova	45.93561	16.18816	20	269
Gornja Drežnica	45.15	15.05	05	0
Gornja Dubrava	42.88528	17.50639	03	0
Gornja Dubrava	44.86778	15.25389	08	0
Gornja Dubrava	46.43407	16.29684	09	195
Gornja Garešnica	45.65278	16.81556	01	118
Gornja Glavnica	45.9348	16.13943	21	227
Gornja Glina	45.14722	15.63139	05	106
Gornja Glogovnica	46.09099	16.55775	06	93
Gornja Gračenica	45.51278	16.69583	14	912
Gornja Greda	45.81217	16.32156	20	562
Gornja Jagodnja	44.01239	15.53707	19	93
Gornja Jelenska	45.59584	16.68857	14	640
Gornja Kamenica	45.05	15.13333	08	0
Gornja Klada	44.81472	14.90611	08	0
Gornja Komora	45.13917	16.16833	14	0
Gornja Konjšćina	46.09085	16.18243	07	101
Gornja Korita	43.71139	16.83639	15	0
Gornja Kovačica	45.76917	17.11083	01	225
Gornja Krašićevica	45.46889	14.69944	12	3
Gornja Krušica	43.35842	16.36684	15	0
Gornja Kupčina	45.632	15.57304	20	139
Gornja Letina	45.40667	16.56278	14	54
Gornja Ljubina	45.065	16.24667	14	0
Gornja Ljuta	42.53694	18.38667	03	0
Gornja Lomnica	45.71667	16	20	497
Gornja Lovča	45.2375	16.34778	14	0
Gornja Mala	43.41111	16.915	15	0
Gornja Mala	43.68389	16.52111	15	0
Gornja Meminska	45.30028	16.59472	14	9
Gornja Mlinoga	45.34138	16.32667	14	21
Gornja Motičina	45.47167	17.97139	10	27
Gornja Močila	45.03344	15.55733	05	4
Gornja Nugla	45.41194	14.02833	04	73
Gornja Obreška	45.78039	16.46971	20	97
Gornja Obrijež	45.48168	17.16926	11	84
Gornja Omsica	44.36889	15.93778	19	0
Gornja Oraovica	45.15547	16.41941	14	19
Gornja Pastuša	45.32018	16.33713	14	22
Gornja Pačetina	46.11293	15.87559	07	377
Gornja Pačetina	46.11389	15.87667	07	0
Gornja Petrička	45.73333	16.78333	01	88
Gornja Pištana	45.52329	17.83202	17	7
Gornja Plemenšćina	46.18669	15.77513	07	217
Gornja Ploča	44.46078	15.65117	08	43
Gornja Ploščica	45.71913	16.89642	01	32
Gornja Podgora	43.23973	17.08886	15	0
Gornja Podgora	45.9647	15.98653	07	240
Gornja Podstrana	43.48432	16.57782	15	129
Gornja Poljana	46.22028	16.485	16	218
Gornja Purgarija	45.73981	15.72127	20	69
Gornja Pušća	45.92859	15.77165	20	541
Gornja Rašenica	45.68978	17.2186	01	65
Gornja Reka	45.70585	15.63893	20	335
Gornja Rijeka	46.11121	16.39229	06	331
Gornja Rošca	43.55861	16.70278	15	0
Gornja Selnica	46.14666	16.13591	07	164
Gornja Sočanica	45.04528	16.23889	14	0
Gornja Sočanica	45.04944	16.25556	14	0
Gornja Stranica	45.56723	15.38263	05	5
Gornja Stražbenica	43.72028	16.78389	15	0
Gornja Stubica	45.97519	16.01931	07	747
Gornja Stupnica	45.15111	16.26972	14	27
Gornja Suvaja	44.40037	16.07377	19	40
Gornja Topličica	45.97474	16.2373	20	170
Gornja Trebinja	45.43861	15.67222	05	145
Gornja Trnovitica	45.68792	16.91328	01	44
Gornja Trstenica	45.39539	15.95473	14	38
Gornja Vas	45.77274	15.46859	20	21
Gornja Velešnja	45.24222	16.45917	14	56
Gornja Velika	45.99791	16.41637	20	54
Gornja Velika	46.06833	16.81667	06	75
Gornja Visočka	45.26433	15.52157	05	5
Gornja Višnjica	43.18806	17.29111	15	12
Gornja Višnjica	46.29176	15.99879	16	248
Gornja Vlahinička	45.60772	16.63307	14	256
Gornja Voća	46.3154	16.07635	16	421
Gornja Vrba	45.15528	18.06556	02	1654
Gornja Vrijeska	45.62472	17.28722	01	34
Gornja Vrućica	42.99722	17.27167	03	37
Gornja Zdenčina	45.68333	15.78333	20	138
Gornja Zečevina	43.38972	17.12611	15	0
Gornja Čemernica	45.35094	15.90168	14	88
Gornja Šemnica	46.15563	15.94128	07	568
Gornja Šiljkovača	45.13056	15.77417	05	62
Gornja Šuma	46.13611	17.04778	06	0
Gornja Šumetlica	45.44028	17.31611	11	32
Gornja Šušnjara	45.77524	16.76524	01	24
Gornja Žrvnica	45.18944	15.695	05	3
Gornjaki	45.98698	16.36941	20	39
Gornjaki	46.11222	16.24144	07	104
Gornjani	45.19139	16.79444	14	0
Gornjani	45.23611	17.00111	14	0
Gornje Bakote	43.37111	17.11056	15	0
Gornje Bazje	45.91	17.44278	17	397
Gornje Biljane	44.11409	15.5405	19	173
Gornje Brezno	46.19561	15.65795	07	258
Gornje Bukovlje	45.3915	15.44258	05	189
Gornje Ceranje	43.98333	15.61667	19	62
Gornje Cjepidlake	45.67524	17.4231	01	30
Gornje Danilo	43.70505	16.02751	13	0
Gornje Dubrave	45.30767	15.30801	05	63
Gornje Dvorišće	45.82648	16.28704	20	61
Gornje Gnojnice	45.13646	15.67815	05	19
Gornje Grići	45.53611	15.38806	05	0
Gornje Igrane	43.23514	17.1567	15	3
Gornje Jelenje	45.36583	14.61639	12	0
Gornje Jesenje	46.20639	15.9125	07	669
Gornje Komarevo	45.41222	16.42194	14	425
Gornje Kusonje	45.71504	17.57646	17	10
Gornje Ladanje	46.31576	16.15832	16	883
Gornje Makojišće	46.14288	16.30933	16	378
Gornje Mokrice	45.43838	16.20768	14	84
Gornje Mrzlo Polje	45.46713	15.50274	05	544
Gornje Obuljeno	42.67818	18.10712	03	141
Gornje Ogorje	43.73696	16.45339	15	123
Gornje Orešje	46.01583	16.22361	20	226
Gornje Pazarište	44.63333	15.3	08	0
Gornje Petrčane	44.18333	15.18333	19	0
Gornje Planjane	43.76737	16.19453	13	111
Gornje Plavnice	45.94062	16.85522	01	635
Gornje Podotočje	45.68333	16.13333	20	492
Gornje Pokupje	45.56667	15.51667	05	150
Gornje Postinje	43.70275	16.42516	15	132
Gornje Predrijevo	45.78972	17.78583	17	55
Gornje Prekrižje	45.68333	15.48333	20	40
Gornje Prilišće	45.46098	15.3557	05	43
Gornje Primišlje	45.15894	15.49507	05	7
Gornje Psarjevo	45.95742	16.20575	20	419
Gornje Raštane	44.02587	15.43894	19	425
Gornje Rogolje	45.36667	17.21667	02	15
Gornje Rovišće	45.95541	16.75893	01	75
Gornje Selište	45.30801	16.06462	14	52
Gornje Selo	42.84611	17.63194	03	0
Gornje Selo	42.85778	17.79417	03	0
Gornje Selo	42.88972	17.73556	03	0
Gornje Selo	42.9025	17.54306	03	0
Gornje Selo	43.35528	16.34111	15	262
Gornje Selo	44.52667	15.26028	08	0
Gornje Selo	44.89528	15.17806	08	0
Gornje Sitno	43.51722	16.61028	15	356
Gornje Soče	42.96028	17.62972	03	0
Gornje Sredice	46.03722	16.82	01	113
Gornje Stative	45.50936	15.46368	05	393
Gornje Taborište	45.12933	15.58674	05	205
Gornje Taborište	45.43175	16.01795	14	35
Gornje Tihovo	45.42968	14.838	12	4
Gornje Utore	43.70573	16.26835	13	52
Gornje Viljevo	45.6975	17.79306	17	17
Gornje Vinovo	43.73104	16.30697	13	16
Gornje Vrapče	45.83333	15.9	21	0
Gornje Vratno	46.35823	16.14556	16	1297
Gornje Vrhovine	44.83196	15.46597	08	150
Gornje Zaton	42.82972	17.76583	03	0
Gornje Zdelice	46.02556	16.8725	01	95
Gornje_Zagorje	45.18313	15.24548	05	270
Gornji Alebići	43.77472	16.60694	15	0
Gornji Andrijevci	45.18361	17.88278	02	377
Gornji Antunovići	43.27361	17.22528	15	0
Gornji Babin Potok	44.83917	15.52639	08	54
Gornji Babići	45.39123	13.58145	04	0
Gornji Begovići	43.23944	17.18667	15	0
Gornji Bilandžići	43.81778	16.51167	15	0
Gornji Bileni	44.70833	14.92833	08	0
Gornji Bitelić	43.80914	16.63347	15	140
Gornji Bjelovac	45.2892	16.45984	14	39
Gornji Bogičevci	45.25944	17.23611	02	538
Gornji Borki	45.56667	17.37444	01	0
Gornji Brgat	42.64111	18.15583	03	178
Gornji Budački	45.28648	15.60565	05	9
Gornji Bukovac Žakanjski	45.62145	15.34315	05	12
Gornji Bukovec	45.85	16.01667	21	0
Gornji Buljani	43.80417	16.62056	15	0
Gornji Cerovac	45.14345	15.57278	05	83
Gornji Crnogovci	45.21361	17.49222	02	69
Gornji Daruvar	45.59361	17.18722	01	346
Gornji Desinec	45.69299	15.69157	20	600
Gornji Dingač	42.92556	17.35333	03	0
Gornji Dobretin	45.00778	16.28917	14	4
Gornji Dolac	43.49602	16.73218	15	107
Gornji Doljani	44.89028	15.36972	08	0
Gornji Domjanovići	43.83389	16.59222	15	0
Gornji Draganec	45.78417	16.64738	01	318
Gornji Dragičevci	45.7952	16.56321	01	113
Gornji Dragonožec	45.64441	15.93498	21	308
Gornji Dubovec	46.00895	16.44016	06	7
Gornji Emovci	45.35639	17.64222	11	118
Gornji Filipovići	44.62722	15.26694	08	0
Gornji Fodrovec	46.04662	16.39372	06	157
Gornji Furjan	45.0625	15.67917	05	57
Gornji Galići	43.55	16.94389	15	0
Gornji Goli Vrh Lipnički	45.55551	15.39909	05	2
Gornji Gornjani	43.52167	16.70056	15	0
Gornji Grahovljani	45.48419	17.31601	11	9
Gornji Gučani	45.33889	17.5325	11	48
Gornji Hrastovac	45.30021	16.55065	14	85
Gornji Hrašćan	46.37806	16.34861	09	773
Gornji Hruševec	45.56515	16.02579	20	179
Gornji Humac	43.29639	16.72111	15	276
Gornji Jalšovec	46.13303	15.68624	07	64
Gornji Javoranj	45.12472	16.34778	14	26
Gornji Javornik	44.2	15.99583	19	0
Gornji Jošan	44.57639	15.75889	08	0
Gornji Jukići	43.81917	16.61722	15	0
Gornji Jurišići	43.54278	16.83667	15	0
Gornji Karin	44.13598	15.63423	19	824
Gornji Klasnić	45.2375	16.13778	14	14
Gornji Kneginec	46.25051	16.37555	16	1430
Gornji Koncovčak	46.49257	16.35306	09	86
Gornji Kosinj	44.71667	15.27472	08	92
Gornji Kraj	42.43139	18.49667	03	0
Gornji Kraj	43.57833	16.68528	15	0
Gornji Kraj	45.45889	17.04194	11	0
Gornji Kraj	45.93124	15.72865	20	150
Gornji Kraljevec	46.13036	16.21852	07	333
Gornji Kraljevec	46.46255	16.47035	09	518
Gornji Kremen	45.1201	15.62579	05	40
Gornji Križ	46.04359	16.76857	01	125
Gornji Kukuruzari	45.27226	16.49183	14	25
Gornji Kunci	43.79861	16.51889	15	0
Gornji Kuršanec	46.33003	16.36349	09	797
Gornji Kuti	45.47181	14.97592	12	28
Gornji Labusi	44.30167	16.00389	19	0
Gornji Laduč	45.88409	15.71268	20	788
Gornji Lapac	44.51611	15.9925	08	45
Gornji Lađevac	45.09583	15.6425	05	45
Gornji Lipovac	45.02556	15.67361	05	15
Gornji Lipovac	45.25639	17.66278	02	59
Gornji Lipovčani	45.77682	16.52546	01	71
Gornji Lović	45.66189	15.42178	05	27
Gornji Ložac	45.52427	14.73752	12	5
Gornji Lulići	44.705	15.49111	08	0
Gornji Maljevac	45.20333	15.75806	05	0
Gornji Marinkovac	45.80915	16.50535	20	145
Gornji Martijanec	46.2425	16.50583	16	28
Gornji Maslarec	46.06972	16.76	06	29
Gornji Mekinjar	44.56194	15.68861	08	0
Gornji Meljani	45.57656	17.65928	17	8
Gornji Meteri	43.50361	17.08056	15	0
Gornji Mihaljevec	46.43047	16.32568	09	233
Gornji Miholjac	45.76306	17.65472	17	214
Gornji Miklouš	45.72665	16.70264	01	77
Gornji Mitrovac	45.43361	17.85833	11	92
Gornji Mosti	46.06544	16.84316	01	51
Gornji Muslimi	43.74611	16.50944	15	0
Gornji Muć	43.69071	16.48378	15	450
Gornji Nikšić	45.14114	15.54744	05	49
Gornji Obod	42.58528	18.23361	03	0
Gornji Okrug	45.45794	14.71358	12	2
Gornji Oštrc	45.71667	15.41706	20	36
Gornji Oštri Vrh Ozaljski	45.60275	15.44046	05	9
Gornji Pedalj	45.1475	16.30389	14	0
Gornji Poličnik	44.18961	15.40144	19	150
Gornji Poloj	45.26667	15.46667	05	0
Gornji Prnjarovec	45.67926	16.52571	20	346
Gornji Proložac	43.47722	17.18556	15	262
Gornji Radmani	43.57333	16.79	15	0
Gornji Radošić	43.69917	16.6025	15	0
Gornji Ravlići	43.27889	17.21722	15	0
Gornji Rebić	44.54361	15.71361	08	0
Gornji Rukavac	45.36583	14.29	12	0
Gornji Seget	43.54189	16.20955	15	137
Gornji Selkovac	45.39563	16.0308	14	2
Gornji Sinac	44.80083	15.36444	08	0
Gornji Sjeničak	45.41367	15.80967	05	79
Gornji Skrad	45.31361	15.55556	05	44
Gornji Slatinik	45.26306	17.97806	02	92
Gornji Srb	44.35167	16.11639	19	0
Gornji Sređani	45.52861	17.16306	01	198
Gornji Starigrad	44.79167	14.90028	08	0
Gornji Stupnik	45.75261	15.84314	20	2087
Gornji Tabak	43.61833	16.95306	15	0
Gornji Tkalec	45.97096	16.44941	20	125
Gornji Tomaš	45.89678	16.93271	01	86
Gornji Trpuci	45.64597	15.90803	21	96
Gornji Turni	45.41932	14.8309	12	9
Gornji Tučepi	43.27174	17.0727	15	0
Gornji Uljanik	45.53672	17.04979	01	83
Gornji Vaganac	44.90972	15.7125	08	86
Gornji Varoš	45.15333	17.21333	02	189
Gornji Velemerić	45.40552	15.5685	05	101
Gornji Vidusevac	45.355	16.05278	14	373
Gornji Vikići	44.13667	15.69806	19	0
Gornji Vinjani	43.48361	17.23583	15	1157
Gornji Vinkovec	45.9869	16.33905	20	54
Gornji Vranješi	43.29667	17.26111	15	0
Gornji Vukojevac	45.59859	16.1061	14	67
Gornji Vukšinac	45.84381	16.59047	20	136
Gornji Vukšići	45.41432	15.00439	12	0
Gornji Vučkovići	45.42713	14.99012	12	10
Gornji Zagon	45.17894	14.82728	12	16
Gornji Zbilj	46.12857	15.7059	07	48
Gornji Zebanec	46.48428	16.39829	09	184
Gornji Zvečaj	45.36974	15.40705	05	159
Gornji Ðapići	43.81444	16.65	15	0
Gornji Ðurinići	42.46833	18.45194	03	0
Gornji Čaglić	45.36667	17.2	11	8
Gornji Čehi	45.74475	15.95897	21	368
Gornji Čemehovec	45.98565	15.71323	07	101
Gornji Šajn	45.49285	14.95567	12	15
Gornji Šarampov	45.71667	16.4	20	0
Gornji Škrnik	46.09594	15.66242	07	42
Gornji Štrpci	44.62556	15.98278	08	0
Gornji Žagari	45.58683	14.65302	12	65
Gornji Žirovac	45.12278	16.13444	14	14
Gorsa	44.825	15.12833	08	0
Gorušenjak	46.32654	16.11789	16	57
Goršćaki	45.57379	15.5469	05	121
Goršćaki Ozaljski	45.60155	15.46442	05	11
Gospa	43.11083	17.36444	15	0
Gospić	44.15417	15.58583	19	0
Gospić	44.54611	15.37472	08	6362
Gospićka	44.54056	15.33778	08	0
Gostenje	46.13432	15.70325	07	71
Gostinjac	45.12209	14.62868	12	94
Gostovača	44.68472	15.4625	08	0
Gostović	45.92849	16.44493	20	117
Gotalovec	46.15618	16.21963	07	139
Gotalovo	46.22083	16.98306	06	281
Govedari	42.73667	17.86167	03	0
Goveđari	42.78298	17.36274	03	138
Goveđe Polje	45.52111	17.09083	01	73
Gošić	43.98067	15.81516	13	21
Grab	43.64694	16.76139	15	523
Grab	44.28911	15.89464	19	35
Grabac	44.74306	15.51056	08	0
Grabar	45.76667	15.53333	20	0
Grabarak	45.7506	15.58569	20	3
Grabarje	45.12356	15.55433	05	0
Grabarje	45.35889	17.86167	11	400
Grabarje Brodsko	45.2175	18.02889	02	251
Grabarska	45.15417	15.75861	05	134
Grabe	46.08255	16.00038	07	391
Graberanec	45.91793	16.37381	20	1
Graberec	45.80804	16.54309	20	217
Graberje	45.38694	16.16861	14	107
Graberje Ivanićko	45.7099	16.47383	20	548
Graberšćak	45.9652	16.44209	20	43
Grabik	45.78285	16.55478	01	55
Grabić	45.74778	17.7275	17	105
Graborac	43.455	17.03139	15	0
Grabova Lokva	45.025	15.02194	08	0
Grabovac	43.43083	16.98667	15	321
Grabovac	44.97239	15.64754	05	309
Grabovac	45.69722	18.74	10	736
Grabovac Banski	45.33043	16.23762	14	127
Grabovac Krnjački	45.342	15.61727	05	58
Grabovac Vojnićki	45.32613	15.6359	05	42
Grabovci	43.49278	17.20111	15	1480
Grabovci	43.85412	15.76101	13	75
Grabovi Klanac	44.31778	15.45222	19	0
Grabovica	43.75111	16.80583	15	0
Grabovica	45.16722	16.30722	14	10
Grabovnica	45.74495	16.65339	01	326
Grabovo	45.27778	19.06028	18	0
Grabovo-dio	45.30079	19.04912	18	0
Graboštani	45.28111	16.54722	14	91
Grabrić	45.90128	16.50544	20	84
Grabričina	45.64647	16.61019	14	17
Grabrk	45.35	15.28333	05	87
Grabrov Potok	45.59778	16.58667	14	97
Grabrova	45.23924	14.23718	12	6
Grabrovica	44.93722	14.31833	12	0
Grabrovnica	45.935	17.17472	17	357
Grabrovnik	46.48811	16.30199	09	240
Grabušić	44.68806	15.71167	08	49
Graci	43.09333	17.44194	03	0
Grad	43.51778	16.70306	15	0
Gradac	43.10583	17.34167	15	989
Gradac	43.82167	16.27778	13	275
Gradac	44.63472	14.50611	12	0
Gradac	45.30986	17.81017	11	789
Gradac	45.5	15.56667	05	0
Gradac	45.54722	15.87611	20	106
Gradac Našički	45.43778	18.04028	10	135
Gradec	45.91111	16.48278	20	403
Gradina	42.97357	16.67816	03	0
Gradina	43.15833	17.26444	15	0
Gradina	44.20167	15.82861	19	0
Gradina	44.72833	15.28694	08	0
Gradina	44.73583	15.72333	08	67
Gradina	45.15972	13.68806	04	44
Gradina	45.855	17.50722	17	730
Gradina Mateljci	43.13056	17.41333	03	0
Gradine	43.01111	17.56667	03	0
Gradine	43.77179	15.96686	13	258
Gradinje	45.2584	14.07479	04	33
Gradinje	45.37356	13.86132	04	109
Gradići	45.70517	16.03867	20	1871
Gradište	45.14806	18.70667	18	2227
Gradište Bekteško	45.40417	17.945	11	94
Gradišće	45.11611	13.9225	04	45
Gradišće	45.42041	15.4028	05	42
Gradiščak	46.50679	16.35141	09	159
Gradna	45.82287	15.73254	20	541
Gradsko Selo	44.57833	15.39861	08	0
Gradusa Posavska	45.39611	16.53444	14	65
Grahovčevo Selo	44.77222	15.41028	08	0
Gramalj	45.42404	14.94308	12	0
Gramače	44.62944	14.80639	08	0
Grana	46.15765	16.32753	16	492
Grandić Breg	45.64905	15.48484	05	37
Grandići	45.06472	13.97361	04	122
Granešina	45.85	16.06667	21	0
Granice	45.40092	18.11679	10	53
Granići	43.25417	17.33083	15	0
Graničići	43.43861	17.21806	15	0
Granje	45.35806	17.81361	11	65
Grančari	45.70389	15.89306	21	254
Grančići	43.32028	17.28083	15	0
Graoina	43.0875	17.57306	03	0
Graovci	43.91417	16.31722	13	0
Graovci	44.49611	15.51639	08	0
Graovci	44.53167	15.52028	08	0
Graovo	44.39778	15.96167	19	0
Gračac	43.85	15.88333	13	159
Gračac	44.29916	15.84752	19	2060
Gračac	45.20861	15.1325	05	0
Gračac Slavetićki	45.73039	15.52109	20	0
Gračani	45.85	15.96667	21	0
Gračanica	45.45	16.06667	14	17
Gračački Dolovi	44.31556	15.79778	08	0
Gračec	45.83333	16.31667	20	915
Gračina	45.9773	16.56037	06	177
Gračišće	45.21889	14.01056	04	418
Grbajel	45.46695	14.8112	12	11
Grbava	43.55194	16.74306	15	0
Grbavac	42.65222	18.17889	03	89
Grbavac	45.70576	17.12043	01	145
Grbavci	43.46722	17.17889	15	0
Grbavci	43.48972	17.10806	15	0
Grbaševac	46.21556	16.745	06	20
Grbe	44.24194	15.21472	19	173
Grbić	42.95361	17.43222	03	0
Grbići	44.36278	16.15694	19	0
Grbići	44.83556	15.44139	08	0
Grbići	44.85222	15.43056	08	0
Grbljava	42.76528	17.90167	03	0
Grdak	46.12833	16.69694	06	70
Grdanjci	45.82495	15.6509	20	318
Grdenci	46.03755	15.92877	07	439
Grdoselo	45.28111	13.94111	04	128
Grdun	45.55177	15.43341	05	118
Grebaštica	43.636	15.96522	13	890
Grebišće	43.15923	16.71077	15	0
Greda	43.61528	16.69361	15	1015
Greda	45.52353	16.2794	14	763
Greda Breška	45.7087	16.34819	20	164
Greda Maruševečka	46.27639	16.20861	16	507
Greda Peskovečka	45.86667	16.35	20	99
Greda Sunjska	45.37694	16.56417	14	278
Gredenec	46.17249	15.80653	07	76
Gredica	45.14361	17.38	02	0
Gregurić Breg	45.78344	15.65827	20	106
Gregurovec	46.03083	16.44417	06	203
Gregurovec	46.06269	15.85633	07	115
Gregurovec	46.15485	15.9847	07	303
Grepe	43.32861	17.26889	15	0
Grepčine	43.68222	16.81944	15	0
Grezina	44.82611	15.11861	08	0
Gređani	45.2181	17.1825	02	105
Gređani	45.31317	15.97378	14	253
Grešćevina	46.22609	16.47402	16	127
Grganjica	45.41119	15.4273	05	16
Grgetić	45.11361	15.69222	05	0
Grgetići	43.67833	16.74111	15	0
Grgetići	45.74329	15.44842	20	0
Grginac	45.91394	16.89486	01	171
Grgići	43.24361	17.22556	15	0
Grgići	43.64167	16.67556	15	0
Grgići	44.07194	16.23361	13	0
Grgomičić	44.135	15.23	19	0
Grgovići	42.81306	17.78278	03	0
Grgurevići	45.23583	17.88111	02	98
Grgurica	44.20139	15.4275	19	148
Grgurići	42.785	17.87778	03	0
Grimalda	45.31639	13.98083	04	75
Griva	43.53944	16.85389	15	0
Grive	45.16583	16.14528	14	0
Grič	45.76942	15.44246	20	7
Griče	45.53333	15.38333	05	43
Griža	43.19639	17.15389	15	0
Grižane	45.20083	14.72167	12	818
Grižići	45.22127	17.84909	02	93
Grkaveščak	46.50014	16.35105	09	89
Grkine	46.07528	17.07495	06	121
Grletinec	46.19687	15.68318	07	192
Grljevac	43.487	16.551	15	1523
Grljušići	43.22472	17.34917	15	0
Grljušići	43.26361	17.30583	15	0
Grljušići	43.29167	17.30944	15	0
Grlo Klis	43.57139	16.53417	15	0
Grma	43.10639	17.3525	15	0
Grmani	45.24389	14.60972	12	0
Grmljani	43.5825	16.68417	15	0
Grmov	44.82389	14.38106	12	2
Grmušani	45.08583	16.3125	14	57
Grnčenik	43.13194	17.36083	15	0
Grobnik	45.36556	14.465	12	414
Grobnik Veljunski	45.23528	15.61778	05	10
Grohot	46.15999	15.68508	07	15
Grohote	43.39167	16.28722	15	440
Gromace	44.4575	15.60139	08	0
Gromača	42.72833	18.01528	03	149
Gromačnik	45.17944	17.9575	02	442
Gromin Dolac	43.12919	16.72826	15	6
Gromnik	45.23389	14.09722	04	8
Gronji Macelj	46.26273	15.85533	07	161
Grovišće	45.82306	18.82694	10	0
Grozdanići	44.86611	15.125	08	0
Grožnjan	45.37889	13.72389	04	142
Grtovec	46.15459	16.17221	07	299
Grubačevo Polje	44.34389	15.94028	19	2
Grubečići	45.33306	15.46944	05	0
Grubine	43.42986	17.16292	15	803
Grubić	44.15972	15.58694	19	0
Grubići	44.08361	16.20972	13	0
Grubići	45.31953	13.75626	04	37
Grubiši	45.21083	13.88333	04	0
Grubišići	43.64167	16.87639	15	0
Grubišići	44.26167	16.01222	19	0
Grubišno Polje	45.70214	17.17268	01	2588
Grubori	44.93222	15.16778	08	0
Gruda	42.51778	18.37444	03	860
Grudnjak	45.62694	18.03501	17	4
Grujići	43.90611	16.31222	13	0
Grulovići	44.00389	15.92556	13	0
Grusi	44.18194	15.29028	19	0
Grušići	42.54222	18.30056	03	0
Grčići	43.63194	16.605	15	0
Grčići	45.15639	16.29944	14	0
Grđevica	45.46667	17.45	11	0
Gršćaki	45.4384	15.46544	05	63
Gržini	45.11106	13.935	04	133
Gržići	45.21694	13.98306	04	0
Gubavica	43.62806	16.74056	15	0
Gubaševo	46.01898	15.86548	07	258
Guci Draganički	45.61431	15.58119	20	262
Gudalji	45.72491	15.30213	05	0
Gudci	45.65694	15.98861	20	384
Gudelj	43.33972	17.1075	15	0
Gudelj Velaga	43.42083	17.11583	15	0
Gudelji	43.38444	17.18	15	0
Gudelji	43.39306	17.11806	15	0
Gudelji	43.40639	17.21194	15	0
Gudovac	45.88028	16.78083	01	875
Guge	44.06139	16.22667	13	0
Gugići	43.67528	16.63028	15	0
Gugleta	44.17444	15.76194	19	0
Gulin	43.77889	15.96583	13	0
Gulić	44.01389	15.56528	19	0
Gulići	43.73167	16.76611	15	0
Gumanca	42.79528	17.92528	03	0
Gumanci	43.25833	17.30111	15	0
Gundinci	45.15833	18.49139	02	1610
Gunja	44.88766	18.82575	18	2600
Gunjavci	45.26976	17.46835	02	355
Gunjače	43.5425	16.80667	15	0
Gunjače	43.57167	16.85222	15	0
Gunjina	42.50083	18.42667	03	0
Guran	44.96626	13.89097	04	0
Gusakovec	46.00556	16.06417	07	190
Gusići	43.64528	16.81417	15	0
Gustelnica	45.60306	15.97361	20	100
Gusti Laz	45.4597	14.83277	12	6
Gustirna	43.53528	16.10556	15	331
Gutići	43.51417	17.03222	15	0
Guvnine	44.56917	15.01778	08	0
Guče Selo	45.46389	14.81361	12	19
Guči	43.36056	17.12917	15	0
Gušće	45.42611	16.58194	14	288
Gušće Čepinsko	45.52861	18.58472	10	0
Guščerovec	46.05472	16.47917	06	160
Gverići	43.92472	16.44389	15	0
Gvozdanska	45.71576	17.48616	17	22
Gvozdansko	45.13806	16.21111	14	23
Gvozdeni Brodarić Most	43.62639	16.70972	15	0
Gvozdići	45.16361	15.63583	05	0
Gvozdići	45.19139	15.61694	05	0
Gvozdna	45.24528	16.06111	14	0
Habjanovac	45.87448	16.55302	20	121
Habjanovci	45.54306	18.43	10	375
Haganj	45.91	16.58194	20	447
Hajdine	45.38725	15.08591	12	51
Hajduk	43.50583	16.95611	15	0
Hajdukovići	43.68306	16.62472	15	0
Hajtić	45.27546	16.07746	14	13
Hambarište	45.36484	15.09156	12	34
Hampovica	46.01333	16.95083	06	215
Han	43.73083	16.69528	15	0
Harambašić	44.07583	15.97056	13	0
Harina Zlaka	46.16407	15.61016	07	33
Harkanovci	45.59	18.33333	10	400
Harmica	45.89283	15.68638	20	245
Hartje	45.75689	15.45333	20	27
Havidić Selo	45.62594	15.93422	21	63
Hađer	45.37978	16.12008	14	51
Heki	45.21639	13.88972	04	495
Helena	46.08556	16.52722	06	263
Hemuševec	46.35225	16.6698	09	224
Henrikovci	45.32472	18.87611	18	0
Heraki	45.1899	13.76143	04	9
Hercegovac	45.65861	17.01361	01	857
Herešin	46.17972	16.86833	06	682
Hećimovići	44.65778	15.41972	08	0
Hećimovići	44.66083	15.46028	08	0
Hećimovići	44.71611	15.43472	08	0
Hećimovići	44.72722	15.44139	08	0
Hinići	44.65778	15.70861	08	0
Hinići	44.71556	15.52639	08	0
Hinići	44.79139	15.48056	08	0
Hinići	44.86194	15.34139	08	0
Hižakovec	45.96127	16.00807	07	96
Hižanovec	46.11376	16.42164	06	73
Hlapa	45.1361	14.62193	12	91
Hlapičina	46.52083	16.40056	09	600
Hlebine	46.15694	16.96278	06	1056
Hlevci	45.39556	14.92887	12	18
Hlevnica	46.2	15.78333	07	227
Hobar	44.98528	15.13806	08	0
Hobolići	45.66306	15.87194	21	0
Hodak	44.615	15.28222	08	0
Hodilje	42.85694	17.68944	03	160
Hodinci	45.66903	15.40554	05	29
Hodošan	46.39528	16.64389	09	1063
Homer	45.36083	14.72806	12	225
Homoljac	44.77139	15.62694	08	10
Homoljački Klanac	44.78556	15.58583	08	0
Horvati	45.7	15.81667	21	1477
Horvati	45.7175	15.81972	21	1401
Horvatsko	46.24965	16.11813	16	171
Hosnik	45.46066	14.92304	12	0
Hosti	45.36167	14.39444	12	0
Hotnja	45.50611	16.05	20	211
Hrahorić	45.07361	14.46528	12	0
Hramina	43.81667	15.6	13	0
Hrasno	42.80722	17.70889	03	0
Hrastelnica	45.50222	16.4175	14	744
Hrastin	45.43444	18.5975	10	259
Hrastina	45.90693	15.73386	20	144
Hrastina Samoborska	45.80732	15.7428	20	854
Hrastje	45.97791	16.26782	20	207
Hrastje Plešivičko	45.68359	15.62658	20	193
Hrastovac	45.44079	18.52938	10	139
Hrastovac	45.55306	16.99	01	370
Hrastovec Toplički	46.19463	16.4071	16	150
Hrastovica	45.40111	16.28722	14	402
Hrastovica Vivodinska	45.68919	15.42041	05	0
Hrastovljan	46.28417	16.53833	16	371
Hrastovsko	46.24917	16.58444	16	674
Hrašća	45.70588	15.56201	20	70
Hrašće Turopoljsko	45.73042	16.00518	21	1232
Hrašćica	46.32494	16.29427	16	1270
Hrašćina	46.11061	16.22698	07	76
Hrboki	45.02889	14.01944	04	159
Hrebine	45.91146	15.76063	20	289
Hrebinec	45.84421	16.26566	20	242
Hreljin	45.2825	14.59917	12	2139
Hreljin Ogulinski	45.29667	15.18139	05	446
Hreljići	45.01206	13.99662	04	71
Hrgovec	46.0928	16.47662	06	26
Hrgovići	43.78278	16.57889	15	0
Hrgovići	43.81694	16.62194	15	0
Hrgovljani	45.91667	16.83333	01	0
Hrib	45.51512	14.69171	12	85
Hribac	45.41672	14.92694	12	17
Hristići	43.69583	16.61722	15	0
Hrkalovići	44.76528	15.52528	08	0
Hrkalovići	44.88722	15.37778	08	0
Hrkanovci Ðakovački	45.26667	18.18694	10	90
Hrmotine	44.93556	14.96639	08	0
Hrnjaci	44.72194	15.62944	08	0
Hrnjanec	45.92323	16.20296	20	401
Hrnjevac	45.42639	17.82889	11	165
Hromec	46.20871	15.80315	07	375
Hrsina	45.40623	15.26715	05	29
Hrsovo	45.93763	16.68655	06	219
Hrtić	45.08972	16.35944	14	70
Hruševec	46.00269	15.96691	07	368
Hruševec	46.00722	15.96472	07	0
Hruševec Kupljenski	45.95092	15.80074	20	428
Hruševec Pušćanski	45.93866	15.7902	20	222
Hruškovec	45.93103	16.33629	20	73
Hruškovica	45.94168	16.40875	20	45
Hrušćica	45.7896	16.13412	20	166
Hrvace	43.76333	16.615	15	1483
Hrvatini	45.05	14.13333	04	0
Hrvatini	45.16833	13.95806	04	0
Hrvatska Dubica	45.19111	16.80028	14	774
Hrvatska Kostajnica	45.23167	16.53917	14	1439
Hrvatski Leskovac	45.74327	15.88975	21	2659
Hrvatski Čuntić	45.36012	16.28376	14	42
Hrvatsko	45.53167	14.70362	12	49
Hrvatsko Polje	44.90745	15.11814	08	126
Hrvatsko Selo	45.3	16	14	242
Hrvatsko Žarište	45.31858	15.63041	05	23
Hrvojevići	45.10306	15.6875	05	0
Hršak Breg	46.11017	15.84683	07	117
Hršćevani	43.41245	17.19164	15	381
Hrženica	46.29861	16.57444	16	780
Hrženik	45.65632	15.48765	20	94
Hudi Bitek	45.71043	15.89683	21	464
Hudovljani	46.07667	16.80139	06	114
Hudovo	45.93333	16.35	20	74
Hum	45.34806	14.05	04	52
Hum	45.67197	17.52919	17	62
Hum Bistrički	46.00828	16.09931	07	430
Hum Košnički	46.15609	15.63792	07	74
Hum Stubički	45.97628	16.0425	07	498
Hum Zabočki	46.0238	15.92819	07	445
Hum na Sutli	46.21139	15.69083	07	957
Hum-Varoš	45.69265	17.5541	17	24
Hum-Zabočki	46.02444	15.92611	07	0
Humac	43.14296	16.75715	15	0
Humljani	45.58528	17.81611	17	94
Husain	45.47417	16.81306	14	820
Husinec	46.07633	16.20762	07	97
Husje	45.48644	15.60488	05	153
Hutin	45.66949	15.50559	20	84
Hvar	43.1725	16.44278	15	3519
Igar	43.23833	17.16639	15	0
Igrane	43.19528	17.13889	15	347
Igrište	43.30667	17.26167	15	0
Igrišće	45.96183	15.87739	20	635
Ika	45.30361	14.28167	12	295
Ilača	45.18139	19.09583	18	682
Ilinac	44.48861	15.58611	08	0
Ilići	43.19139	17.39417	15	0
Ilići	44.84028	15.32917	08	0
Ilmin Dvor	45.7619	17.8996	17	42
Ilok	45.22222	19.37694	18	3842
Ilova	45.45558	16.83722	14	709
Ilovac	45.62811	15.4554	05	42
Ilovačak	45.45682	15.94296	14	41
Ilovački Lug	45.48806	16.92361	01	0
Ilovik	44.45972	14.54528	12	106
Ilovik	45.3728	14.44618	12	20
Imbrijevci	45.31056	18.10222	11	19
Imbrijovec	46.25472	16.82556	06	291
Imbrijovec Jalžabetski	46.25694	16.46028	16	246
Imotica	42.91389	17.68611	03	47
Imotski	43.44667	17.21667	15	4008
Imsovac	45.60056	17.05583	01	135
Inđići	44.35083	15.9	19	0
Iotići	44.32778	15.65472	08	0
Ipši	45.36874	13.84903	04	17
Irinovac	44.96028	15.65694	05	135
Iskisli	43.12056	17.5425	03	0
Islam Grčki	44.17389	15.45528	19	150
Islam Latinski	44.19222	15.44056	19	314
Ispod Crkve	43.61	16.71694	15	0
Ispodljut	44.075	15.79111	19	0
Ist	44.27415	14.7655	19	146
Istočna Plina	43.05667	17.50917	03	0
Istočna Plina	43.10028	17.48056	03	0
Istočni Trojvrh	45.13263	15.34449	05	18
Ivan Dolac	43.13	16.64028	15	68
Ivan-Dol	45.34278	17.50833	11	103
Ivanbegovina	43.41778	17.15194	15	251
Ivanbrijeg	45.66896	17.66442	17	29
Ivanci	45.15333	19.08472	18	0
Ivandići	43.7925	16.655	15	0
Ivanec	46.22306	16.12	16	4997
Ivanec Bistranski	45.84694	15.83139	20	887
Ivanec Gornji	45.85944	15.83778	20	0
Ivanec Vojakovački	46.07444	16.56583	06	272
Ivanečka Željeznica	46.20326	16.17257	16	211
Ivanečki Vrhovec	46.23123	16.15565	16	268
Ivanečko Naselje	46.2329	16.15016	16	252
Ivanin Dvor	45.30583	17.82611	11	0
Ivanić Desinićki	46.13696	15.66257	07	405
Ivanić Košnički	46.14455	15.645	07	23
Ivanić Miljanski	46.13346	15.65045	07	9
Ivanić-Grad	45.70833	16.39694	20	8452
Ivanići	44.34889	15.93333	19	0
Ivaničići	44.88583	13.92444	04	0
Ivaniševića	44.01472	15.72222	19	0
Ivaniševići	44.69694	15.67972	08	0
Ivaniševići	44.86361	15.46833	08	0
Ivanja Reka	45.80222	16.11889	21	1753
Ivanje	45.14889	14.32167	12	9
Ivanjski Bok	45.35437	16.7466	14	11
Ivankovic Selo	45.4155	15.72135	05	3
Ivankovići	43.55944	16.91194	15	0
Ivankovići	44.15417	15.95861	13	0
Ivankovo	45.28861	18.68389	18	5076
Ivanovac	45.48639	18.63694	10	1375
Ivanovci	45.62167	18.37833	10	405
Ivanovci Gorjanski	45.36603	18.4173	10	580
Ivanovci Požeški	45.32694	17.96333	11	16
Ivanovci Đakovački	45.36965	18.40914	10	503
Ivanovec	46.36833	16.47667	09	1922
Ivanovići	43.36972	17.15444	15	0
Ivanovo	45.72821	18.10214	10	224
Ivanovo Polje	45.58833	17.14	01	170
Ivanovo Selo	45.67222	17.25222	01	215
Ivanovčani	45.91667	16.86667	01	0
Ivanska	45.77889	16.81194	01	564
Ivančani	45.86667	16.61667	20	139
Ivančec	46.19225	16.63716	06	48
Ivančevići	44.46167	15.47667	08	0
Ivančevići	44.86111	15.36444	08	0
Ivančevići	44.87056	15.15528	08	0
Ivančevići	44.87861	15.30944	08	0
Ivančići	45.72389	15.60093	20	145
Ivančići Pokupski	45.52196	15.72472	05	11
Ivačići	43.72139	16.69778	15	0
Ivetići	44.82972	15.04333	08	0
Ivići	45.18339	13.76631	04	0
Ivosevic Selo	45.39808	15.73616	05	4
Ivoševci	44.03163	15.99307	13	251
Ivušići	42.8625	17.52528	03	0
Ivčević Kosa	44.72528	15.44528	08	0
Izimje	45.63334	15.60548	20	195
Ičevo	43.91667	15.91667	13	78
Ičići	45.30722	14.28	12	836
Iševnica	45.45037	14.85856	12	5
Iž Mali	44.03333	15.13333	19	0
Jablan	45.37778	15.02889	12	177
Jablanac	44.70661	14.89712	08	53
Jablanac Jasenovački	45.21667	17.05	14	0
Jablanacka Jezero	44.69556	14.92333	08	0
Jablanovec	45.87583	15.85361	20	1301
Jabuka	43.63306	16.75611	15	239
Jabuka	44.1375	15.87	19	0
Jabukovac	44.24861	15.87861	19	0
Jabukovac	45.32861	16.295	14	110
Jabučeta	46.01389	16.89917	01	40
Jadovno	44.53861	15.23806	08	0
Jadranovo	45.23111	14.61833	12	1077
Jadreški	44.86889	13.91611	04	537
Jadrija	43.72778	15.84583	13	0
Jadrijevići	43.71306	16.66528	15	0
Jadrići	43.62417	16.57361	15	0
Jadrići	45.55	15.31667	05	7
Jadrtovac	43.67611	15.95083	13	171
Jadruhi	45.30137	13.74947	04	54
Jagetići	45.15889	15.06778	05	0
Jagma	45.4177	17.10901	11	33
Jagnjedovec	46.10611	16.81056	06	301
Jagnjić Dol	45.77882	15.78025	20	468
Jagnjići	43.67861	16.6575	15	0
Jagnjići	43.72639	16.70778	15	0
Jagodna	43.13813	16.61423	15	43
Jagodnjak	45.69917	18.57694	10	990
Jagodnje	44.60694	15.59528	08	21
Jagodno	45.7048	16.14037	20	533
Jagrovac	45.21359	15.73921	05	30
Jaguplije	45.35222	17.59028	11	128
Jakačina Mala	45.22556	17.87222	02	114
Jakačići	45.17966	14.0048	04	126
Jakići	43.12361	17.53111	03	0
Jakići	43.37806	17.25194	15	0
Jakići	45.19111	13.77639	04	17
Jakići Dolinji	45.15639	13.75254	04	25
Jakišnica	44.64528	14.7825	08	118
Jakomići	45.21188	14.05597	04	161
Jakopovac Kapelski	46.02556	16.78833	01	98
Jakopovec	46.24556	16.4124	16	419
Jakov Polje	45.08339	14.87103	12	12
Jakovci	45.45052	17.37954	11	0
Jakovci Netretićki	45.49543	15.37603	05	21
Jakovici	45.21008	13.80554	04	290
Jakovine	43.33611	17.21556	15	0
Jakovlje	45.93611	15.85559	20	2557
Jakovljevići	44.13306	15.89361	19	0
Jakovljevići	44.93278	15.00639	08	0
Jakuševec Zabočki	46.02986	15.88452	07	344
Jakšinec	45.95984	16.04109	07	238
Jakšić	44.30778	15.91778	19	0
Jakšić	45.35806	17.76389	11	1566
Jakšići	44.31944	15.95778	19	0
Jakšići	45.17167	13.94417	04	0
Jakšići	45.42569	15.03014	12	42
Jales Breznički	46.05241	16.27323	16	114
Jalkovec	46.28083	16.31972	16	1259
Jalševec	45.86667	16.06667	21	0
Jalševec Nartski	45.76405	16.20136	20	461
Jalševec Svibovečki	46.21	16.4829	16	271
Jalšje	46.04524	15.85199	07	301
Jalšovec	46.51444	16.31361	09	111
Jalžabet	46.26083	16.475	16	1005
Jamarica	45.43056	16.93917	14	335
Jamarje	45.01	15.73111	05	0
Jame	45.08778	15.62111	05	21
Jamnica Pisarovinska	45.5975	15.87944	20	64
Jamnička Kiselica	45.55278	15.85944	20	0
Jamno	46.28333	15.93333	16	84
Janja Gora	45.08464	15.41881	05	90
Janja Lipa	45.44861	16.98694	14	152
Janjina	42.92528	17.42833	03	185
Janjiši	43.46639	17.23806	15	0
Janjče	44.74667	15.39167	08	0
Jankomir	45.79167	15.9	21	5000
Jankovac	46.1445	16.69731	06	38
Jankovići	43.5775	16.85972	15	0
Jankovo Selište	45.36764	15.4248	05	59
Januzi	45.20833	16.12833	14	0
Januzovići	45.12333	16.3675	14	0
Jančani	45.46028	15.26904	05	24
Japaga	45.4197	17.19522	11	137
Japundžići	44.42167	15.92778	19	0
Jarak	45.24056	15.95972	14	0
Jarebinjak	43.55361	15.99694	13	10
Jarek Bisaški	46.05401	16.28789	16	187
Jarek Habekov	46.10865	16.20836	07	144
Jargovo	45.15028	14.74944	12	0
Jarki	46.35208	16.09574	16	132
Jarki Horvatićevi	46.22444	16.44444	16	31
Jarkovište	43.67083	16.89111	15	0
Jarmina	45.31806	18.72917	18	2016
Jarnevići	45.55192	15.35734	05	25
Jarošoni	45.13056	16.34694	14	0
Jaruge	45.11583	18.42028	02	538
Jarušje	45.77322	15.5799	20	48
Jarčani	46.11307	16.57157	06	89
Jarče Polje	45.44819	15.40142	05	119
Jasena Majići	43.22083	17.26917	15	0
Jasenak	43.53472	16.93194	15	0
Jasenak	45.23278	15.04417	05	175
Jasenaš	45.72722	17.41056	17	53
Jasenice	42.59278	18.26917	03	13
Jasenik	45.93333	17.05	01	30
Jasenovac	43.44472	17.13694	15	0
Jasenovac	45.27167	16.91167	14	525
Jasenovac	45.72861	18.75222	10	4
Jasenovac Zagorski	46.08874	15.80802	07	49
Jasenovača	44.59806	15.03778	08	0
Jasenovica	45.17639	13.65833	04	56
Jasenovica	45.58095	15.36543	05	19
Jasenovčani	45.30656	16.61173	14	14
Jasensko	43.73	16.65444	15	306
Jasetići	45.53639	15.47694	05	0
Jasikovac	44.72556	15.72278	08	24
Jasnić Brdo	45.28067	15.60844	05	4
Jastrebarsko	45.66833	15.64861	20	5312
Jatare	44.33667	15.44639	19	0
Jatare	44.8575	14.93889	08	0
Javanović Padež	44.67611	15.05028	08	0
Javnica	45.05669	16.29735	14	28
Javnik	45.04306	16.19278	14	0
Javor	45.77367	15.47748	20	7
Javorek	45.83333	15.61667	20	39
Javorine	44.70722	15.35806	08	0
Javorje	45.09809	14.91412	12	1
Javorje	45.86019	15.76444	20	655
Javornik	45.01778	16.34667	14	71
Javorovac	46.0514	16.89551	06	57
Javorovići	44.27278	15.9	19	0
Javorovići	44.27444	15.89667	19	0
Jaz - Telašćica	43.91388	15.13222	19	0
Jazavica	45.31889	17.05972	14	327
Jazbac	45.46583	15.73944	05	0
Jazbina	46.16317	15.62808	07	28
Jazbina Cvetlinska	46.28509	15.96826	16	282
Jazbina Višnjička	46.29667	15.98609	16	18
Jazvaci	45.6	15.58333	05	0
Jazvenik	45.49111	16.30056	14	118
Jazvine	46.14784	15.90333	07	357
Jaškovo	45.56667	15.48333	05	385
Jažići	43.45917	17.20667	15	0
Jedra	43.11612	16.92036	15	0
Jeduševac	46.12612	16.93045	06	86
Jehnići	45.22472	13.70278	04	29
Jelasi	43.25056	17.24389	15	0
Jelavići	43.20056	17.40611	15	0
Jelavići	43.2075	17.31667	15	0
Jelavići	43.22444	17.41722	15	0
Jelavići	43.2375	17.3325	15	0
Jelavići	43.74306	16.53222	15	0
Jelače	44.33833	15.9	19	0
Jelačićevo	46.06806	17.15833	06	0
Jelačići	44.67111	15.39583	08	0
Jelašci	43.68139	16.73917	15	0
Jelenjak	46.11439	15.67775	07	89
Jelenje	45.38611	14.45111	12	395
Jelenščak	46.14909	16.28116	16	161
Jelik	45.15417	17.88028	02	0
Jelinići	44.47778	15.14306	08	0
Jelinčići	43.70556	16.67444	15	0
Jelisavac	45.52889	18.15611	10	1024
Jelići	44.05528	16.22361	13	0
Jelići	44.60833	15.26556	08	0
Jelići	45.075	15.16778	08	0
Jeličići	43.73389	16.52833	15	0
Jelkovec	45.81667	16.11667	21	0
Jelov Klanac	44.9906	15.63063	05	76
Jelov Klanac	45.00306	15.6025	05	0
Jelova Kosa	45.24083	16.06889	14	0
Jelovac	44.22083	15.95889	19	0
Jelovac	44.62083	15.95833	08	0
Jelovci	44.6775	15.65167	08	0
Jelovec	46.06034	16.18625	07	135
Jelovec Voćanski	46.33004	16.05125	16	59
Jelovice	45.49824	13.99957	04	10
Jelsa	43.16139	16.69306	15	1753
Jelvica	45.03333	15.2	08	0
Jelčići	44.45278	16.09778	08	0
Jeminovac	45.36808	17.47218	11	5
Jerbić Brdo	44.77028	15.40222	08	0
Jerebić	45.57805	15.96401	20	38
Jerković	43.60361	16.71028	15	0
Jerkovići	43.1075	17.40694	03	0
Jerkovići	43.37667	17.19306	15	0
Jerkovići	44.09583	16.20222	13	0
Jerkovići	44.28917	15.9	19	0
Jerkovići	44.92167	15.70806	05	0
Jerovec	46.23889	16.10861	16	760
Jertovec	46.03972	16.18722	07	610
Jesenice	43.46158	16.60197	15	1978
Jesenice	44.23	15.5775	19	151
Jesenovec	45.91897	16.14429	21	398
Jesenovik	45.23035	14.17423	04	42
Jezera	43.7876	15.64108	13	798
Jezera	45.12778	15.06528	05	0
Jezerane	45.04806	15.20639	08	270
Jezerce	44.85483	15.65123	08	246
Jezerce	44.86222	15.64472	08	230
Jezerine	45.67002	15.47569	20	22
Jezerišće	46.19865	15.80126	07	91
Jezernice	45.73676	15.36099	20	0
Jezero	44.67667	15.81472	08	0
Jezero	45.05472	15.42194	05	61
Jezero	45.39007	18.05333	11	7
Jezero Klanječko	46.01931	15.85283	07	190
Jezero Posavsko	45.63333	16.31667	14	56
Ječmište	44.83	14.93861	08	0
Ježdovec	45.7727	15.85218	21	1844
Ježevik	45.21194	18.075	02	59
Ježević	43.92445	16.46507	15	167
Ježevo	45.73333	16.3	20	409
Ježovec	46.24214	15.89547	16	234
Johi	45.45434	15.30595	05	19
Johovac	45.65689	16.47554	20	125
Johovo	45.27202	15.65998	05	16
Jojić	45.45528	15.69917	05	0
Jolići	44.675	15.40917	08	0
Jolići	44.69361	15.3825	08	0
Jonjići	43.42861	17.1675	15	0
Josipdol	45.1937	15.28924	05	1015
Josipdol	45.31611	15.90611	14	0
Josipovac	45.58278	18.58139	10	3602
Josipovac Punitovački	45.42361	18.41833	10	693
Josipovo	45.77215	17.68977	17	270
Jotluša	44.52083	15.10417	08	0
Jovac	45.12861	15.66167	05	0
Jovac	45.17056	16.45361	14	8
Jovanići	44.40444	16.09528	19	0
Jovanići	44.41472	16.08611	19	0
Jovanović Draga	44.63694	15.17056	08	0
Jovanovići	44.59444	15.32278	08	0
Jovančevići	44.23972	15.88417	19	0
Jovici	45.37028	15.66278	05	0
Jovići	43.21333	17.24417	15	0
Jovići	43.21444	17.22556	15	0
Jovići	43.47139	17.26611	15	0
Jovići	43.81889	16.62972	15	0
Jovići	43.94611	16.24667	13	0
Jovići	44.25157	15.38601	19	327
Jovići	44.87	15.33194	08	0
Jovići Mučki	43.20667	17.21917	15	0
Jošan	44.57583	15.74889	08	38
Jošane	44.06	15.42111	19	0
Jošavica	45.32675	16.36113	14	62
Joševica	44.43028	16.10806	19	0
Joševica	45.11611	16.28583	14	0
Joševica	45.30461	16.10642	14	34
Jošić	44.17417	15.65972	19	0
Jugovac	45.58476	15.37238	05	9
Jugovo Polje	45.78088	17.57056	17	267
Jujnovići	43.26472	17.20194	15	0
Jukića Kotlina	43.83833	16.61639	15	0
Jukići	43.33111	17.23972	15	0
Jukići	43.45	17.15694	15	0
Jukići	43.57944	16.93833	15	0
Jukići	43.59611	16.6275	15	0
Jukići	43.70222	16.74083	15	0
Jukići	43.72361	16.79306	15	0
Jukići	43.75444	16.55528	15	0
Jukići	43.8525	16.63722	15	0
Jukići	45.09056	15.76389	05	0
Jukići	45.21278	16.65278	14	0
Jukič	44.28306	15.48694	19	0
Juradi	45.33722	13.96278	04	69
Jural	45.13306	13.76111	04	16
Juran-Dvor	44.97	14.79306	12	0
Jurandvor	44.98	14.7375	12	330
Juranšćina	46.14565	16.12208	07	162
Jurasović	44.66889	15.61528	08	0
Jurati	45.42694	13.90139	04	0
Jurazini	45.14999	14.11205	04	91
Juraši	45.13111	14.20972	04	0
Jurcani	45.19264	13.75653	04	10
Jurdani	45.38139	14.31722	12	658
Jurele	43.76056	16.66306	15	0
Jurga	45.30815	15.71588	05	81
Juricani	45.40543	13.59284	04	396
Jurilji	43.21583	17.26056	15	0
Jurićev Kal	45.10028	13.99472	04	44
Jurići	43.69972	16.52667	15	0
Jurići	43.70083	16.54583	15	0
Jurići	45.16056	13.90694	04	89
Jurići	45.20495	13.76988	04	0
Juričina	44.19861	15.63889	19	0
Juričići	43.47528	17.13194	15	0
Jurišići	43.53	16.81306	15	0
Jurišići	44.65333	15.36722	08	0
Jurjevac Punitovački	45.43417	18.45306	10	264
Jurjevec	46.06043	15.86408	07	140
Jurjević	42.98333	17.23333	03	0
Jurjević	44.1825	15.65611	19	0
Jurjevići	43.1975	17.26833	15	0
Jurjevčani	45.72972	15.65703	20	79
Jurketinec	46.28235	16.21984	16	387
Jurkovac	45.3798	17.99755	11	10
Jurkove	43.59972	16.69806	15	0
Jurković	42.94472	17.42306	03	0
Jurković Do	44.7125	15.48194	08	0
Jurkovići	44.67833	15.40028	08	0
Jurkovići	44.71306	15.52306	08	0
Jurkovići	44.71889	15.37583	08	0
Jurkovići	44.86556	15.32139	08	0
Jurkovići	44.92139	15.17694	08	0
Jurkovići	44.94306	15.1675	08	0
Jurkovo Selo	45.70648	15.46193	20	54
Jurkuša	44.76444	14.90444	08	0
Jurlina	44.17472	15.28833	19	0
Jurlina	44.28639	15.4725	19	0
Jurlina	44.31972	15.49139	19	0
Jurovec	46.52197	16.34366	09	208
Jurovo	45.62553	15.3068	05	87
Jurovski Brod	45.6327	15.31928	05	158
Jurovčak	46.50139	16.3256	09	139
Juroši	43.48111	17.23472	15	0
Jurčevec	46.38056	16.54083	09	200
Jurčevići	43.54194	17.04972	15	0
Jurčevići	43.57833	16.99361	15	0
Jurčić Dolac	44.65389	15.00167	08	0
Juršići	45.01972	13.87528	04	202
Juzbašići	45.06889	15.5975	05	0
Juzbašići	45.08056	18.75861	18	0
Jučić	45.16139	15.64028	05	0
Jušići	45.3775	14.32194	12	828
Južni Škugori	43.71667	15.96528	13	0
Kabal	45.85944	16.64056	20	138
Kabalna	45.70222	18.13111	10	0
Kabići	44.13278	15.97778	13	0
Kablar	45.48645	15.74605	05	82
Kablari	44.09278	16.20111	13	0
Kabli	42.90967	17.51439	03	0
Kabolovi Dvori	44.93972	13.93111	04	0
Kadanovci	45.26139	17.82833	11	197
Kadina Glavica	43.85607	16.23041	13	150
Kadumi	45.21642	13.65545	04	237
Kajgana	45.59611	16.97639	01	223
Kajgana	45.61528	16.95944	01	0
Kajini	45.41864	13.94252	04	17
Kakanj	43.93047	15.8882	13	32
Kakinac	45.96912	16.77176	01	45
Kakma	43.99444	15.49278	19	177
Kalac	44.23444	15.4725	19	0
Kalac	45.22018	14.21909	12	25
Kalajdžići	43.18583	17.40417	15	0
Kalanj	44.99111	15.16639	08	0
Kalanji	44.52472	15.72778	08	0
Kalanji	44.99278	15.18278	08	0
Kalapač	44.13444	15.33056	19	0
Kaldanija	45.44111	13.63389	04	273
Kaldir	45.31417	13.85028	04	228
Kalebova Luka	43.51824	15.99055	13	0
Kalebovac	44.74028	15.70528	08	37
Kalemberi	44.73306	15.7175	08	0
Kali	44.06278	15.20556	19	1585
Kalina	43.63667	16.70194	15	0
Kalinić	44.00611	15.57528	19	0
Kalinić	45.30583	17.8825	11	62
Kalinje	45.98124	16.23899	20	256
Kalinovac	46.02944	17.11556	06	1194
Kalinovača	44.62389	15.19667	08	99
Kalinovica	45.75592	15.7975	20	409
Kalje	45.75866	15.47253	20	13
Kalk	44.64028	14.45889	12	0
Kalnik	46.12833	16.4625	06	287
Kaludrica	42.73528	17.85556	03	0
Kaluđerovac	44.65361	15.31083	08	13
Kamanje	45.63528	15.39583	05	366
Kamber	43.68389	16.78167	15	0
Kamen	43.51417	16.51472	15	1821
Kamena Gorica	46.15988	16.26674	16	186
Kamenac	45.77111	18.70528	10	129
Kamenci	45.71481	15.3226	05	0
Kamenica	45.12972	15.59722	05	0
Kamenica	45.95469	16.39894	20	43
Kamenica	46.10129	16.79309	06	9
Kamenica	46.24528	16.03306	16	128
Kamenica Skradnička	45.23012	15.34759	05	194
Kamenik	45.2025	16.78889	14	0
Kamenito Poljice	44.46361	16.10583	08	0
Kamenički Vrhovec	46.22626	16.04363	16	193
Kameničko Podgorje	46.25789	16.01561	16	248
Kamenjak	45.38833	14.55056	12	0
Kamenjuša	44.49389	15.34472	08	0
Kamenmost	43.42639	17.18611	15	393
Kamenska	45.44365	17.48021	11	5
Kamenski Hrib	45.55287	14.67999	12	4
Kamenski Vučjak	45.48766	17.53208	11	1
Kamensko	43.61694	16.95306	15	62
Kamešnica	45.22611	16.17444	14	0
Kamešnica	46.12673	16.50378	06	141
Kampelje	45.06704	14.61448	12	11
Kampići	45.10083	15.75639	05	0
Kampor	44.775	14.71861	12	1030
Kampor	44.79222	14.71028	12	0
Kanaeti	43.80222	16.54111	15	0
Kanat	44.58278	14.88778	08	0
Kanaziri	44.06917	15.99528	13	0
Kandić	44.48556	15.80111	08	0
Kanegra	45.4823	13.56921	04	0
Kanfanar	45.12194	13.83917	04	485
Kangrge	44.86361	15.30139	08	0
Kanica	43.49745	16.00103	13	108
Kaniška Iva	45.53778	16.92694	01	370
Kaniža	44.53722	15.34806	08	354
Kaniža	44.64167	15.37028	08	0
Kaniža	45.10806	17.88611	02	704
Kaniža	46.22067	16.08828	16	234
Kanjane	43.86015	16.24964	13	0
Kaočine	43.85671	16.06909	13	201
Kapan	45.81667	17.53333	17	0
Kapela	43.59944	16.59083	15	0
Kapela	45.98833	16.85139	01	358
Kapela Dvor	45.89062	17.42153	17	204
Kapela Kalnička	46.18111	16.4025	16	217
Kapela Korenička	44.80816	15.67266	08	7
Kapela Podravska	46.28	16.69361	16	408
Kapela Ravenska	46.03056	16.42889	06	73
Kapelec	46.28667	16.19556	16	82
Kapelica	45.08047	14.09656	04	635
Kapelica	45.57528	16.89333	01	442
Kapelna	45.71	18.065	10	223
Kapelski Vrh	45.99139	15.73639	07	100
Kapelščak	46.49809	16.36087	09	94
Kapetan stan	44.22083	15.51611	19	0
Kapetanovo Polje	45.50359	17.10405	11	25
Kapeč	43.12972	17.28806	15	0
Kapinci	45.80907	17.69343	17	113
Kapovići	43.22806	17.34667	15	0
Kapovići	45.14861	13.75198	04	2
Kaprije	43.69139	15.71167	13	186
Kaptol	45.43472	17.72611	11	1040
Kapuilice	43.53528	16.88056	15	0
Karadže	43.55556	16.81333	15	0
Karadžićevo	45.33278	18.68556	18	126
Karajlovichi	45.18639	15.4525	05	0
Karakaš	44.98833	15.20056	08	0
Karakašica	43.73472	16.63694	15	682
Karalić	43.88929	16.035	13	119
Karamanovac	43.54028	16.72	15	0
Karamatići	43.09139	17.49806	03	0
Karanac	45.76056	18.68444	10	658
Karane	46.01538	16.52998	06	230
Karasi	45.51841	15.71759	05	54
Karasovići	42.50556	18.40167	03	0
Karaula	44.35889	16.16944	19	0
Karaule	44.59778	15.01278	08	0
Karavla	44.59972	14.99	08	0
Karaš	46.09472	17.18917	06	0
Karbuni	42.91562	16.73063	03	0
Karigador	45.36028	13.55389	04	165
Karini	43.42889	17.16056	15	0
Karivaroš	45.96002	16.05419	07	265
Karići	44.67833	15.38333	08	0
Karići	44.72639	15.41667	08	0
Karkavac - Šćedro	43.09075	16.69629	15	0
Karlobag	44.5275	15.07389	08	368
Karlovac	45.49167	15.55	05	41869
Karlovac Feričanački	45.55107	17.96278	17	9
Karlovec Ludbreški	46.29194	16.62944	16	478
Karlovići	45.11476	13.86405	04	40
Karoca	45.77083	18.82444	10	0
Karoglani	43.39056	17.21111	15	0
Karoglani	43.39972	17.21278	15	0
Karojba	45.30083	13.82306	04	413
Karpinjan	45.32417	13.56333	04	0
Kartalije	45.38337	15.70953	05	33
Karšete	45.39722	13.61722	04	94
Kasaba	43.24583	17.25833	15	0
Kasali	43.41111	17.19639	15	0
Kasar	44.57611	15.74806	08	0
Kastav	45.37528	14.34861	12	10202
Kasumovići	44.69139	15.36778	08	0
Kasumovići	44.74472	15.40944	08	0
Kasuni	45.44728	15.26095	05	49
Katarine	45.13	16.37694	14	0
Katarova Stancija	44.8775	13.89528	04	0
Katavići	43.33722	17.23167	15	0
Katinac	45.65009	17.40597	01	101
Katinka	45.93182	17.47148	17	25
Katino	42.7325	17.85861	03	0
Katinovac	45.24221	15.92549	14	56
Katići	43.27361	17.20778	15	0
Katići	43.68889	16.74639	15	0
Katići	43.88472	16.575	15	0
Katići	45.19028	15.65056	05	0
Katići	45.21667	15.74333	05	0
Katoličke Čaire	45.54976	16.79303	14	198
Katoličko Selišće	45.62611	16.62333	14	136
Katoro	45.46291	13.51638	04	26
Katun	45.22139	13.72833	04	48
Katun Gračanski	45.20583	13.97556	04	0
Katun Lindarski	45.17389	13.92361	04	0
Katuni	43.46772	16.88546	15	455
Katuša	44.10861	15.72389	19	0
Kavran	44.90968	13.99747	04	121
Kavrani	45.49591	15.01388	12	0
Kaćunko	43.555	16.71083	15	0
Kačkovec	46.00957	15.72037	07	148
Kašin Okrajak	43.54167	17.0225	15	0
Kašina	45.91134	16.12436	21	1402
Kašinska Sopnica	45.91132	16.1028	21	187
Kašić	43.87194	15.68111	13	104
Kašljavac	45.88333	17	01	103
Kašt	45.7	15.36667	05	32
Kaštel	44.59278	14.87972	08	0
Kaštel	45.43317	13.66711	04	606
Kaštel Dežanovački	45.55	17.1	01	36
Kaštel Gomilica	43.55	16.4	15	4699
Kaštel Kambelovac	43.55	16.38333	15	5051
Kaštel Lukšić	43.55528	16.3675	15	5221
Kaštel Novi	43.55243	16.33628	15	6507
Kaštel Stari	43.55	16.35	15	6950
Kaštel Sućurac	43.55028	16.42639	15	6544
Kaštel Štafilić	43.55	16.33333	15	2822
Kaštel Žegarski	44.1542	15.85865	19	122
Kaštelanec	46.25222	16.42333	16	341
Kaštelina	44.29306	15.07194	19	0
Kaštelir	45.30333	13.68528	04	305
Kašćerga	45.30222	13.90111	04	235
Kebel	46.06667	15.96667	07	345
Kegljevac	45.97994	16.9425	01	46
Keglji	43.52722	16.91056	15	0
Keići	45.34555	15.41252	05	37
Kejić	45.15972	15.65694	05	0
Kelave	43.82028	16.62389	15	0
Kelci	45.2526	13.69154	04	0
Kelebude	45.16333	16.33917	14	0
Kelemen	46.25667	16.43528	16	508
Keleminovec	45.98745	16.29369	20	106
Kelešinka	45.48417	18.18778	10	43
Kelji	43.38889	17.17806	15	0
Kenđelovec	45.94557	16.67158	06	162
Kepčije	45.14167	16.36472	14	18
Kerestinec	45.7701	15.80864	20	1489
Keseri	45.70931	15.33477	05	1
Keserov Potok	45.28817	15.6144	05	4
Kesići	44.09222	16.22889	13	0
Kesići	44.27417	15.92667	19	0
Kesići	44.27611	15.89139	19	0
Kesići	44.53444	15.84167	08	0
Kestenak	45.3323	15.4887	05	8
Kestenje	45.11472	15.72611	05	21
Kestenova Korita	44.6075	15.99917	08	0
Kestenovac	44.6325	16.01917	08	20
Kestenovac	45.22222	15.64444	05	12
Kevići	43.68056	16.7225	15	0
Keče	44.42028	16.06944	19	0
Kešinci	45.35139	18.55861	10	648
Kihalac	45.3724	16.13226	14	44
Kijani	44.34014	15.89817	19	25
Kijevo	43.97725	16.3571	13	272
Kik	44.42558	15.64074	08	8
Kikovac	45.19667	17.91111	02	0
Kikovica	45.37611	14.52861	12	0
Kila	43.51694	16.50472	15	0
Kilići	43.51833	17.10111	15	0
Kiljer	44.68528	15.39278	08	0
Kindrovo	45.23444	18.04528	02	73
Kinjačka	45.38953	16.46353	14	167
Kip	45.5425	17.195	01	146
Kipanska Draga	44.36833	15.6475	08	0
Kirin	45.41879	15.89745	14	22
Kirini	44.77194	14.92583	08	0
Kirišnica	45.18194	16.45806	14	0
Kirmenjak	45.19444	13.69972	04	49
Kiso	43.59833	16.85639	15	0
Kistanje	43.98278	15.965	13	1638
Kitišanci	45.68384	18.37144	10	145
Kiuci	45.18306	16.35194	14	0
Kiurinsko Selo	45.17056	15.75611	05	0
Klada	44.81667	14.9	08	35
Kladare	45.96806	17.19639	17	412
Kladari	45.34485	16.45775	14	1
Klade	43.03833	17.63222	03	0
Kladešćica	45.98996	16.18629	20	1
Kladje	45.77941	15.7323	20	888
Kladnice	43.67259	16.29753	15	131
Kladnik	46.08802	15.68192	07	110
Kladovac	45.17944	18.55889	18	0
Klaići	42.51972	18.32056	03	0
Klakar	45.09861	18.13222	02	243
Klake	45.75639	15.71457	20	226
Klana	45.44694	14.37694	12	1147
Klanac	43.63722	16.59639	15	0
Klanac	44.6325	15.29722	08	89
Klanac	44.75472	15.26056	08	0
Klanac	44.79056	15.36861	08	0
Klanac	45.42305	15.1934	12	31
Klanac Perjasički	45.22762	15.51421	05	5
Klanačko Polje	44.63028	15.30472	08	0
Klanfari	45.21028	14.65417	12	0
Klanice	45.13163	14.58249	12	47
Klanjec	46.04982	15.74418	07	506
Klanječno	46.1431	15.69022	07	26
Klančovac	44.17111	15.67889	19	0
Klapavica	44.43972	15.8125	08	0
Klapavica Bruvanjska	44.43333	15.85	19	0
Klarić Kukuz	43.66	16.65389	15	0
Klarićevac	45.0175	14.91778	08	0
Klarići	43.52611	16.90306	15	0
Klarići	43.58917	16.73389	15	0
Klarići	43.66694	16.65639	15	0
Klarići	43.70556	16.62972	15	0
Klarići	43.89028	15.72222	19	0
Klarići	45.36096	13.95834	04	34
Klačina	42.90639	17.70333	03	0
Klačina	42.98639	17.61028	03	0
Klačina	43.16028	17.44833	03	0
Klašnjica	44.685	15.78806	08	1
Klek	42.94472	17.56389	03	177
Kleković	45.52167	15.94	20	0
Klenice	46.1635	15.78088	07	74
Klenovac	44.68613	15.35386	08	30
Klenovec Humski	46.20758	15.72876	07	337
Klenovica	45.10278	14.84583	12	272
Klenovnik	46.27028	16.07	16	925
Klenovšćak	45.44	14.05278	04	8
Klepeće Selo	45.49425	14.95017	12	1
Kletište	45.52103	16.76388	14	106
Klečaci	42.57139	18.29694	03	0
Klima	43.71167	16.79889	15	0
Klimen	46.08903	16.16199	07	115
Klimni	45.12314	13.9578	04	65
Klimno	45.1565	14.61989	12	130
Klinac	45.37262	16.29904	14	16
Klinča Sela	45.69028	15.74111	20	1809
Klipino Brdo	45.42638	15.7256	05	6
Klis	43.55944	16.51944	15	3496
Klis Kosa	43.55139	16.53222	15	0
Klis Varoš	43.55611	16.52556	15	0
Klisa	45.43668	17.15401	11	81
Klisa	45.47528	18.83306	10	242
Klisa Požeška	45.44194	17.54361	11	0
Kliske	44.55056	15.72306	08	0
Kliševo	42.72722	18.0025	03	52
Kljaic Brdo	45.39905	15.75788	05	13
Kljajići	44.70333	15.45583	08	0
Kljake	43.77568	16.3195	13	173
Kljenak	43.19583	17.26861	15	51
Kljetine	42.97667	17.62333	03	0
Kljunak	42.76972	17.92306	03	0
Ključ	43.84444	16.035	13	107
Ključ	46.16861	16.35944	16	775
Ključ Brdovečki	45.88278	15.69242	20	548
Ključar	45.32982	15.76092	05	55
Ključić Brdo	45.62064	16.04244	20	233
Klobučak	45.40861	16.3975	14	51
Klobučare	44.80333	15.3175	08	0
Klobučari	44.78028	15.14972	08	0
Klokovec	46.08666	15.83093	07	740
Klokoč	45.21167	15.69389	05	46
Klokočevac	45.91075	16.77439	01	938
Klokočevac Ilovski	45.62667	17.03306	01	126
Klokočevci	45.56861	18.10306	10	344
Klokočevec Samoborski	45.83421	15.7012	20	326
Klokočevik	45.21972	18.15028	02	477
Kloštar	45.14389	13.70194	04	41
Kloštar Ivanić	45.74056	16.42417	20	3263
Kloštar Podravski	45.98111	17.15583	06	1281
Kloštar Vojakovački	46.04556	16.62083	06	318
Kluni	45.42694	13.86472	04	0
Klupci	46.0788	15.86487	07	99
Klupci Začretski	46.07538	15.87412	07	77
Klupica	45.25568	15.64384	05	4
Kmeti	45.44933	13.57312	04	300
Kmezina Poljana	44.87056	15.43944	08	0
Knapić	46.21614	16.1019	16	67
Knapići	45.16213	13.78904	04	3
Knez	43.65	16.82778	15	0
Knez	44.02944	15.57889	19	0
Knez Gorica	45.43118	15.65908	05	106
Kneza	42.97138	17.05178	03	0
Knezević	44.29833	15.54056	19	0
Knezovec	46.43506	16.41322	09	372
Knezovići	43.30417	17.20222	15	0
Knezovići	43.48806	17.12361	15	0
Knezovići	43.57111	16.76528	15	0
Knezovići	43.78472	16.5525	15	0
Knezovljani	45.30806	16.41833	14	63
Knežci	45.33972	17.89917	11	50
Kneževac	45.34534	18.04093	11	62
Kneževi Vinogradi	45.75028	18.73306	10	1332
Knežević	44.18806	15.31889	19	0
Knežević	44.1975	15.29111	19	0
Knežević	44.21639	15.43694	19	0
Knežević	44.23833	15.50528	19	0
Knežević	44.265	15.55611	19	0
Knežević	44.27889	15.4975	19	0
Knežević	45.22694	15.61056	05	0
Knežević Kosa	45.34558	15.68336	05	120
Kneževića Varoš	44.60778	15.4625	08	0
Kneževići	43.63	16.08278	13	0
Kneževići	44.27111	15.94806	19	0
Kneževići	44.52444	15.77361	08	0
Kneževići	44.56944	16.00917	08	0
Kneževići	44.66278	15.54944	08	0
Kneževići	44.66917	15.5675	08	0
Kneževići	44.67611	15.61417	08	0
Kneževići	44.70806	15.54556	08	0
Kneževići	44.98139	15.44333	05	0
Kneževo	45.84611	18.64278	10	485
Knežica	42.65611	18.14139	03	148
Knežice	43.76	16.72556	15	0
Knin	44.04063	16.19662	13	8262
Kninsko Polje	44.05972	16.21487	13	758
Kobasičari	45.96165	16.81307	01	170
Kobaš	42.8025	17.74278	03	0
Kobilić	45.73221	16.10143	20	536
Kobilić Pokupski	45.48286	15.62771	05	35
Kobiljak	45.17861	16.05944	14	0
Kobiljača	43.13417	17.47972	03	198
Kobranj Do	42.98694	17.62333	03	0
Kocijani	45.48229	14.91927	12	5
Kod Mula	44.26139	15.21444	19	0
Kodolje	45.446	13.91487	04	49
Kodžomani	43.74889	16.61667	15	0
Kohanjac	45.59791	15.33067	05	78
Kojin Dolac	44.31083	15.4475	19	0
Kojić	44.31361	15.42222	19	0
Kokan	43.64778	16.6175	15	0
Kokani	43.725	16.52917	15	0
Kokanova Kosa	45.24139	16.63083	14	0
Kokinac	45.8483	16.90591	01	155
Kokirevo	45.34404	15.70479	05	30
Kokić	44.15639	15.59472	19	0
Kokorići	43.19389	17.3225	15	145
Kokoti	42.52056	18.33194	03	0
Kokočak	45.53385	17.81276	17	8
Kokuletovica	45.06611	13.68722	04	0
Kolaci	43.24111	17.30556	15	0
Kolaci	44.80139	15.33472	08	0
Kolakovica	44.54889	15.32389	08	0
Kolakovići	44.82222	15.34722	08	0
Kolan	44.49417	14.96139	19	332
Kolanjski Gajac	44.52742	14.90116	19	16
Kolarec	46.0775	16.36583	06	134
Kolarevo Selo	45.81667	16.83333	01	130
Kolari	44.66944	15.37	08	0
Kolarine	43.98333	15.66667	19	35
Kolarić	45.32167	15.67639	05	163
Kolarovec	46.37037	16.10066	16	220
Kolašac	44.03071	15.89371	13	47
Koledinec	46.24013	16.76948	06	120
Kolenica	45.94351	16.35616	20	19
Kolenovac	45.53265	15.40729	05	9
Kolibrate	43.22556	17.13167	15	0
Kolivrat	43.08889	17.39528	03	0
Kolić	43.60472	16.58222	15	0
Kolići	42.60667	18.29167	03	0
Koljane	43.87722	16.51111	15	21
Kolodvar	45.50944	18.66139	10	0
Kolombera	45.25667	13.58639	04	0
Kolonija	45.06222	18.50028	02	0
Koloperići	42.98278	17.69778	03	0
Kolovrat	43.18194	17.19556	15	0
Kolovrati	43.49611	17.1425	15	0
Koločep	42.67611	18.00972	03	231
Koludžići	44.33972	15.89889	19	0
Kolumbera	45.2775	13.70306	04	28
Kolundžići	44.33667	15.9	19	0
Kolčak	44.18361	15.44639	19	0
Kom	44.16459	16.02377	19	22
Komadine	45.0575	15.39028	05	0
Komaji	42.53556	18.30833	03	268
Komalić	44.14472	16.24806	13	0
Komanda	45.21694	16.02222	14	0
Komarna	42.945	17.53389	03	412
Komarnica	45.18389	17.56806	02	175
Komarnica Ludbreška	46.28539	16.58246	16	143
Komarovci	45.43444	17.73417	11	126
Komatnica	46.17623	16.98791	06	44
Komazeci	44.13808	15.86769	19	14
Komesarac	45.10635	15.74508	05	96
Kometnik	45.60451	17.57524	17	16
Kometnik-Jorgići	45.6149	17.56725	17	27
Komin	43.04083	17.53694	03	941
Komin	46.00362	16.28467	20	204
Komić	44.45572	15.72671	08	14
Komiža	43.04306	16.09306	15	1261
Komlenići	45.39963	15.03534	12	4
Komletinci	45.14972	18.94917	18	1328
Komogovina	45.30333	16.37861	14	76
Komolac	42.67056	18.13583	03	355
Komor Začretski	46.10931	15.93957	07	149
Komora	45.13583	16.18056	14	7
Komorica	45.23972	17.72722	11	116
Kompanj	45.39183	14.07291	04	24
Kompator	45.64609	16.59502	14	59
Kompolje	44.75	15.71306	08	104
Kompolje	44.92149	15.14443	08	299
Komuševci	45.78907	16.63382	01	167
Komušina	45.31972	17.69389	11	64
Konak	45.86403	16.45918	20	103
Kondrić	45.28972	18.28083	10	178
Konjarić Vrh	45.68406	15.46232	20	13
Konjevrate	43.78085	16.01917	13	179
Konjičići	43.76583	16.54361	15	0
Konjkovsko	45.58855	15.56847	05	6
Konjsko	43.59494	16.49134	15	281
Konjsko	44.5125	15.14444	08	2
Konjsko Brdo	44.66806	15.40278	08	92
Konjuh	42.825	17.77417	03	0
Konjšćica	45.76542	15.7262	20	264
Konjšćina	46.0521	16.17264	07	910
Kontešići	45.15512	13.69781	04	4
Kontić	44.26444	15.94778	19	0
Končanica	45.63611	17.16639	01	692
Končarev Kraj	44.82694	15.56917	08	1
Končari	44.465	15.97917	19	0
Končari	44.84167	15.44167	08	0
Končarović	44.08611	15.94111	13	0
Končul	43.51389	16.71861	15	0
Konštari	42.81806	17.74694	03	0
Konšćani	45.66667	16.55	20	156
Kopačevo	45.60194	18.78639	10	460
Kopinjovac	44.12972	16.00694	13	0
Kopranj	44.10278	15.31	19	0
Koprivna	45.38634	17.48394	11	2
Koprivna	45.40472	18.61389	10	92
Koprivnica	46.16364	16.8297	06	22262
Koprivnica Zagorska	46.20857	15.8627	07	101
Koprivnička Rijeka	46.11656	16.62935	06	51
Koprivnički Bregi	46.13861	16.90583	06	1118
Koprivnički Ivanec	46.20278	16.81667	06	997
Koprivno	43.60278	16.54944	15	316
Koprno	43.70958	16.16209	13	88
Kopčevec	45.80375	16.21347	20	1060
Korana	44.91919	15.60954	08	44
Koranska Strana	45.31131	15.49474	05	7
Koranski Brijeg	45.3829	15.57704	05	91
Koransko Selo	45.28359	15.53269	05	16
Koraći	44.63306	15.46528	08	0
Koraći	44.69333	15.70778	08	0
Kordići Žumberački	45.72682	15.38721	20	4
Kordon	45.08194	15.76583	05	0
Kordum	44.02861	15.86333	13	0
Kordunski Ljeskovac	45.00353	15.76693	05	9
Korduševci	45.22028	18.09028	02	153
Korelići	45.3375	13.98222	04	46
Koren	44.76667	15.3925	08	0
Korenica	44.74389	15.70972	08	1563
Korenica	45.22472	18.16556	02	1578
Koreniki	45.40139	13.57056	04	0
Korenići	45.12944	13.80056	04	20
Koreničani	45.6475	17.36194	01	208
Korenjak	46.28524	16.16048	16	81
Korensko	45.38417	14.3075	12	0
Koretinec	46.29638	16.17465	16	351
Korešnica	43.52083	16.53972	15	0
Korija	45.85347	17.32981	17	648
Korita	42.71278	17.70806	03	52
Korita	43.70369	16.80599	15	2
Korita	44.97157	15.61252	05	45
Korita	45.41389	17.07806	11	5
Korita Lapačka	44.60194	15.95889	08	0
Koritinja	45.52119	15.73776	05	82
Koritna	45.38444	18.56556	10	767
Koritna	45.86417	16.50194	20	160
Korizme	45.12167	16.34806	14	0
Korlat	44.08555	15.55312	19	279
Korlevići	45.29831	13.71347	04	18
Kornati	43.81049	15.30578	13	14
Kornić	45.04639	14.60806	12	500
Korolije	44.02111	15.96222	13	0
Koromani	45.09437	13.99637	04	50
Koromačina	44.58417	14.98694	08	0
Koromačna	43.74417	15.44417	13	0
Koromačno	44.96896	14.12061	04	139
Koromašna	43.65551	15.66644	13	0
Korođ	45.40917	18.75	18	406
Korta	42.88667	17.46556	03	0
Koruge	44.7125	15.74944	08	0
Korušce	43.62048	16.39426	15	78
Korčula	42.96038	17.13525	03	2659
Kosa	43.2475	17.26472	15	0
Kosa	45.06389	15.70917	05	10
Kosa	45.13056	15.69389	05	0
Kosa	45.37361	14.91806	12	0
Kosa Janjačka	44.7111	15.4371	08	69
Kosanović Gaj	44.52639	15.83611	08	0
Kosanovići	45.09417	15.43528	05	0
Kosi	45.39537	14.37493	12	994
Kosijer Selo	45.20278	15.58404	05	4
Kosijersko Selo	45.37573	15.56021	05	30
Kosinj Most	44.73639	15.27667	08	0
Kosinjski	44.73333	15.27194	08	0
Kosiri	43.555	16.84	15	0
Kosirišće	43.15694	17.26806	15	0
Kosići	45.0475	13.69667	04	0
Kosna	45.09543	16.27172	14	16
Kosore	43.93397	16.40853	15	134
Kosova Buljina	45.04111	14.91333	08	0
Kosovac	45.25343	17.21835	02	135
Kosovečko	46.07293	16.17614	07	87
Kosovija	45.3179	14.08422	04	0
Kosovići	43.15389	17.29306	15	0
Kostadinovac	46.07093	16.62225	06	8
Kostanje	43.44083	16.83311	15	572
Kostanje	45.82766	16.5891	20	82
Kostanjevac	45.66667	16.88889	01	87
Kostanjevac	45.70007	15.47124	20	100
Kostanjevec Podvrški	45.82759	15.59781	20	69
Kostanjevec Riječki	46.10333	16.37556	06	226
Kostanjica	45.36472	13.76083	04	61
Kostel	46.18274	15.72633	07	119
Kostel Pribićki	45.68537	15.51631	20	48
Kostelj	45.2025	14.68639	12	0
Kostelsko	46.19565	15.73322	07	211
Kostelčevo Selo	44.85083	15.2425	08	0
Kostići	44.07806	16.05139	13	0
Kostrena	45.30111	14.50556	12	4398
Kostreši Bjelovački	45.27847	16.48778	14	25
Kostreši Šaški	45.29882	16.62953	14	43
Kostrići	45.25707	16.55768	14	2
Kostrčani	45.23528	14.13028	04	21
Kostur	42.61806	18.21611	03	0
Kotarani	45.03086	16.24928	14	0
Kotarci	43.59556	16.96917	15	0
Kotari	45.74974	15.67476	20	72
Kotarice	46.04831	15.94086	07	112
Kotezi	42.85222	17.82667	03	0
Kotezi	43.19944	17.34472	15	259
Kotišina	43.28983	17.04649	15	0
Kotlenice	43.56722	16.64528	15	124
Kotli	45.36815	14.01642	04	1
Kotlina	45.79111	18.73667	10	203
Kotlić	43.67056	16.79222	15	0
Kotoriba	46.355	16.81806	09	2938
Kotoča	42.61444	18.35722	03	0
Koturić	45.48223	17.43477	11	7
Kovaćići	44.81528	15.2975	08	0
Kovačevac	45.2661	17.35162	02	562
Kovačevac	45.37206	17.14988	11	12
Kovačevac Križevački	45.98333	16.71667	01	125
Kovačević	43.4825	16.88556	15	0
Kovačević	43.63611	16.63611	15	0
Kovačevića Stanovi	44.0525	16.32278	13	0
Kovačevići	43.31528	17.18806	15	0
Kovačevići	43.31583	17.17139	15	0
Kovačevići	43.52667	16.55722	15	0
Kovačevići	43.52667	17.04333	15	0
Kovačevići	43.65083	16.665	15	0
Kovačevići	44.44417	15.91361	19	0
Kovačevići	44.55861	15.30111	08	0
Kovačevići	45.10417	16.30611	14	0
Kovačevići	45.17417	16.21111	14	0
Kovačevići	45.18167	16.43528	14	0
Kovačevići	45.23611	16.66444	14	0
Kovači	43.88528	16.56667	15	0
Kovači	45.30336	13.67834	04	65
Kovačica Slovinska	45.75782	16.98186	01	102
Kovačine	43.64556	16.84583	15	0
Kovačić	44.04778	16.22389	13	628
Kovačići	42.75861	17.91944	03	0
Kovići	44.03333	16.21028	13	0
Kozak	45.22389	15.83472	05	0
Kozalj Vrh	45.4319	15.44554	05	83
Kozaperovica	45.24739	16.20248	14	25
Kozara	45.24833	16.17194	14	0
Kozarac	45.36638	15.90511	14	90
Kozarac	45.71917	18.67611	10	615
Kozarevac	45.93637	17.12686	06	486
Kozarevac Račanski	45.79151	16.92399	01	103
Kozarica	42.77639	17.46417	03	30
Kozarice	45.38667	16.96583	14	320
Kozibrod	45.15611	16.46389	14	51
Kozica	43.24361	17.18944	15	0
Kozica	43.26833	17.20944	15	34
Kozice	45.68333	17.73333	17	403
Kozina	43.53111	17.06806	15	0
Kozina	43.62639	16.79306	15	0
Kozinščak	45.81234	16.25755	20	1330
Kozjak	45.675	18.81278	10	22
Kozjak Začretski	46.09207	15.92403	07	189
Kozjan	44.70639	15.54444	08	0
Kozjača	44.33166	15.36162	19	0
Kozjača	44.45833	16.07944	08	0
Kozjača	45.60701	16.00558	20	305
Kozji Vrh	45.6174	14.59388	12	59
Kozlikovo	45.7084	15.72015	20	130
Kozline	45.21472	15.59806	05	0
Kozljak	45.17556	14.17778	04	160
Kozlovac	43.99544	15.68622	19	15
Kozul	44.09194	15.50417	19	0
Kočići	45.28497	13.73513	04	18
Kočičin	45.48917	14.79556	12	0
Košinožići	45.24417	13.65889	04	132
Koška	45.54528	18.28583	10	1237
Koškovec	46.25088	16.1639	16	206
Košljun	44.39972	15.07861	19	68
Košnica	46.14561	15.63144	07	75
Koštice	44.14194	15.94389	13	0
Koštrići	43.54167	17.07917	15	0
Košute	43.63083	16.695	15	1667
Košutići	45.23597	13.72908	04	15
Koščice	44.14944	16.24528	13	0
Kožino	44.17056	15.19556	19	800
Kožljani	45.0679	13.98913	04	49
Kožulj	44.16167	15.47583	19	0
Kraguj	45.43333	17.23333	11	50
Kraj	43.14083	17.27694	15	514
Kraj	43.21833	17.10889	15	0
Kraj	43.93828	15.38737	19	253
Kraj	45.25343	14.26234	12	74
Kraj Drage	45.14461	14.07948	04	54
Kraj Gornji Dubravički	45.93522	15.72848	20	139
Krajačići	45.20583	17.84528	02	82
Krajcar Breg	45.16039	13.85851	04	48
Krajići	45.36408	13.80635	04	8
Krajiška Kutinica	45.58651	16.78851	14	47
Krajna	45.56155	17.80347	17	4
Krajnovići	44.39306	15.92778	19	0
Krajska Ves	45.95724	15.80426	20	131
Krakar	45.18333	15.06667	05	0
Krakovac	44.81056	15.30917	08	0
Kralići	44.665	15.39306	08	0
Kraljev Vrh	45.56079	14.64628	12	8
Kraljev Vrh	45.94202	15.90531	20	605
Kraljev Vrh	45.98304	16.39735	20	68
Kraljeva Velika	45.39194	16.84694	14	338
Kraljevac	44.5425	15.77306	08	0
Kraljevac Križevački	45.97384	16.73824	01	405
Kraljevec	46.12159	16.21556	07	0
Kraljevec Kupinečki	45.68333	15.85	21	2015
Kraljevec Radobojski	46.14161	15.92086	07	44
Kraljevec na Sutli	45.99106	15.7247	07	318
Kraljevec Šemnički	46.14368	15.93301	07	99
Kraljevica	45.27395	14.5683	12	2415
Kraljevići	43.51056	16.84639	15	0
Kraljevo Selo	45.41377	15.33236	05	1
Kraljevčani	45.3262	16.2862	14	56
Kraljice	43.72528	16.09111	13	87
Kraljići	43.68639	16.53667	15	0
Kranjci	45.06714	14.11071	04	98
Kranjci	45.62965	14.57336	12	3
Kranjsko Selište	44.55611	15.81194	08	0
Kranjčevići	44.79861	15.33389	08	0
Kranjčići	45.06882	13.85956	04	66
Krančići	45.30542	13.69557	04	81
Krapan	45.08833	14.09639	04	117
Krapanj	43.67222	15.91444	13	166
Krapina	46.16076	15.8737	07	4201
Krapina Selo	46.08028	16.19605	07	118
Krapinica	46.14109	16.20802	07	223
Krapinske Toplice	46.09333	15.84333	07	1257
Krapje	45.29444	16.82778	14	100
Kras	45.11	14.59889	12	227
Krasa	44.98972	14.02889	04	0
Krase	45.45	13.56667	04	0
Krasica	45.30972	14.55556	12	1325
Krasica	45.38167	13.69111	04	158
Krasković	45.58333	17.76667	17	0
Krasno Polje	44.82306	15.05139	08	385
Krasovčevo Selo	44.84611	15.27917	08	0
Krastići	45.39583	13.82722	04	0
Kratečko	45.39722	16.63611	14	139
Kravarsko	45.58333	16.05	20	510
Kravice	45.56667	18.6	10	0
Kravljak	45.69125	17.44948	01	18
Kravljak	45.81667	15.55	20	2
Kravljačica	43.83056	15.27722	13	0
Kravlje	45.56667	18.2	10	0
Kračevec	46.08662	16.31227	16	117
Krašić	45.65583	15.51778	20	542
Krbava	44.61417	15.67222	08	35
Krbavica	44.70889	15.62694	08	29
Krbavčići	45.43774	13.9659	04	46
Krbune	45.23583	14.06306	04	43
Krculi	45.14067	13.92045	04	126
Kremena	42.97083	17.50361	03	28
Kremenići	45.11615	14.53917	12	96
Kremenje	45.43056	13.69083	04	0
Krenica	43.21944	17.39194	15	0
Kresini	45.1334	13.8762	04	14
Krečaves	45.94278	16.27917	20	210
Kreševine	45.47833	16.91139	01	0
Kreševo	43.48867	16.87635	15	216
Krešići	42.8525	17.65472	03	0
Krešovići	44.06194	15.85722	13	0
Kreštelovac	45.57614	17.05116	01	75
Krge	44.77	15.62389	08	0
Krilo	43.46417	16.59667	15	0
Kringa	45.18222	13.83333	04	324
Kriva	45.38583	14.26167	12	0
Krivac	45.45531	14.85272	12	18
Krivaj	45.42139	16.90417	14	237
Krivaj Sunjski	45.36611	16.59222	14	97
Krivaja	45.20472	15.73222	05	0
Krivaja	45.66742	17.9208	17	0
Krivaja	45.71229	16.81921	01	37
Krivaja Požeška	45.40028	17.61583	11	62
Krivaja Vojnička	45.32386	15.71386	05	20
Krivaje	45.245	15.96056	14	0
Krivi Dolac	43.675	16.53722	15	0
Krivi Put	45.0325	14.96306	08	39
Krivići	43.3225	17.24917	15	0
Krivodol	43.43612	17.12232	15	422
Krivodol	43.64278	16.81444	15	1
Krivošije	44.41417	15.93	19	0
Kričina	45.17917	14.73917	12	0
Kričke	43.82692	16.21098	13	185
Kričke	45.36417	17.08917	14	10
Kričke Zabrdske	45.44627	17.33865	11	5
Krišci	45.76667	16.43333	20	227
Krištanovec	46.44417	16.4525	09	575
Križ	44.37417	15.28889	08	0
Križ	45.665	16.52333	20	1604
Križ Hrastovički	45.42002	16.24071	14	139
Križ Kamenica	45.04425	15.13213	08	173
Križ Koranski	45.39338	15.50821	05	34
Križajica	44.41556	15.53306	08	0
Križanac	43.6775	16.62583	15	0
Križanci	46.34278	16.07278	16	0
Križanec	46.24425	16.34636	16	285
Križani	43.57028	16.61111	15	0
Križanici	45.15917	13.8925	04	141
Križanče	46.05671	15.9384	07	122
Križanče	46.33697	16.09677	16	118
Križevci	46.02194	16.5425	06	10522
Križevčec	45.88333	16.25	20	98
Križine	45.39828	13.54192	04	173
Križić	45.76667	16.78333	01	148
Križišće	45.26889	14.60722	12	79
Križnica	45.97052	17.35704	17	76
Križovec	46.48974	16.49437	09	537
Križovljan	46.26449	16.55444	16	234
Križovljan Radovečki	46.36628	16.12789	16	235
Križpolje	45.02111	15.16528	08	392
Krk	45.02744	14.57542	12	3935
Krka	43.62917	16.75444	15	0
Krkanec	46.28211	16.25436	16	287
Krkač	45.91509	16.35212	20	77
Krković	43.90014	15.81084	13	151
Krmari	45.15722	15.75833	05	0
Krmed	45.08194	13.825	04	77
Krmpote-Vodice	45.11229	14.98093	12	0
Krmčina	44	15.36667	19	0
Krndija	45.45028	18.38167	10	39
Krnete	43.97583	15.98694	13	0
Krnete	44.17972	16.25528	13	0
Krnete	44.39361	15.84083	19	0
Krnete	44.50806	16.10389	08	0
Krneša	44.24306	15.31722	19	164
Krnežići	45.6499	15.49469	20	27
Krnica	44.97272	14.01746	04	275
Krničari	45.1403	13.87682	04	65
Krnjaduša	45.13667	15.65667	05	0
Krnjajići	45.12278	16.14028	14	0
Krnjajski Potok	45.1225	16.14861	14	0
Krnjak	45.33333	15.6	05	258
Krnjeuve	43.93773	15.86374	13	64
Krolo	43.60222	16.76139	15	0
Krolo	43.61278	16.96639	15	0
Kropinjak	45.44686	14.02669	04	0
Krpani	44.5425	15.39889	08	0
Krst	44.74111	15.72611	08	0
Krst	44.84556	15.45444	08	0
Krstac	42.94806	17.59583	03	0
Krstatice	43.364	17.15687	15	67
Krstača	43.91944	15.95167	13	0
Krstače	44.38556	15.93472	19	0
Krstinja	45.24417	15.73	05	35
Krstovići	44.26194	15.13611	19	0
Krtinici	44.44333	15.85583	19	0
Kruge	44.64426	15.94104	08	18
Krunići	43.84778	16.45111	15	0
Krunoslavje	45.6875	18.11806	10	68
Krunčići	45.14278	13.73833	04	88
Krupa	44.19469	15.90756	19	83
Krupače	45.65079	15.53638	20	53
Kruske	42.76056	17.97389	03	0
Kručica	42.76639	16.84944	03	34
Kručica	42.78944	17.855	03	27
Kruševac	43.37611	17.10806	15	0
Kruševica	45.0775	18.48278	02	808
Kruševo	43.06861	17.45722	03	0
Kruševo	43.08028	17.40583	03	0
Kruševo	43.58444	16.04528	13	56
Kruševo	44.18333	15.65	19	954
Kruševo	45.47389	17.5375	11	0
Kruševo - Crna Punta	44.16104	15.61187	19	30
Kruškovac	44.30222	15.43694	19	0
Kruškovac	44.43056	15.56611	08	7
Kruškovača	45.09583	15.73556	05	36
Kruškovače	44.37306	16.14028	19	0
Krušljevec	45.97779	16.3774	20	74
Krušljevec	46.22052	16.31993	16	213
Krušljevo Selo	45.97979	15.89499	07	486
Krušvar	43.60833	16.65056	15	457
Krušvari	45.3585	14.00349	04	73
Krušćica	44.68193	15.25085	08	0
Krvavac	43.02194	17.58389	03	417
Krvavac II	43.02591	17.59756	03	260
Krvavica	43.32639	16.98694	15	312
Krvavice	44.04444	16.21611	13	0
Krznarići	44.98444	15.21972	08	0
Krč	43.76472	16.71611	15	0
Krč	44.82306	15.0475	08	0
Krč	46.17528	16.31767	16	373
Krč Bosiljevski	45.40583	15.2756	05	22
Krčenik	45.22944	17.54667	02	0
Krčenik Moslavački	45.74827	17.9682	10	252
Krčevina	45.55141	18.03869	10	98
Krčevine	44.50278	15.58444	08	0
Krčevine	44.68417	15.93694	08	0
Krčić	44.04	16.27944	13	0
Krčulj	43.60278	15.99944	13	0
Krš	44.4825	16.135	08	32
Krš	44.72833	15.32472	08	0
Krš	44.72917	15.31861	08	23
Kršan	45.17333	14.13861	04	227
Kršanci	45.13343	13.85933	04	64
Kršeuine	45.72778	17.1425	01	0
Kršikla	45.30472	13.94306	04	34
Kršinci	45.44944	18.17222	10	88
Kršlje	45.93333	16.41667	20	0
Kršuli	45.1464	13.75576	04	15
Krščenovec	46.09791	16.25068	16	101
Kržanići	43.23798	17.08902	15	0
Kubati	44.15167	15.86528	19	0
Kuberton	45.425	13.76972	04	22
Kuburići	44.36139	15.93528	19	0
Kuduzi	43.71306	16.51778	15	0
Kugin Gaj	44.54167	15.99611	08	0
Kugina Kuća	44.62222	15.07056	08	0
Kugići	44.51639	15.67528	08	0
Kujići	45.01203	13.98676	04	69
Kujnik	45.17139	17.73389	02	248
Kuk	45.16349	15.71165	05	1
Kukavice	43.455	17.18972	15	0
Kukci	45.26083	13.62584	04	526
Kukerda	44.41417	16.09611	19	0
Kukići	45.16278	16.31528	14	0
Kukljica	44.03472	15.24556	19	628
Kukljić	44.42181	15.5228	08	10
Kuko	43.64472	16.83083	15	0
Kukuljani	45.40333	14.41719	12	90
Kukuljanovo	45.33013	14.51982	12	870
Kukunjevac	45.44972	17.09111	11	190
Kukurini	45.18861	14.04971	04	167
Kula	43.09444	17.47083	03	0
Kula	43.59222	16.51083	15	0
Kula	44.825	15.05222	08	0
Kula	45.38611	17.89444	11	249
Kula Atlagić	44.05861	15.58944	19	131
Kula Norinska	43.03111	17.605	03	205
Kulica	44.54528	15.43222	08	0
Kulina	43.10167	17.55944	03	0
Kulići	43.72333	16.71972	15	0
Kulišta	45.18361	16.03806	14	0
Kuljaji	45.71897	15.30715	05	6
Kuljane	43.61917	16.70111	15	0
Kuljani	45.16576	16.4734	14	79
Kulundžije	44.06917	16.20472	13	0
Kumazečeva Draga	44.52917	15.82222	08	0
Kumrovec	46.0775	15.67556	07	245
Kuna Konavoska	42.55944	18.36194	03	13
Kuna Pelješka	42.96667	17.35	03	211
Kundid	43.65389	16.8025	15	0
Kundidi	43.35889	17.27139	15	0
Kundrići	44.85389	15.74139	08	0
Kunić	42.88917	17.74583	03	0
Kunić	45.10934	15.31482	05	36
Kunić	45.51667	15.35	05	0
Kunići Ribnički	45.51349	15.34297	05	18
Kunišinci	45.67222	18.27917	10	249
Kunj	45.0817	14.04124	04	81
Kunja Ljut	42.75944	17.89306	03	0
Kunovac	44.08528	15.73139	19	0
Kunovac Kupirovački	44.33016	16.12489	19	29
Kunovci	45.37861	17.62306	11	82
Kunovec	46.20333	16.77972	06	401
Kunovec Breg	46.18575	16.76384	06	578
Kunćevi	43.53611	16.50361	15	0
Kunčani	45.72294	15.32136	05	0
Kunđevac	45.84297	16.57665	20	77
Kunđevec	45.98884	16.5087	06	12
Kupa	45.47951	14.91274	12	5
Kupari	42.62028	18.19139	03	950
Kupeč Dol	45.72442	15.61837	20	85
Kupina	45.1375	18.33861	02	206
Kupinec	45.65861	15.78694	20	796
Kupinovac	42.97111	17.52583	03	0
Kupinovac	45.95163	16.89182	01	117
Kupirovo	44.32111	16.10944	19	28
Kupjak	45.39222	14.88583	12	176
Kupljenovo	45.92918	15.80589	20	692
Kupljensko	45.29759	15.67165	05	205
Kupčina	45.73333	15.43333	20	22
Kurajice	44.18806	16.22556	13	0
Kurbalije	44.16444	16.26722	13	0
Kurdelići	43.51639	17.11083	15	0
Kurdum	43.25028	17.25139	15	0
Kurili	45.10667	13.78611	04	43
Kurilji	43.2425	17.32444	15	0
Kurilji	43.28611	17.31222	15	0
Kurjak	44.48967	15.7173	08	15
Kurjavići	45.26861	13.76806	04	21
Kurlani	43.66639	16.83333	15	0
Kurpezova Gorica	45.67095	15.46454	20	7
Kursani	43.57194	16.57139	15	0
Kurtovići	43.31	17.25639	15	0
Kurtovići	43.52889	16.90361	15	0
Kurtovići	43.57806	16.5525	15	0
Kuršanec	46.33028	16.40167	09	1727
Kusaja	45.2325	15.70889	05	28
Kusanovec	45.81667	16.35	20	44
Kuselj	44.94778	15.53694	05	0
Kusijevec	46.05363	16.39827	06	80
Kusonje	45.461	17.22694	11	257
Kustići	44.53056	14.96667	08	138
Kut	43.05667	16.19833	15	0
Kut	44.75528	15.43056	08	0
Kuta	42.83917	17.66722	03	0
Kutac	43.18139	17.35194	15	0
Kutanja	45.16417	15.61667	05	2
Kutanja	45.17556	15.61306	05	0
Kute	43.57944	16.60778	15	0
Kuterevo	44.82528	15.14083	08	385
Kuterovac	45.13444	15.61139	05	0
Kuti	42.95	17.615	03	0
Kuti Trnjanski	45.125	18.16306	02	284
Kutina	45.475	16.78194	14	12012
Kutinica	45.57782	16.77295	14	44
Kutinska Slatina	45.51667	16.78333	14	508
Kutjevo	45.42611	17.8825	11	1941
Kutleša	43.40694	16.80889	15	0
Kutleše	43.45944	17.28333	15	0
Kutleše	43.57806	16.72194	15	0
Kutnjak	46.27194	16.78	06	220
Kutovi	45.61778	17.98	17	114
Kuzići	43.1375	17.3875	03	0
Kuzma	45.63003	17.48391	17	0
Kuzma Perjasička	45.23703	15.53258	05	4
Kuzmica	45.32833	17.75667	11	369
Kuzminec	46.23628	16.75666	06	219
Kuzminec Miljanski	46.11977	15.62999	07	17
Kuzminec-Veternički	46.15684	15.95713	07	338
Kućan Gornji	46.27778	16.385	16	1013
Kućan Ludbreški	46.24833	16.60222	16	160
Kućan Marof	46.28944	16.37222	16	1280
Kućanci	45.65722	18.13417	10	401
Kućanci Ðakovački	45.37417	18.325	10	104
Kućari	45.92083	16.43772	20	43
Kućeli-gornji	45.3765	14.293	12	453
Kućevice	45.48619	15.40614	05	91
Kućibreg	45.45639	13.79139	04	13
Kućišta	44.55194	15.09472	08	10
Kućišta	44.77139	15.16333	08	0
Kućište	44.62722	15.95194	08	0
Kučari	46.01056	16.44655	06	19
Kuče	45.67618	16.14265	20	1370
Kučer	45.66472	15.492	20	28
Kučević	44.13944	15.97611	13	0
Kučilovina	45.91016	16.09364	21	212
Kučine	43.5325	16.53083	15	1082
Kučinić	45.15194	15.59833	05	0
Kučinić Selo	45.16444	15.66806	05	0
Kučinić-Selo	45.24278	15.22694	05	0
Kučiće	43.43333	16.8	15	634
Kučići	45.18028	13.82833	04	0
Kučište	42.97929	17.12293	03	173
Kuševac	45.34778	18.42889	10	897
Kušići	45.36361	15.24222	05	0
Kuštani	45.94874	16.66128	06	78
Kuštre	43.61472	16.64778	15	0
Kuželj	45.47361	14.80472	12	28
Kužnjak	43.79	16.68944	15	0
Kvarte	44.66778	15.38222	08	90
Kvartir	44.02778	16.44333	13	0
Labin	43.58624	16.2311	15	98
Labin	45.095	14.11972	04	5806
Labinci	45.2975	13.69139	04	315
Labrovići	43.71556	16.68611	15	0
Lacići	43.69944	16.80278	15	0
Lacići	45.63667	18.21861	10	320
Lackovici	45.62889	15.81944	20	0
Ladešići	45.48745	15.39022	05	22
Ladimirevci	45.62556	18.44861	10	1290
Ladina	45.85182	16.52052	20	76
Ladinec	45.95733	16.67306	06	129
Ladislav	45.69806	17.00778	01	289
Ladislav	46.04889	16.71722	06	100
Ladislavec	46.11111	16.06611	07	160
Ladići	45.13639	13.82667	04	35
Ladišići	44.75889	15.41917	08	0
Ladišići	44.81528	15.31472	08	0
Ladnice	42.65417	18.14361	03	0
Ladrovići	45.21083	13.70583	04	117
Ladvenjak	45.41757	15.58811	05	402
Ladvić	44.16667	14.71667	19	0
Lagator	43.63361	16.84139	15	0
Laginji	45.15092	13.92872	04	134
Laguna	43.10722	17.34056	15	0
Lainići	44.56028	15.63361	08	0
Lake	44.01444	16.24111	13	0
Lake	44.015	16.22306	13	0
Lakić	44.09778	15.66667	19	0
Lakić	44.11111	15.47361	19	0
Lakmartin	45.05167	14.58722	12	32
Lakovići	45.18477	13.76491	04	31
Lakošelci	45.29111	13.84111	04	0
Laktac	43.85167	16.53722	15	5
Laktec	45.86	16.23194	20	144
Lakušije	45.34111	17.81389	11	63
Lalići	44.76472	15.63972	08	0
Lalići	45.98363	16.82815	01	19
Lanišće	45.20913	14.12589	04	77
Lanišće	45.40722	14.11639	04	68
Lanka Leševo	45.9	17.6	17	0
Lančić	46.21873	16.10059	16	291
Lapat	45.06667	15.4	05	165
Lapovac	45.23035	15.57216	05	6
Lapovci	45.24333	18.22806	10	202
Lapšina	46.52226	16.33753	09	130
Lasinja	45.52806	15.85911	05	542
Lasići	43.44139	17.13778	15	0
Lasići	44.98389	15.21639	08	0
Laslavići	45.42025	15.33871	05	2
Laslovo	45.415	18.69611	10	898
Lasovac	45.85167	17.03	01	441
Lasovac Brdo	45.86221	17.065	01	6
Lastine	46.21145	15.68506	07	164
Lastovo	42.76757	16.89708	03	309
Latasi	45.03306	15.60694	05	0
Latin	45.10604	15.35433	05	154
Latinovac	45.34722	17.95472	11	50
Latkovići	43.51528	16.69528	15	0
Lautari	45.61223	14.58709	12	18
Lavdara	43.93137	15.2115	19	0
Lavsa	43.75	15.36667	13	0
Laz	45.10722	18.83167	18	0
Laz Bistrički	45.97953	16.10741	07	742
Laz Stubički	45.97462	16.09226	07	220
Lazac Lokvarski	45.37899	14.73069	12	18
Lazaret	42.66194	18.07722	03	0
Lazarići	45.17414	14.10533	04	106
Laze	45.20528	17.46833	02	259
Laze Prnjavor	45.28583	17.70306	11	7
Laze Vasine	45.30556	17.715	11	20
Laze pri Klani	45.4608	14.36385	12	15
Laze Ćosine	45.30056	17.69556	11	17
Lazi	45.56901	14.63726	12	46
Lazi Krapinski	46.17562	15.87369	07	61
Lazi Turopoljski	45.64857	16.10588	20	30
Lazina	45.60361	15.62028	05	0
Lazina Čička	45.72425	16.13748	20	582
Lazine	42.64083	18.17722	03	0
Lazine	45.14861	17.37361	02	0
Lazići	42.93833	17.43333	03	0
Lazići	43.58444	16.95333	15	0
Lađanska	45.54306	18.16583	10	227
Lađevac	45.09333	15.63694	05	0
Lađevac	45.27887	17.16316	02	185
Lađevci	43.89611	15.80028	13	99
Lađin	43.91504	15.38382	19	0
Lađište	42.99778	17.54611	03	0
Lašići	45.31222	13.72972	04	44
Laškarini	44.80417	15.35556	08	0
Lažete	43.5125	17.07583	15	0
Ledenice	45.13866	14.84202	12	164
Ledenik	44.53833	15.10889	08	16
Ledenik	45.51639	18.24333	10	131
Ledina	43.20972	17.30444	15	0
Ledina	45.99744	16.3819	20	165
Ledine Klanječke	46.01645	15.73474	07	137
Ledinec	46.23465	16.27912	16	175
Ledinec Gornji	46.23298	16.28121	16	179
Ledinice	43.82667	16.67694	15	0
Ledinići	42.85083	17.62	03	0
Legovići	45.26972	13.73965	04	12
Legrad	46.2975	16.85667	06	862
Lekci	44.76694	15.17472	08	0
Leke	43.46472	17.27278	15	0
Lekenik	45.58556	16.21139	14	1697
Lekneno	45.75526	16.13542	20	350
Lemaići	44.57722	15.35139	08	0
Lemeš	46.0075	16.47333	06	86
Lemeš Križevački	46.01667	16.58333	06	154
Lemić Dolac	44.81167	15.08056	08	0
Lendići	43.34167	17.15278	15	0
Lenišće	46.08935	15.71148	07	108
Lepa Ves	46.01032	15.9912	07	351
Lepajci	46.1175	15.8975	07	354
Lepavina	46.09692	16.67786	06	133
Lepenica	43.63472	16.09694	13	62
Lepoglava	46.21056	16.03556	16	3400
Lepoglavec	46.03953	15.7339	07	141
Leprovica	45.77468	16.27865	20	252
Lepuri	43.98778	15.70667	19	142
Lepšić	45.72417	16.36053	20	39
Lergović	44.24778	15.42722	19	0
Lerotići	43.55139	16.89917	15	0
Lesci	45.44289	15.13893	12	0
Lesišćina	45.33689	14.08715	04	75
Leska	45.41615	14.66802	12	3
Leskova Draga	45.38659	14.894	12	8
Leskova Greda	45.095	18.805	18	0
Leskovac Barilovički	45.39315	15.52299	05	107
Leskovec	46.48794	16.27349	09	83
Leskovec Toplički	46.21361	16.51194	16	432
Leskur	44.05167	15.95278	13	0
Letaj	45.26028	14.12056	04	46
Letajac	45.08028	14.05988	04	27
Letinac	44.98194	15.22361	08	95
Letičani	45.93038	16.88719	01	325
Leto	43.60778	16.78806	15	0
Letovanci	45.36667	16.38333	14	42
Letovanić	45.5	16.2	14	399
Letovčan Novodvorski	46.01841	15.75286	07	46
Letovčan Tomaševečki	46.0189	15.76741	07	56
Levanjska Varoš	45.31556	18.18361	10	216
Levari	44.97944	15.22139	08	0
Levinovac	45.6996	17.50775	17	158
Levkušje	45.57378	15.52021	05	171
Levnajići	44.85639	15.42667	08	0
Lećevica	43.64191	16.34954	15	177
Leštakovec	46.25	16.45	16	250
Ležaja	44.11333	15.465	19	0
Ležaja	44.11917	15.71417	19	0
Liberpolis	45.77468	18.88007	10	63
Liganj	45.28982	14.26129	12	287
Lijeva Luka	45.60361	16.365	14	197
Lijevi Degoj	45.47692	15.96142	20	51
Lijevi Dubravčak	45.64441	16.34677	20	324
Lijevi Štefanki	45.51667	15.93333	20	196
Lijevo Sredičko	45.53333	15.88333	20	180
Lijevo Trebarjevo	45.6	16.35	14	54
Lijevo Željezno	45.61788	16.33821	14	8
Liješće	45.68333	15.31667	05	28
Lijići	43.785	16.56472	15	0
Lila	45.55472	18.11833	10	167
Linardići	45.07167	14.46389	12	151
Lindar	45.23306	13.9625	04	410
Linija	45.24667	16.64861	14	0
Linići	44.52778	15.16111	08	0
Linjaci	44.55917	15.36361	08	0
Liovići	43.82111	16.56167	15	0
Liovići	43.8375	16.57056	15	0
Lipa	45.40577	15.39217	05	24
Lipa	45.46306	14.30833	12	109
Lipe	44.54194	15.39333	08	0
Lipice	45.01667	15.26667	08	94
Lipik	45.41139	17.15222	11	1967
Lipine	45.57861	18.145	10	46
Lipje	45.48333	15.7	05	39
Liplje	45.40943	15.22065	12	58
Lipnica	45.63037	15.92279	21	221
Lipnica	45.93596	16.36328	20	50
Lipnica Zagorska	46.0879	15.75104	07	71
Lipnik	45.55921	15.34717	05	47
Lipov Pesak	45.40756	15.40097	05	38
Lipova Glavica	44.6525	15.42833	08	0
Lipovac	42.97722	17.58	03	0
Lipovac	45.055	19.07111	18	556
Lipovac	45.41583	18.54167	10	81
Lipovac	45.43333	17.26667	11	0
Lipovac	45.83559	17.49328	17	187
Lipovac Krstinjski	45.23583	15.70167	05	0
Lipovac Majur	45.61735	17.17769	01	67
Lipovača	44.96444	15.69972	05	130
Lipovača	45.38861	18.905	18	323
Lipovec	46.05256	16.13294	07	160
Lipovec Lonjski	45.74736	16.39157	20	274
Lipovljani	45.39667	16.88972	14	1902
Lipovlje	44.83417	15.18722	08	158
Lipovnik	46.27009	16.10415	16	341
Lipovo Brdo	45.98944	16.87322	01	82
Lipovo Polje	44.74667	15.22861	08	60
Lipovčani	45.97945	16.79869	01	49
Lipošćaki	45.40018	15.27985	05	8
Lisac	42.84778	17.81278	03	23
Lisac	44.76111	14.95	08	0
Lisac	45.47139	14.34694	12	101
Lisina	44.39	16.06111	19	0
Lisina	44.76361	15.43194	08	0
Lisina	44.91222	15.06222	08	0
Lisine	45.25326	15.67514	05	7
Lisičina Gorica	45.41399	15.34747	05	3
Lisičine	45.65677	17.50961	17	0
Lisičići	44.0275	15.68611	19	232
Liska	43.58389	16.66417	15	54
Liski	44.58972	14.38333	12	0
Liskovac	44.93056	14.98583	08	0
Liskovača	43.73861	16.79417	15	0
Livade	45.35444	13.83111	04	169
Livajići	43.41528	17.13028	15	0
Livana	45.53049	18.61552	10	506
Livađani	45.38222	17.09583	11	5
Lividraga	45.48111	14.57056	12	0
Lizatovići	43.375	17.13944	15	0
Lič	45.27904	14.71906	12	446
Ličani	45.51111	18.26833	10	0
Ličine	44.42083	15.64667	08	0
Ličine	45.16361	16.17167	14	0
Lička Jesenica	44.995	15.44528	05	73
Lička-Kaldrma	44.31167	16.18861	19	20
Ličke Kuće	45.21056	16.10528	14	0
Lički Novi	44.51667	15.33306	08	264
Lički Osik	44.60389	15.42472	08	1438
Lički Ribnik	44.48583	15.45111	08	72
Lički Čitluk	44.47167	15.405	08	5
Ličko Cerje	44.36139	15.68833	08	62
Ličko Lešće	44.80472	15.32472	08	571
Ličko Novo Selo	45.53278	18.06	10	78
Ličko Petrovo Selo	44.88	15.71194	08	54
Lišane Ostrovičke	43.97334	15.76073	19	509
Lišane Tinjske	44.02889	15.48	19	70
Liška	44.57667	14.37611	12	0
Lišnica	45.46017	15.46503	05	177
Lišnjak	43.89929	16.14919	13	4
Lišnjići	43.37778	17.14806	15	0
Ližnjan	44.82833	13.95694	04	1445
Ljeskovac	45.18006	16.22839	14	21
Ljetište	43.86583	16.56639	15	0
Lještani	45.35457	17.20403	02	10
Ljiljci	45.13361	16.13639	14	0
Ljiljci	45.23361	16.05639	14	0
Ljubač	42.72306	18.02417	03	73
Ljubač	44.03592	16.17146	13	51
Ljubač	44.26194	15.29722	19	402
Ljubelj	46.16359	16.42489	16	60
Ljubelj Kalnički	46.1611	16.44855	16	114
Ljubeć	43.27167	17.18083	15	0
Ljubešćica	46.17419	16.38966	16	1211
Ljubežina	44.94389	14.97667	08	0
Ljubina	45.06375	16.24246	14	62
Ljubitovica	43.61563	16.13634	15	382
Ljubićići	44.15917	15.88472	19	0
Ljubičići	43.36722	17.24861	15	0
Ljubičići	43.56278	16.98778	15	0
Ljubičići	43.57944	16.98694	15	0
Ljubišići	45.15556	16.2725	14	0
Ljubljanica	45.55832	16.39963	14	18
Ljubljeva	43.48608	16.06871	15	33
Ljubostinje	43.71889	16.12083	13	40
Ljubotine	44.90694	15.11667	08	0
Ljubotić	43.98556	16.07778	13	18
Ljubotić	44.36722	15.32639	19	0
Ljubovića Poljana	44.64139	15.97333	08	0
Ljubovo	44.6525	15.53556	08	0
Ljubošina	45.32113	15.15621	12	126
Ljudevit Selo	45.60287	17.18811	01	217
Ljune	44.03028	15.89889	13	0
Ljupina	45.2175	17.38278	02	758
Ljut	43.63648	16.86454	15	6
Ljuta	42.53833	18.37806	03	183
Ljutača	44.55917	15.28528	08	0
Ljutići	45.10414	14.53368	12	8
Ljutoholje	43.22306	17.43389	15	0
Ljuštine	44.99361	15.34667	08	0
Ljuštinova Draga	44.95194	15.29694	08	0
Lobor	46.15085	16.06525	07	477
Loborika	44.91528	13.90556	04	978
Logor	45.52611	18.71556	10	0
Lokmeri	44.98417	15.15278	08	0
Lokošin Dol	45.70714	15.6605	20	95
Lokva	44.84722	14.90889	08	0
Lokva Rogoznica	43.415	16.7675	15	334
Lokve	43.92694	16.5	15	0
Lokve	45.35889	14.74861	12	464
Lokvica	44.70917	15.155	08	0
Lokvica	45.46643	14.9511	12	21
Lokvina	43.5125	16.73389	15	0
Lokvičič	43.46345	17.09155	15	358
Lolići	43.525	16.55139	15	0
Lolići	43.52944	16.58389	15	0
Londžica	45.42056	18.04861	10	138
Lonici	44.08389	15.28389	19	0
Lonja	45.3625	16.7113	14	83
Lonjgari	45.50202	15.36456	05	1
Lonjica	45.855	16.33	20	821
Lončan	44.14528	15.66417	19	0
Lončani	43.76972	16.58194	15	0
Lončar	44.46444	15.81917	08	0
Lončar Brdo	45.54107	15.41803	05	2
Lončari	43.39639	17.18222	15	0
Lončari	43.40583	17.18167	15	0
Lončari	43.48306	17.23833	15	0
Lončari	43.545	16.75611	15	0
Lončari	44.65917	15.33472	08	0
Lončari	45.22528	16.04444	14	0
Lončari	45.27778	15.67028	05	0
Lončarica	45.7437	17.30014	01	62
Lončarić	44.5075	15.88389	08	0
Lončarići	45.12694	15.69917	05	0
Lončine	44.11167	16.21917	13	0
Lopar	44.8325	14.73028	12	1107
Lopatinec	46.43333	16.38333	09	906
Lopača	45.37795	14.44145	12	78
Lopci	44.89361	14.97778	08	0
Lopci	44.905	14.9475	08	0
Lopud	42.69278	17.94694	03	278
Lopuže	44.02333	16.23833	13	0
Loskun	44.69583	15.955	08	0
Loskunja	45.34306	15.67417	05	39
Lotine	45.19139	16.395	14	13
Lovakovci	45.1625	18.84222	18	0
Lovas	45.22639	19.17111	18	728
Lovinac	44.20639	15.37528	19	290
Lovinac	44.39139	15.68556	08	242
Lović Prekriški	45.66604	15.45105	05	47
Lovište	43.02167	17.03528	03	187
Lovorje	42.97778	17.52722	03	58
Lovorno	42.54611	18.36056	03	188
Lovornovo	42.70889	18.07222	03	0
Lovran	45.29194	14.27417	12	2859
Lovranska Draga	45.27772	14.24301	12	50
Lovrentovec	46.20501	16.46424	16	87
Lovreć	43.48761	16.98632	15	488
Lovreća Sela	46.11104	15.80227	07	194
Lovrečan	46.05745	16.06768	07	362
Lovrečan Podbelski	46.23833	16.24667	16	439
Lovrečica	45.38277	13.5379	04	123
Lovrečka Velika	45.93093	16.42974	20	186
Lovrin	45.23211	13.91629	04	328
Lovrinići	45.20194	13.92972	04	0
Lovrića Dolac	43.79694	16.67333	15	0
Lovrići	43.7475	16.63722	15	0
Lovrići	43.78	16.6475	15	0
Lovrići	45.03639	16.2425	14	0
Lovrići	45.19472	15.59861	05	0
Lovrići	45.21028	15.6475	05	0
Lovska	45.4146	17.04924	14	10
Lovča	45.24889	16.35472	14	10
Lovča	45.26361	16.36194	14	0
Lovčić	45.20472	17.80222	02	31
Lozan	45.89139	17.29	17	340
Lozančići	43.51611	16.78111	15	0
Lozari	45.35878	13.68922	04	27
Lozica	42.67348	18.06882	03	142
Lozice	44.31083	15.05889	19	0
Lozine	43.33806	17.22	15	0
Lozići	43.57528	16.9975	15	0
Loznati	44.92028	14.43778	12	36
Loznica	42.67306	18.06889	03	0
Loznica	45.34556	17.66611	11	0
Lozovac	43.80333	15.95694	13	318
Ložišće	43.34694	16.48028	15	92
Ložnice	43.57141	16.01337	13	19
Ložnice	43.57689	16.0164	13	41
Luban	45.36444	14.42889	12	0
Lubarska	45.38834	14.44307	12	93
Lubena	45.91881	16.51305	20	116
Lubenice	44.88694	14.33139	12	6
Lucići	43.64028	16.67806	15	0
Ludbreg	46.25194	16.61472	16	3463
Ludbreški Ivanac	46.16503	16.59296	06	53
Ludinica	45.62634	16.65133	14	10
Ludvinci	45.40278	18.82667	18	79
Luetići	43.31806	17.14694	15	0
Lug	44.62056	14.98083	08	0
Lug	44.74361	15.49056	08	0
Lug	44.83333	15.30389	08	0
Lug	44.95028	15.32556	08	0
Lug	45.66222	18.77583	10	602
Lug Gradinski	45.88024	17.51335	17	54
Lug Koranski	45.04146	15.74455	05	0
Lug Orehovički	46.0605	16.00365	07	214
Lug Poznanovečki	46.05332	16.0153	07	594
Lug Samoborski	45.82744	15.69852	20	937
Lug Subotički	45.50917	18.32111	10	234
Lug Zabočki	46.02301	15.9179	07	580
Lugarnica - Smrekova Draga	45.52222	14.54694	12	0
Lugarski Breg	45.96137	15.73631	20	66
Lujić	43.58083	16.66972	15	0
Luka	42.86283	17.68008	03	151
Luka	42.86639	17.67556	03	0
Luka	43.21472	17.42111	15	0
Luka	43.98028	15.10028	19	124
Luka	44.86278	15.24222	08	0
Luka	45.95795	15.81954	20	420
Luka Desna	45.6	16.35	14	0
Luka Krmpotska	45.10472	14.90611	12	0
Luka Ludbreška	46.28155	16.58716	16	207
Luka Pokupska	45.51447	15.67037	05	328
Luka Vrbovečka	45.87833	16.38167	20	737
Lukar	43.96194	16.12361	13	59
Lukarišće	45.81318	16.27524	20	1007
Lukavac	45.68333	17.63333	17	80
Lukavec	45.70444	15.99	20	1260
Lukavec	46.2434	16.21432	16	134
Lukavec Klanječki	46.00087	15.72783	07	65
Lukavec Posavski	45.41056	16.52444	14	103
Lukavec Sutlanski	45.96165	15.73019	20	101
Lukač	45.8725	17.41944	17	357
Lukač Požeški	45.42889	17.81111	11	115
Lukačevec	46.0771	16.41774	06	13
Lukačevec Toplički	46.21241	16.44356	16	37
Lukačevići	43.51861	16.78194	15	0
Lukaševića Draga	44.7775	15.28222	08	0
Luke	43.52056	16.74806	15	0
Luke Poljanske	46.15218	15.61398	07	54
Luketic Selo	45.01028	15.635	05	0
Lukeži	45.38	14.45194	12	148
Lukinić Brdo	45.56667	15.93333	20	287
Lukinić Senovec	45.56611	15.93944	20	0
Lukinići	45.45444	15.91944	14	0
Lukići	44.13583	15.77889	19	0
Lukići	44.25028	16.03278	19	0
Lukići	44.26417	16.06333	19	0
Lukići	44.3225	16.05722	19	0
Lukići	44.33111	16.10028	19	0
Lukići	44.70444	15.63306	08	0
Lukići	44.805	15.58222	08	0
Lukoran	44.10306	15.15889	19	478
Lukovdol	45.42755	15.12683	12	104
Lukovec	46.19458	16.67691	06	32
Lukovo	44.85444	14.89444	08	26
Lukovo Lovrečko	45.91667	16.4	20	149
Lukovo Šugarje	44.43972	15.19278	08	100
Lukovčak	46.21007	15.82538	07	206
Lukunić Draga	45.63524	15.436	05	20
Lukšić	45.85	15.91667	21	0
Lukšići Ozaljski	45.60323	15.48046	05	46
Lulić	45.61472	15.60028	20	0
Lulići	44.65306	15.33861	08	0
Lumbarda	42.92278	17.16722	03	1209
Lumbardenik	45.09861	15.6	05	132
Lun	44.68694	14.75028	08	148
Luncijata	42.66278	18.09	03	0
Lunjkovec	46.24344	16.72409	16	173
Lupinjak	46.2093	15.7371	07	343
Lupoglav	45.3528	14.1075	04	298
Lupoglav	45.79639	16.34639	20	948
Lusare	44.6275	14.51972	12	0
Lutovije	43.54028	16.665	15	0
Luč	45.78417	18.535	10	322
Lučane	43.71833	16.59361	15	601
Lučelnica	45.60083	15.9087	20	283
Lučelnica Tomaševečka	46.03526	15.77321	07	182
Lučica	43.83972	15.25917	13	0
Lučica	45.34528	15.47778	05	32
Lučice	45.375	14.79583	12	298
Lučina	42.98744	17.50642	03	10
Lučinci	45.4175	17.55694	11	42
Lučić	42.70167	18.04583	03	0
Lučića	44.97333	15.46889	05	0
Lučka	43.1825	17.3975	15	0
Lučko	45.76162	15.88028	21	2987
Lušetići	45.19889	13.89472	04	0
Luščani	45.36014	16.21804	14	87
Lužan	45.88333	16.2	21	708
Lužan Biškupečki	46.225	16.35306	16	356
Lužani	45.16806	17.70694	02	850
Lužani Zagorski	46.22256	15.9143	07	91
Lužnica	45.87071	15.78312	20	27
Macani	43.69806	16.6125	15	0
Macinec	46.39361	16.32833	09	484
Macure	44.01194	15.90361	13	0
Macure	44.15528	15.935	13	0
Macute	45.62194	17.63333	17	19
Madaraševec	46.28307	16.54764	16	173
Madnovic	45.23361	16.04222	14	0
Madžarci	45.22694	15.96222	14	0
Madžarevo	46.16778	16.30583	16	880
Madžari	45.38083	16.40694	14	199
Magadenovac	45.66233	18.18698	10	96
Magadinovac	45.54164	17.95748	17	9
Maganjići	43.75139	16.64917	15	0
Magaruša	44.66111	15.97139	08	0
Magaš	44.24889	15.46833	19	0
Magić Mala	45.17389	17.60861	02	327
Maglenča	45.91667	16.93333	01	280
Maglići	43.53556	16.87806	15	0
Maglovi	43.99611	16.29417	13	0
Magrovica - Telašćica	43.92897	15.13778	19	0
Mahično	45.54944	15.53417	05	456
Mahovo	45.56639	16.41056	14	233
Maići	43.36056	17.28	15	0
Maja	45.2822	16.14131	14	142
Majar	45.295	18.24306	10	98
Majar	45.4775	15.4475	05	0
Majdan	45.11056	16.21556	14	5
Majer	45.32768	15.12419	12	9
Majerje	46.33333	16.25	16	687
Majići	43.44306	17.24861	15	0
Majići	43.49694	17.13556	15	0
Majići	43.55917	16.76361	15	0
Majkovac Podravski	45.91417	17.53222	17	0
Majkovec	45.87957	16.28372	20	190
Majkovi	42.76926	17.92251	03	122
Majkusi	45.23495	13.77171	04	18
Majske Poljane	45.34093	16.11832	14	143
Majski Trtnik	45.29784	16.16331	14	18
Majstorovići	43.2475	17.22	15	0
Majstorovići	44.45333	16.07556	08	0
Majstorovići	44.46694	16.12917	08	0
Majstorovići	44.53528	15.7525	08	0
Majstorovići	45.23556	15.62889	05	0
Majstrović	44.06861	15.53083	19	0
Majstrović	44.18361	15.74472	19	0
Majur	45.255	16.53194	14	272
Majur Farkaševački	45.91629	16.68703	20	97
Majurec	46.03056	16.58639	06	385
Majčinovac	43.10083	17.54694	03	0
Majške Međe	45.73806	18.48833	10	59
Makar	43.3	17.03333	15	0
Makarska	43.29694	17.01778	15	12809
Maklen	45.47083	14.9612	12	1
Maklovac	44.72056	15.76917	08	0
Makloševac	45.47139	18.125	10	114
Makov Hrib	45.58107	14.62409	12	89
Makovac	43.21639	17.425	15	0
Makovac	44.02972	15.13667	19	0
Makovci	45.39222	13.78028	04	92
Makovište	45.12028	18.32556	02	0
Makoše	42.65	18.18972	03	166
Mala	43.13139	17.3025	15	0
Mala Babina Gora	45.70639	17.43611	01	21
Mala Barna	45.73485	17.21824	01	28
Mala Brajinska	46.07969	16.69858	06	51
Mala Branjevina	45.46972	18.52444	10	0
Mala Bršljanica	45.57917	16.83889	01	31
Mala Buna	45.64351	16.05532	20	248
Mala Ciglena	45.891	16.94096	01	10
Mala Crkvina	45.26149	15.62995	05	22
Mala Dapčevica	45.71667	17.3	01	5
Mala Dobra	45.43158	14.95532	12	0
Mala Duba	43.1775	17.16778	15	0
Mala Elsa	45.51528	15.50194	05	0
Mala Erpenja	46.09609	15.78516	07	526
Mala Gora	45.17556	14.89972	12	0
Mala Gora	46.16864	15.6836	07	137
Mala Gorica	45.47373	16.24414	14	296
Mala Gorica	45.76488	15.78168	20	612
Mala Gospa	44.0975	15.79278	19	0
Mala Gradusa	45.34139	16.46528	14	5
Mala Gudara	44.30889	15.74083	08	0
Mala Hrastilnica	45.65	16.5	20	89
Mala Ivanča	44.76944	14.89972	08	0
Mala Jasenovača	45.74949	17.20049	01	2
Mala Jazbina	45.82503	15.68781	20	489
Mala Kapela	44.97528	15.39833	08	0
Mala Kopanica	45.14639	18.37	02	130
Mala Kosa	45.24687	15.43568	05	1
Mala Kosnica	45.75489	16.08338	20	44
Mala Lamjana	44.05635	15.20827	19	0
Mala Lešnica	45.45	14.84972	12	7
Mala Ludina	45.61794	16.59124	14	128
Mala Milešina	43.75739	16.44361	15	12
Mala Mlaka	45.72907	15.97635	21	591
Mala Mlinska	45.6675	16.94583	01	66
Mala Mučna	46.06765	16.7375	06	62
Mala Ostrna	45.78201	16.28311	20	238
Mala Paka	45.58333	15.3	05	29
Mala Paukova	45.35139	16.49111	14	21
Mala Pačetina	46.14924	15.83752	07	79
Mala Peratovica	45.71667	17.23139	01	48
Mala Pisanica	45.77402	17.01791	01	142
Mala Plana	44.65	15.16611	08	34
Mala Polača	44.00889	16.28167	13	0
Mala Popina	44.23333	16.06667	19	0
Mala Rakovica	45.7865	15.72314	20	604
Mala Rasinjica	46.18588	16.62307	06	19
Mala Rava	44.03917	15.05944	19	0
Mala Rijeka	46.18559	16.59779	06	25
Mala Solina	45.39146	16.09583	14	9
Mala Subotica	46.37616	16.52893	09	1766
Mala Trapinska	45.74987	17.45774	17	51
Mala Trnovitica	45.71028	16.93778	01	48
Mala Učka	45.27254	14.19422	12	2
Mala Učka	45.27666	14.19555	12	1
Mala Velika	45.43972	17.67222	11	0
Mala Vranovina	45.28135	16.00502	14	0
Mala Čista	43.88083	15.77639	13	132
Mala Črešnjevica	45.91839	17.14697	17	155
Mala Švarča	45.46667	15.55	05	0
Malbaša	44.0725	15.52583	19	0
Male Brisnice	44.75389	14.92528	08	0
Male Drage	45.47067	15.01287	12	5
Male Kuknjare	43.45	16.08333	15	0
Male Mune	45.45881	14.15787	12	101
Male Sesvete	46.05659	16.65186	06	35
Male Sredice	45.88333	16.83333	01	0
Malenice	43.53083	17.08806	15	0
Maletić	45.46873	15.43179	05	129
Malešević Selo	45.38238	15.77739	05	29
Maleši	43.74056	16.75889	15	0
Mali Banovac	45.47437	17.14119	11	17
Mali Bastaji	45.65	17.31667	01	111
Mali Bilač	45.32583	17.91167	11	15
Mali Bolč	45.89222	16.67361	20	0
Mali Botinovac	46.12109	16.66862	06	9
Mali Brezovec	45.92074	16.46842	20	54
Mali Brgud	45.41573	14.29121	12	130
Mali Bubanj	44.51417	16.0575	08	0
Mali Budići	45.48241	17.40464	11	6
Mali Bukovec	46.07355	16.04941	07	221
Mali Bukovec	46.28306	16.73917	16	616
Mali Carevdar	46.0735	16.62741	06	15
Mali Didovići	43.63833	16.64694	15	0
Mali Dol	45.26194	14.61083	12	161
Mali Drvenik	43.44944	16.08861	15	119
Mali Erjavec	45.58333	15.48333	05	129
Mali Gaj	45.46944	17.0075	11	0
Mali Galići	43.49639	17.22422	15	0
Mali Godinj	43.29806	17.16694	15	0
Mali Golji	45.10904	14.06283	04	102
Mali Gorenec	46.22016	15.96459	16	90
Mali Grabičani	46.10192	16.68232	06	125
Mali Gradac	45.26873	16.21968	14	73
Mali Grđevac	45.77111	17.1725	01	0
Mali Halan	44.29167	15.65556	08	0
Mali Halmac	44.67278	14.39111	12	0
Mali Iž	44.02809	15.13957	19	193
Mali Jadrč	45.40044	15.18555	12	28
Mali Ježenj	45.22667	13.855	04	0
Mali Komor	46.11037	16.01961	07	79
Mali Kozinac	45.36817	15.52754	05	23
Mali Kraj	44.48194	15.34	08	0
Mali Kraj	44.5925	15.14694	08	0
Mali Ledenik	44.33194	15.4025	19	0
Mali Lipovec	45.75	15.61667	20	111
Mali Lovrečan	46.36667	16.08333	16	39
Mali Lošinj	44.53056	14.46861	12	5561
Mali Lug	45.52944	14.6575	12	62
Mali Maj	45.25056	13.60139	04	0
Mali Mihaljevec	46.43608	16.40052	09	433
Mali Miletinac	45.68792	17.34829	01	14
Mali Mlun	45.4025	13.90917	04	67
Mali Modrušpotok	45.51958	15.41043	05	34
Mali Nebriževac	43.43028	17.17889	15	0
Mali Obljaj	45.23167	16.02083	14	0
Mali Obljaj	45.23351	15.99491	14	12
Mali Otok	46.27464	16.82912	06	115
Mali Pašijan	45.63415	16.92098	01	179
Mali Pašman	43.95944	15.36833	19	0
Mali Podol	44.87944	14.35472	12	3
Mali Poganac	46.11151	16.65931	06	131
Mali Pomoćin	45.46806	18.54333	10	0
Mali Potočec	46.04644	16.56013	06	159
Mali Prolog	43.14278	17.48472	03	10
Mali Rastovac	45.43222	18.5175	10	0
Mali Rastovac	45.65785	17.99451	17	35
Mali Raven	45.9885	16.48476	06	23
Mali Ston	42.84667	17.70361	03	125
Mali Tabor	46.21296	15.67544	07	311
Mali Turini	45.09417	14.04194	04	37
Mali Vaganac	44.32778	15.44806	19	0
Mali Vareški	44.94452	14.00298	04	81
Mali Voz	42.85333	17.71556	03	0
Mali Vrh Kamanjski	45.63747	15.39988	05	67
Mali Vuković	45.12556	15.61278	05	74
Mali Zdenci	45.67931	17.12311	01	352
Mali Čukur	45.235	16.50083	14	0
Mali Žitnik	44.61222	15.34167	08	0
Malice	45.06861	18.52611	02	0
Malik	45.34094	15.27077	05	18
Malinci	45.72471	15.34562	05	0
Malinište	44.81222	15.32222	08	0
Malino	45.17167	17.72306	02	410
Malinovac	45.62622	18.16351	10	91
Malinska	45.12417	14.52828	12	816
Malić	44.12528	15.34667	19	0
Malička	45.30222	15.84528	14	18
Mališi	45.25951	13.76486	04	11
Maljevac	45.20121	15.78448	05	83
Maljkovići	45.00139	15.04444	08	0
Maljkovići	45.00194	15.04306	08	0
Maljkovići	45.16056	16.28806	14	0
Maljkovo	43.81694	16.51694	15	61
Malo Budaševo	45.47056	16.44861	14	0
Malo Grablje	43.16667	16.5	15	3
Malo Gradišće	46.34486	16.09616	16	112
Malo Kneževo	45.85806	18.63528	10	0
Malo Korenovo	45.85	16.83333	01	190
Malo Krčevo	45.29412	16.52921	14	7
Malo Polje	44.65639	15.35556	08	53
Malo Selce	45.43507	14.92382	12	11
Malo Selo	42.85917	17.68528	03	0
Malo Selo	44.62194	15.34667	08	0
Malo Selo	45.43	14.70611	12	40
Malo Seoce	44.70333	15.94667	08	0
Malo Svinjičko	45.46667	16.55	14	0
Malo Trojstvo	45.96451	16.94506	01	138
Malo Vukovje	45.52528	16.91083	01	94
Malobabići	45.22889	15.91417	14	0
Malotija	45.44333	13.65972	04	0
Malovan	44.27028	15.97611	19	0
Malovani	43.83417	16.70333	15	0
Malta	44.5325	15.98306	08	0
Malunje	45.69395	15.62307	20	161
Mamac	44.59111	15.95889	08	0
Mamule	45.33833	15.11528	12	0
Mamut	43.59722	16.70667	15	0
Mance	44.71472	15.25861	08	0
Mandaci	43.67667	16.66	15	0
Mandalenčići	45.19842	13.9811	04	285
Mandaljena	42.6375	18.18944	03	361
Mandarići	43.52444	16.87806	15	0
Mandekić	44.62472	14.9725	08	0
Mandić	43.77639	15.94667	13	0
Mandić	44.13722	15.5	19	0
Mandić Dol	44.56528	15.93	08	0
Mandić Selo	45.39699	15.69916	05	35
Mandića Draga	44.43028	15.95583	19	0
Mandići	43.48	17.16778	15	0
Mandići	43.51583	16.68694	15	0
Mandići	44.19444	15.90972	19	0
Mandići	44.36028	16.05028	19	0
Mandići	44.60278	15.73778	08	0
Mandići	44.88639	15.34833	08	0
Mandičevac	45.37444	18.255	10	236
Mandli	45.56	14.69472	12	33
Mandre	44.47639	14.92361	19	467
Manestri	45.21667	14.66667	12	0
Manita Draga	44.62028	15.59889	08	0
Manja Vas	45.75778	15.6746	20	76
Manjadvorci	45.0075	13.97361	04	165
Manjerovici	45.40711	15.72374	05	8
Manojlovići	44.03444	15.94611	13	0
Manojlovići	44.35417	15.96306	19	0
Manojlovići	44.35778	15.91917	19	0
Maovice	43.88664	16.39658	15	250
Marama	44.63778	14.98083	08	0
Marana	44.94639	13.8225	04	0
Maranovići	42.71556	17.67	03	29
Maras	43.72	16.68528	15	0
Marasi	43.26139	17.18444	15	0
Marasi	43.52361	17.07222	15	0
Marasi	43.70889	16.68083	15	0
Marasi	44.39722	15.28944	08	0
Marasi	44.58639	15.38056	08	0
Marasi	44.93222	15.13333	08	0
Marasi	45.15861	13.70861	04	75
Marasovac	43.73806	16.75056	15	0
Marasovine	44.00278	16.09361	13	0
Marasović	44.22639	15.35722	19	0
Marasovići	43.58444	16.76417	15	0
Marasovići	43.58944	16.94	15	0
Marasovići	43.59361	16.76306	15	0
Marasovići	43.69222	16.52333	15	0
Marasovići	44.29306	15.45417	19	0
Marceljani	45.1053	14.0942	04	191
Mareda	45.33748	13.54176	04	138
Marenić	45.9159	16.41218	20	57
Maretić	46.08972	16.20583	07	121
Maretići	43.66361	16.56639	15	0
Maretići	45.23408	13.73644	04	0
Marevine	43.05361	17.55944	03	0
Margete	43.42667	17.13583	15	0
Margečan	46.21353	16.22742	16	390
Marigutić	46.10607	16.16928	07	20
Marija Bistrica	46.00611	16.11111	07	1045
Marija Gorica	45.91097	15.7277	20	228
Marija Magdalena	45.92681	15.75308	20	220
Marija Trošt	45.42031	14.82514	12	38
Marija na Krasu	45.45056	13.58389	04	313
Marijanovići	43.37111	17.24194	15	0
Marin Dvor	45.37194	17.64167	11	118
Marina	43.51472	16.10639	15	1015
Marinbrod	45.3875	16.14389	14	71
Marinci	45.18556	17.98556	02	0
Marinci	45.34	18.89944	18	437
Marinci	45.38994	13.97485	04	69
Marinci	46.12604	15.72808	07	100
Marindolsko Brdo	45.13944	15.60861	05	49
Marinica	42.82333	17.71778	03	0
Marinići	43.34639	17.25139	15	0
Marinići	45.365	14.39389	12	3862
Marinje Zemlje	43.0282	16.17659	15	52
Marinković	44.22972	15.27083	19	0
Marino Selo	45.50403	16.96741	11	263
Marinovec	46.1098	16.55835	06	82
Marinovec Zelinski	45.94269	16.2612	20	61
Marinović	44.08667	15.4575	19	0
Marinovići	43.26222	17.26278	15	0
Marinovići	43.34639	17.20917	15	0
Marinovići	43.70361	16.8075	15	0
Marinoviči	44.08306	15.76972	19	0
Marinčići	45.36889	13.59778	04	0
Marići	42.85611	17.6075	03	0
Marići	43.62167	16.79944	15	0
Marići	43.68833	16.64944	15	0
Marići	43.73028	16.63444	15	0
Marići	44.62694	15.45139	08	0
Marići	44.95361	18.80083	18	0
Marići	45.10515	14.04246	04	75
Marići	45.11237	13.85098	04	127
Maričevići	44.21056	15.65944	19	0
Maričići	44.34111	15.93722	19	0
Marjanci	45.66694	18.29222	10	680
Marjani	44.87361	15.27694	08	0
Marjanski Ivanovci	45.61778	18.29361	10	1
Marjančaci	45.63306	18.39389	10	257
Marketići	43.55889	16.97333	15	0
Marko	45.05056	13.72722	04	0
Markoci	45.11906	14.06277	04	69
Markote	43.45583	17.25167	15	0
Markoti	43.05222	17.47472	03	0
Markovac	43.95827	16.25558	13	44
Markovac	44.85556	14.94806	08	0
Markovac	45.29333	13.71333	04	155
Markovac	45.57861	17.28207	01	71
Markovac Dubravski	45.84698	16.50773	20	129
Markovac Križevački	45.95014	16.69106	06	127
Markovac Našički	45.49998	18.12006	10	1396
Markovac Požeški	45.42861	17.54056	11	2
Markovac Trojstveni	45.91667	16.88333	01	1226
Marković Selo	45.26252	15.19746	05	60
Markovićevo Selo	44.87056	15.25778	08	0
Markovići	43.19444	17.33417	15	0
Markovići	43.73833	16.65806	15	0
Markovići	44.59972	15.29361	08	0
Markovići	44.72167	15.47611	08	0
Markovići	45.32935	13.72867	04	50
Markovo	45.74282	17.74937	17	114
Markovo Polje	45.85954	16.11406	21	447
Markovo Selo	44.67278	15.36194	08	20
Markulin	43.77667	16.63389	15	0
Markušbrijeg	46.13039	16.06255	07	387
Markuševec	45.8761	16.01651	21	0
Markuševec Turopoljski	45.65905	15.96348	20	378
Markušica	45.37389	18.70583	18	733
Markušići	45.71282	15.47607	20	2
Marlovac	45.307	15.46101	05	5
Marof	46.52802	16.38349	09	88
Marovići	43.74083	16.55472	15	0
Maroši	43.61583	16.79972	15	0
Martijanec	46.26583	16.54	16	347
Martin	45.49222	18.06667	10	945
Martina	45.18917	14.225	12	41
Martinac	45.74269	16.73134	01	53
Martinac Trojstveni	45.95289	16.91502	01	127
Martinci Miholjački	45.77414	17.91893	10	23
Martinci Zlatarski	46.08333	16.06667	07	0
Martinec	45.99778	16.51806	06	0
Martinec Orehovički	46.09089	15.96019	07	360
Martinić	46.24338	16.70701	16	123
Martinišće	46.02963	15.86185	07	279
Martinjska Ves	45.8793	16.39204	20	451
Martinkovec	46.21936	16.42513	16	70
Martinovici	45.29415	16.25187	14	43
Martinovići	42.65056	18.18389	03	111
Martinovo Selo	45.38686	14.44027	12	112
Martinska Ves	45.58596	16.37042	14	540
Martinski	45.1275	14.05111	04	0
Martinski Vrh	45.5739	15.39508	05	14
Martinuševec	46.44968	16.28961	09	110
Martinčići	45.39283	13.72809	04	111
Martinšćica	44.82028	14.355	12	103
Martinšćina	46.14111	16.09139	07	340
Martiša Ves	46.16103	15.69532	07	11
Marunica	43.82306	16.58722	15	0
Marunice	43.77028	16.62889	15	0
Maruševec	46.28319	16.18503	16	391
Marušić	43.59778	16.70278	15	0
Marušići	43.40209	16.83163	15	141
Marušići	45.41833	13.72444	04	147
Maružini	45.10444	13.84306	04	83
Marčan	46.32917	16.14806	16	510
Marčana	44.95528	13.95389	04	1099
Marčani	45.75	16.51667	01	89
Marčelji	45.39611	14.38944	12	2535
Marčenegla	45.34667	13.94639	04	94
Marčeta	43.64056	16.62556	15	0
Marčetići	43.62639	16.615	15	0
Marčetići	43.88194	16.50194	15	0
Marčići	45.32639	14.26611	12	0
Maršići	43.24	17.30861	15	0
Maršići	45.12245	14.54796	12	17
Maslenica	44.22278	15.54056	19	800
Maslenjača	45.65304	17.2915	01	138
Maslikose	44.63611	15.72333	08	0
Masline	43.05778	17.54889	03	0
Maslinica	43.39842	16.20779	15	242
Mastelići	45.34114	13.75803	04	0
Mastrinka	43.5125	16.27722	15	837
Mataci	44.34722	15.32778	19	0
Matanić	45.10556	15.68	05	0
Matase	44.01607	16.11611	13	38
Matašići	44.82694	15.28417	08	0
Matenci	45.99146	15.98083	07	467
Matende	43.71167	16.50833	15	0
Materada	45.40333	13.60694	04	153
Materada-Maj	45.24417	13.59806	04	0
Matesko Selo	45.32667	15.42694	05	22
Mateše	45.34224	15.28734	05	55
Mateši	45.14944	15.61667	05	0
Mateši	45.41361	15.55028	05	0
Matešić	44.89361	14.95944	08	0
Matešići	43.84167	15.72778	13	0
Matešići	45.10889	15.61528	05	0
Matijaševići	43.67528	16.76806	15	0
Matijaši	45.14527	13.86978	04	47
Matijević	44.60778	14.98583	08	0
Matijevići	43.03917	17.60361	03	90
Matijevići	45.05361	16.36861	14	352
Matijevići	45.23028	15.65583	05	0
Matijevići	45.26528	15.64167	05	0
Matijevići Dukići	44.3575	15.85889	19	0
Matinac	45.11639	18.74167	18	0
Matić Podi	44.56222	15.03333	08	0
Matići	43.47722	17.17611	15	0
Matići	43.61861	16.94806	15	0
Matići	43.73417	16.63222	15	0
Matići	43.74417	16.65278	15	0
Matići	44.50556	15.73056	08	0
Matići	45.15222	15.75306	05	0
Matići	45.41719	14.99817	12	10
Matišići	43.515	17.10722	15	0
Matjašica	44.34806	15.36444	19	0
Matković Mala	45.26139	18.02306	02	15
Matkovići	43.20944	17.28917	15	0
Matkovići	43.25194	17.25833	15	0
Matkovići	43.41194	17.13611	15	0
Matkovići	43.80944	16.63222	15	0
Matkovići	43.84778	16.64778	15	0
Matohanci	45.11194	13.75889	04	68
Matosovici	45.14056	13.70167	04	0
Matulini	45.20222	13.72639	04	26
Matulji	45.36167	14.325	12	3566
Maturovec	46.07028	15.85121	07	76
Maun	44.43722	14.91194	19	0
Maurovići	45.31718	15.46776	05	4
Mavarštica	43.49374	16.27296	15	0
Mavrinci	45.34771	14.50209	12	1035
Mazin	44.4525	15.96694	19	27
Mazin	44.45556	15.95667	19	0
Mazurija	45.47861	13.56028	04	0
Maćešići	45.23778	15.60083	05	0
Mače	46.09472	16.03528	07	675
Mački	45.90756	16.65723	20	64
Mačkovac	45.15361	17.33778	02	205
Mačkovac	45.6998	17.55324	17	31
Mačkovec	46.42108	16.43255	09	1222
Mačkovo Selo	45.3	16.3	14	18
Mašić	45.26639	17.32889	02	237
Mašića Budžak	44.77333	15.48222	08	0
Mašići	44.58361	15.74583	08	0
Mašvina	45.02125	15.70856	05	4
Mažurani	44.48944	15.1275	08	0
Mažurin	43.68278	16.62472	15	0
Mece	45.61889	18.72056	10	763
Medaci	43.28889	17.26833	15	0
Medak	44.45541	15.50776	08	36
Medaki	45.15167	13.73556	04	28
Medakovići	44.05222	16.22917	13	0
Medakovići	45.17	16.33833	14	0
Medari	45.26722	17.29	02	131
Medarovine	43.00556	17.64028	03	0
Medinci	45.73556	17.75194	17	154
Medić	44.05833	15.81917	19	0
Medići	43.59222	16.83556	15	0
Medići	44.46361	16.07028	08	0
Mednik	45.12361	18.74167	18	0
Mednjan	44.99278	13.8075	04	0
Medovdolac	43.44233	17.04846	15	92
Medsave	45.83275	15.7706	20	206
Medulin	44.8225	13.935	04	2830
Medumajdan	45.11694	16.27806	14	0
Meduvode	44.37583	15.60167	08	0
Medvedička	46.10889	17.09222	06	0
Medveja	45.26833	14.26667	12	139
Medveje	45.35015	13.95895	04	27
Medven Draga	45.68935	15.4986	20	23
Medvidina	43.11827	16.8938	15	0
Medvidići	45.17776	13.71493	04	34
Medvidovića Draga	43.439	17.2361	15	326
Medvidovići	43.43889	17.1075	15	0
Medvidovići	43.49139	17.2075	15	0
Medvinjak	42.9603	17.12252	03	0
Medviđa	44.09679	15.80116	19	107
Megić	44.07	15.33944	19	0
Meja Gaj	45.29111	14.58778	12	0
Mekiši kod Kaštelira	45.31323	13.68977	04	9
Mekiši kod Vižinade	45.31105	13.75199	04	37
Mekote	44.29889	15.93861	19	0
Melah	44.28528	15.31694	19	0
Melinovac	44.74194	15.89778	08	0
Meljan	46.27023	15.97312	16	101
Melnica	45.07029	14.00159	04	175
Melnice	44.96472	15.01833	08	41
Menićani	45.13528	16.25528	14	0
Merag	44.97583	14.44333	12	22
Merašćica	44.79081	14.36848	12	0
Merenje	45.95393	15.78975	20	117
Merhatovec	46.46399	16.39709	09	122
Merišće	45.44722	13.6975	04	47
Metajna	44.50694	15.01194	08	253
Metale	42.45278	18.42611	03	0
Metković	43.05417	17.64833	03	13971
Metohija	42.84111	17.63361	03	134
Mezinovac	44.67222	15.34194	08	23
Mečenčani	45.28557	16.42395	14	103
Mečet	44.40111	16.11056	19	0
Međa	46.05639	16.46333	06	143
Međare	43.91919	15.79118	13	5
Međedi	45.17639	15.77278	05	0
Međedi	45.42974	15.05117	12	0
Međeđak	44.4275	16.11889	19	0
Međeđak	45.09348	15.35039	05	67
Međeđak Utinjski	45.37065	15.72657	05	43
Međugorje	43.69306	16.88083	15	0
Međurača	45.80028	16.89333	01	275
Međurače	45.44262	16.19194	14	21
Međurić	45.45639	16.91806	14	427
Meštrovići	43.52306	17.03361	15	0
Mickovići	45.13694	16.11778	14	0
Migalovci	45.33083	18.01083	11	92
Mihajlovići	45.21778	15.69917	05	0
Mihalić Selo	45.39567	15.46995	05	68
Mihalj	42.99056	17.49778	03	121
Mihaljekov Jarek	46.15304	15.88175	07	444
Mihaljevac	44.76472	15.71111	08	22
Mihaljevci	45.31722	17.87278	11	6
Mihaljevci	45.38278	17.67444	11	628
Mihaljevići	43.18889	17.39611	15	0
Mihaljevići	43.57889	16.53278	15	0
Mihaljevići	45.25194	17.86444	11	0
Mihanići	42.56383	18.33376	03	109
Mihanovićev Dol	46.0478	15.7327	07	265
Mihatovići	42.51389	18.36333	03	0
Mihatovići	45.26405	13.64687	04	161
Mihelići	45.22487	13.66786	04	57
Miholašćica	44.80444	14.37111	12	31
Miholec	46.05333	16.44167	06	322
Miholjanec	46.04472	16.95056	06	244
Miholjački Poreč	45.69778	18.19778	10	148
Miholjsko	45.26455	15.68654	05	87
Mihotići	45.36125	14.30553	12	862
Mihovljan	46.13306	15.97222	07	956
Mihovljan	46.40586	16.44627	09	1391
Mijaca	43.2875	17.31972	15	30
Mijakovič	44.29889	15.92639	19	0
Mijači	45.44722	17.46861	11	10
Mijedrazi	45.11056	16.34556	14	0
Mijići	43.63528	16.50056	15	0
Mijići	43.69583	16.55028	15	0
Mijići	43.70139	16.55083	15	0
Mikinovac	45.16139	15.7925	05	0
Mikići	45.09139	15.67889	05	0
Mikićka	45.11028	18.32083	02	0
Miklavec	46.48215	16.50533	09	391
Mikleuš	45.61861	17.80389	17	646
Mikleuška	45.55083	16.73222	14	85
Mikloševcy	45.25194	19.08583	18	265
Mikložan	44.61389	14.48778	12	0
Mikovec	46.08883	16.47347	06	61
Mikulina Luka	42.96817	16.68722	03	0
Mikulići	42.48083	18.41139	03	66
Mikulići	45.85	15.91667	21	0
Miladini	45.69742	15.59844	20	50
Milakovći	45.24639	16.18167	14	0
Milan	43.73389	16.69833	15	0
Milan-Lug	45.36861	17.97417	11	209
Milanci	44.21639	15.71028	19	0
Milanezi	45.26806	13.70583	04	18
Milani	45.45672	15.2956	05	15
Milankovići	45.20944	16.715	14	0
Milanovac	45.39306	17.58583	11	35
Milanovac	45.66478	17.93693	17	30
Milanovac	45.79972	17.38694	17	1515
Milanovići	43.62306	16.62472	15	0
Milanovići	43.70444	16.73444	15	0
Milanovići	44.60722	15.65611	08	0
Milardovići	43.56222	16.92528	15	0
Milasi	43.40833	17.17778	15	0
Milasi	43.41167	17.20722	15	0
Milasi	43.41639	17.20639	15	0
Milaševci	45.76219	16.64806	01	142
Milaši	43.9775	16.42694	13	0
Milaši	45.39252	14.43183	12	76
Milekovo Selo	45.97125	15.99852	07	116
Miletići	44.31194	15.27639	19	0
Miletići	45.13778	16.31889	14	0
Milevci	45.01556	18.74111	18	0
Milhovilovići	43.56972	16.53528	15	0
Milinac	45.34	18.12389	10	25
Milinki	45.21269	13.82438	04	0
Milinkovića Nuga	44.65861	15.19361	08	0
Milisavci	45.33333	17.16667	14	0
Milivojevići	44.03444	16.31194	13	0
Milića Kraj	44.63306	15.97222	08	0
Milića Selo	45.00417	15.73889	05	0
Milići	44.01472	16.24778	13	0
Milići	44.15167	15.81306	19	0
Milići	45.06139	16.29556	14	0
Miličani	46.0871	16.72386	06	112
Miličevići	45.11806	16.30389	14	0
Milišinovac	43.86028	16.60917	15	0
Miljak	43.52306	16.76806	15	0
Miljana	46.12583	15.62083	07	82
Miljanovac	45.53333	17.21667	01	103
Miljanovići	45.23639	15.85917	14	0
Miljanovići	45.23694	15.87194	14	0
Miljasi	42.555	18.32583	03	0
Miljača	44.57611	15.31528	08	0
Miljačići	43.11028	17.35639	15	0
Miljci	43.59056	16.98028	15	0
Miljen	43.65417	16.86222	15	0
Miljevac	45.12861	15.63833	05	10
Miljevci	45.6615	17.82462	17	223
Miljevići	45.16972	16.12889	14	0
Miljkovača	43.51417	17.04361	15	0
Miljkovići	43.87389	16.51139	15	0
Miljkovići	43.89333	16.56861	15	0
Miljkovići	44.45278	15.21306	08	0
Miljkovići	45.17806	16.44389	14	0
Miljuš	44.37583	15.96806	19	0
Miljuši	44.36194	16.01167	19	0
Miljuši	44.41667	15.98333	19	0
Miljuši	44.48472	16.11111	08	0
Milkovića Varoš	44.57722	15.29861	08	0
Milkovići	44.67861	15.35667	08	0
Milkovići	44.71111	15.35389	08	0
Milna	43.04061	16.23409	15	39
Milna	43.1625	16.49194	15	77
Milna	43.32667	16.45083	15	775
Milohnići	45.08	14.45583	12	102
Milotski Breg	45.17194	13.95861	04	89
Milovac	44.32	15.41444	19	0
Milovčići	45.10812	14.52903	12	166
Miloševac	45.27397	15.4697	05	2
Milošević	42.69417	18.02444	03	0
Milošići	43.17	17.4325	15	0
Milošići Polje	43.16583	17.43667	15	0
Milun	43.65722	16.60111	15	0
Milčetići	45.11782	14.51972	12	251
Mimice	43.40492	16.81166	15	241
Miodraž	44.01	15.76417	19	0
Mioći	43.12667	17.52083	03	0
Miočevići	43.23528	17.1575	15	0
Miočic	44.24556	15.34917	19	0
Miočic	44.24833	15.38444	19	0
Miočinovići	45.27478	16.28785	14	26
Miočić	43.88028	16.23111	13	44
Miočić	44.295	15.30694	19	0
Miranje	44	15.58333	19	236
Mirca	43.03103	17.02992	03	0
Mirce	43.37764	16.52265	15	401
Mirić	43.60056	16.66417	15	0
Mirići	44.71333	15.64639	08	0
Mirići	44.71722	15.62722	08	0
Mirkopolje	45.61838	15.51389	20	82
Mirkovac	45.7375	18.79889	10	64
Mirkovci	45.26972	18.85111	18	2731
Mirkovec	46.06412	15.92657	07	457
Mirkovec Breznički	46.03416	16.28868	16	87
Mirković	44.45361	15.80306	08	0
Mirkovići	43.64417	16.67167	15	0
Mirkovići	44.03806	16.33	13	0
Mirkovići	44.06	16.21583	13	0
Mirkovići	44.87528	15.33861	08	0
Mirlović Zagora	43.76006	16.10029	13	347
Mirlović-Polje	43.81139	16.34306	13	133
Mirnovec	45.785	15.72472	20	0
Mirt	43.67528	16.51083	15	0
Misić	45.03222	18.74778	18	0
Miskovići	44.30833	16.10417	19	0
Misletići	42.45167	18.47111	03	0
Mislina	42.98222	17.60722	03	25
Mitlo	43.58487	16.07961	15	49
Mitrovac	45.71111	18.7225	10	16
Mitrovica Gradinska	45.83333	17.51667	17	0
Mitrovići	42.43222	18.48528	03	0
Mizdraci	44.15278	16.26056	13	0
Mičetinac	46.0075	17.01861	06	146
Mičetići	45.2113	13.69677	04	28
Mičevec	45.7521	16.05831	20	1251
Mičijevac	46.05435	16.6087	06	54
Mišetino Selo	43.55833	16.71139	15	0
Mišinci	45.6187	15.31151	05	128
Mišinka	45.49139	16.82222	14	102
Mišići	44.43944	16.0425	08	0
Miškovići	44.3375	15.23056	19	55
Miškovići	44.75917	14.90861	08	0
Miškulin	44.82889	14.89278	08	0
Miškulini	44.56889	15.25111	08	0
Mišljenovac	44.58028	16.01	08	0
Miščevići	44.52556	15.53694	08	0
Miščevići	45.16167	15.33028	05	0
Mjenovići	42.87083	17.76278	03	0
Mjesto Donji Okrug	45.46167	14.70845	12	1
Mlada Nedelja	44.87194	15.15139	08	0
Mladenići	45.38308	14.39564	12	1448
Mladina	43.59472	16.75	15	0
Mladine	43.57417	16.82917	15	0
Mlaka	45.2375	17.01944	14	23
Mlaka Rakovečka	45.90881	16.29054	20	101
Mlakovac	45.37077	15.58252	05	98
Mlakva	44.70056	15.28944	08	31
Mlatinje	43.10194	17.3475	15	0
Mlikotići	43.535	16.84472	15	0
Mlinarevići	44.03806	16.21611	13	0
Mlinari Vučinci	45.41092	15.033	12	7
Mlinci	45.1775	17.76444	02	0
Mlini	42.62306	18.20722	03	933
Mlini	42.675	18.13833	03	0
Mlinište	42.9925	17.61583	03	254
Mlinište	44.63194	15.01806	08	0
Mlinski Vinogradi	45.67647	16.91611	01	25
Modrino Selo	44.04556	15.87889	13	23
Modrići	44.82083	15.07889	08	0
Modro Oko	43.05528	17.50611	03	0
Modrovec	45.99759	16.00926	07	324
Modruš	45.11667	15.23583	05	169
Modruš	45.13015	15.24335	05	125
Modrušani	45.11917	13.87361	04	129
Mofardini	45.18111	13.79778	04	0
Mogorić	44.48961	15.59104	08	80
Mohovo	45.25139	19.21611	18	183
Mojanka	43.64306	16.61139	15	0
Mokošica	42.67556	18.09028	03	2193
Mokreš	45.37792	18.08275	11	14
Mokrica Tomaševečka	45.9761	16.3219	20	20
Mokrice	45.99601	15.90126	07	697
Mokrice Miholečke	46.055	16.38194	06	139
Mokro Polje	44.07192	16.03901	13	163
Molat	44.21444	14.87944	19	85
Moljva	43.50528	16.71306	15	0
Molunat	42.45	18.43722	03	234
Molve	46.10917	17.03167	06	1195
Molve Grede	46.10357	17.07628	06	199
Molvice	45.76836	15.75774	20	659
Molvice	46.0227	17.18069	06	34
Momići	43.04806	17.59806	03	163
Momići	44.13944	16.24111	13	0
Momjan	45.43861	13.71111	04	239
Momčilovici	45.04917	15.54806	05	0
Momčilovića Kosa	45.26899	16.23542	14	15
Momčilovići	44.53472	15.73778	08	0
Momčilovići	44.99083	15.44722	05	0
Momčilovići	45.23222	15.69194	05	0
Momčilovići	45.23472	15.66639	05	0
Monterol	45.45147	13.51904	04	38
Montižana	45.18139	13.68722	04	54
Montovani	45.18514	14.02429	04	123
Montrin	45.43611	13.65472	04	0
Moravice	45.42472	15.01469	12	509
Moravička Sela	45.47007	14.95221	12	37
Moravče	45.93333	16.16667	21	602
Moračni Do	42.97528	17.56417	03	0
Morpolača	43.91608	15.76263	19	50
Moseć	43.79538	16.22286	13	68
Moslavačka Slatina	45.61694	16.67361	14	68
Moslavački Krivaj	45.53333	16.66667	14	0
Most	45.40176	13.96556	04	71
Most-Raša	45.06058	14.04416	04	63
Mostanje	45.47111	15.55722	05	0
Mostanje	45.48333	15.56667	05	0
Mostari	45.78306	16.50361	20	170
Mostina	43.05278	17.46278	03	0
Motovun	45.33667	13.82861	04	397
Movrač	45.98	15.73194	07	122
Močile	45.41381	15.16169	12	75
Močilski Breg	46.17972	16.77889	06	0
Močići	42.56167	18.25111	03	426
Mošanci	45.55704	15.30207	05	24
Moštanica	45.36611	16.35083	14	67
Mošćenica	45.43833	16.36111	14	2096
Mošćenice	45.2264	14.24855	12	279
Mošćenička Draga	45.23778	14.25222	12	452
Možđenec	46.15	16.35	16	584
Mracaj	43.43389	17.16306	15	0
Mracelj	45.22194	15.7825	05	83
Mraclin	45.66667	16.09556	20	1026
Mrakovo	45.67472	15.87444	21	0
Mratovo	43.9586	16.0433	13	47
Mravinca	42.81861	17.85722	03	29
Mravince	43.53333	16.52194	15	1717
Mravinjac	42.75124	17.96127	03	67
Mravinjci	45.45833	16.01361	14	0
Mravnica	43.65338	16.10363	13	29
Mračaj	45.13667	16.13333	14	42
Mračaj	45.24361	15.62389	05	0
Mračaj	45.27667	16.57069	14	21
Mračaj Krstinjski	45.24589	15.63852	05	2
Mračin	45.43629	15.40901	05	222
Mrdalj	44.10611	15.92639	13	0
Mrdeže	43.67556	16.1175	13	0
Mrežnica	45.26139	15.41444	05	4
Mrežničke Poljice	45.42756	15.48858	05	110
Mrežnički Brest	45.34123	15.42917	05	25
Mrežnički Brig	45.42538	15.49735	05	288
Mrežnički Novaki	45.40549	15.48508	05	168
Mrežnički Varoš	45.44171	15.51166	05	901
Mrežničko Dvorište	45.42646	15.48335	05	48
Mrgan	45.08194	15.65639	05	0
Mrgan	45.11	15.68778	05	0
Mrgan	45.11972	15.71417	05	0
Mrgani	45.12111	15.78472	05	0
Mrgani	45.12694	13.7825	04	27
Mrkelnje	44.04389	15.80667	19	0
Mrkonja	45.07194	15.64417	05	0
Mrkonjići	43.35472	17.17444	15	0
Mrkonjići	43.41083	17.21361	15	0
Mrkonjići	44.36056	16.1325	19	0
Mrkopalj	45.31556	14.85528	12	557
Mrkopolje	45.485	17.51444	11	0
Mrkšići	45.23028	15.74972	05	0
Mrljane	43.96781	15.35414	19	253
Mrsinj	44.73056	15.64472	08	0
Mrvića Jarčište	43.84806	16.58389	15	0
Mrvići	43.81722	16.56722	15	0
Mrvoši	45.3025	15.18278	05	0
Mrzla Vodica	45.36917	14.66306	12	14
Mrzli Dol	45.03417	14.97722	08	23
Mrzljaki	45.53333	15.31667	05	12
Mrzljaki	45.58333	15.6	05	0
Mrzlo Polje	45.11667	15.55	05	0
Mrzlo Polje	46.03405	15.79612	07	202
Mrzlo Polje Žumberačko	45.77828	15.49829	20	23
Mrzović	45.32639	18.59278	10	504
Mrčela	43.66528	16.84083	15	0
Mrčevo	42.74008	17.98084	03	76
Mrđenovići	45.04222	16.28444	14	0
Mršići	43.48778	17.1175	15	0
Mršići	44.12972	15.80778	19	0
Mudnići	43.57222	16.73722	15	0
Mudnići	43.57694	16.76028	15	0
Mudrić Selo	45.01917	15.62444	05	0
Mugeba	45.19139	13.61889	04	219
Muharev Brijeg	44.63306	15.21222	08	0
Mukinje	44.87417	15.62944	08	0
Muline	44.13757	15.07286	19	0
Muna	43.65	15.66667	13	0
Munci	45.20889	13.87528	04	0
Mundanije	44.77111	14.7625	12	402
Munije	45.68016	17.29393	01	26
Munivrane	43.7175	16.73056	15	0
Munjava	45.18222	15.28746	05	49
Munjava Modruška	45.15902	15.28798	05	58
Muntić	44.92583	13.94694	04	325
Muntrilj	45.24167	13.80694	04	73
Murage	44.98639	13.76167	04	0
Muraj	45.05088	14.60033	12	69
Murati	43.50417	16.85556	15	0
Muratovac	45.22028	15.85556	14	0
Murdići	45.03111	15.61944	05	0
Murgići	44.64639	15.47333	08	0
Murgići	44.65944	15.41139	08	0
Murgići	44.6725	15.45944	08	0
Murine	45.45167	13.54278	04	970
Muričevec	46.20576	16.02058	16	147
Mursko Središće	46.5121	16.43938	09	3321
Murter	43.82043	15.58988	13	1920
Murtovnik	44.66167	14.48222	12	0
Murvica	43.26639	16.59334	15	22
Murvica	44.14722	15.32417	19	855
Murvica Gornja	44.1605	15.34248	19	216
Musapstan	44.12444	15.28194	19	0
Musinac	43.53194	17.02	15	0
Musić	45.28972	18.17306	10	54
Mustafina Klada	45.66037	16.61287	14	132
Mustapići	43.50194	16.96083	15	0
Musterići	43.75972	16.61861	15	0
Musulini	45.33622	15.09784	12	112
Musulinski Potok	45.25	15.13333	05	84
Mutilić	44.50141	15.77356	08	36
Mutničko	45.17667	17.47528	02	0
Mutvoran	44.95889	13.98444	04	21
Muzerovići	43.575	16.87944	15	0
Mučel	44.02389	15.1375	19	0
Mučići	45.40083	14.30861	12	347
Mušalež	45.21139	13.64444	04	384
Mušaluk	44.60917	15.38528	08	174
Muškovci	44.21667	15.73333	19	98
Mužilovčica	45.39361	16.68333	14	57
Mužine	42.67694	18.07056	03	0
Mužini	45.11739	13.90684	04	88
Na Stanu	43.51389	16.61944	15	0
Nabrote	45.34	18.23778	10	0
Nadin	44.07408	15.49793	19	371
Nadurljaj	44.34722	16.095	19	0
Nadvoda	44.16688	15.84499	19	135
Nadvrelo	44.21778	16.07861	19	0
Nadvučnik	45.41723	15.11644	12	20
Naglani	43.19528	17.24222	15	0
Naglići	45.51156	14.92308	12	1
Najevi	43.53581	16.12906	15	51
Nakići	43.76111	16.0675	13	0
Naklice	43.45533	16.6782	15	237
Nakovanj	43	17.08333	03	1
Naprte	44.88194	15.27444	08	0
Narandžići	44.77083	15.51083	08	0
Narančići	44.88972	15.39389	08	0
Nard	45.66306	18.48417	10	377
Nardući	45.3399	13.73473	04	14
Nart Savski	45.75627	16.19844	20	199
Narta	45.83278	16.78611	01	573
Nartiće	42.55278	18.35056	03	0
Naselje Stjepana Radića	45.87033	16.42629	20	239
Natkrižovljan	46.35004	16.11431	16	258
Naudovac	45.80008	17.54911	17	113
Nazlići	43.60028	16.53444	15	0
Našice	45.48861	18.08778	10	7307
Našičko Novo Selo	45.53139	18.03949	10	271
Nebljusi	44.65944	15.94472	08	111
Nebojan	45.48	16.19889	14	141
Nebojse	46.14423	15.7064	07	67
Nedelišće	46.37583	16.3875	09	3840
Nedeljanec	46.28778	16.28333	16	1320
Nedeščina	45.14	14.11194	04	537
Negnar	45.34029	13.94374	04	19
Negoslavci	45.27944	18.99667	18	983
Negovec	45.88333	16.31667	20	154
Nehaj	44.98528	14.90889	08	0
Nekić	44.19139	15.47944	19	0
Nekić	44.235	15.64778	19	0
Nemetin	45.54	18.77361	10	77
Nemira	43.42121	16.71133	15	0
Nemčevec	46.08138	16.40401	06	11
Nenadić	43.83167	16.56111	15	0
Nenadići	43.48306	17.24889	15	0
Nenadići	44.85639	15.47778	08	0
Nenadići	45.07485	14.49673	12	164
Neorić	43.68056	16.52111	15	819
Neralići	45.1475	15.77472	05	0
Nerezine	44.6575	14.39333	12	397
Nerežišće	43.33111	16.57861	15	642
Nerlovići	43.65944	16.59917	15	0
Nespeš	45.95	16.2	20	298
Nesvanulice	45.05139	16.2825	14	0
Neteka	44.38722	16.11722	19	75
Neteča	45.91667	17.41667	17	0
Netretić	45.50889	15.41333	05	44
Nevest	43.72639	16.21444	13	56
Nevinac	45.81528	16.90278	01	172
Neviđane	43.98056	15.34056	19	353
Nevoljići	43.59194	16.73833	15	0
Nečaj	43.53028	16.7425	15	0
Nečujam	43.38472	16.32806	15	286
Nežice	45.14444	18.56222	18	0
Nijemci	45.14028	19.03556	18	1330
Nikolici	43.48722	17.02417	15	0
Nikolići	43.20778	17.29944	15	0
Nikolići	45.11083	15.12306	05	0
Nikšić	45.14949	15.54536	05	171
Nikšića Most	44.92417	15.1375	08	0
Nikšići	44.59361	15.42667	08	0
Nikšići	44.61972	15.45167	08	0
Nikšići	45.42819	15.0233	12	23
Nin	44.24139	15.17833	19	1101
Ninski Stanovi	44.21806	15.21667	19	340
Nisko	43.66667	16.36667	15	181
Niza	45.54583	18.24222	10	361
Nizići	43.19528	17.26972	15	0
Niševići	45.11361	16.31056	14	0
Niševići	45.14139	16.37472	14	0
Njegoševac	45.57167	18.19972	10	0
Njeguš	44.15556	15.34944	19	0
Njivice	43.3075	17.15694	15	0
Njivice	43.67139	16.82722	15	0
Njivice	45.15806	14.53861	12	1115
Nogale	43.34194	17.28472	15	0
Nogale	43.34278	17.26722	15	0
Nogonjići	44.66139	15.36028	08	0
Nokovići	44.37528	16.04111	19	0
Normanci	45.5552	18.36188	10	269
Noršić- Selo	45.79063	15.57041	20	89
Nos Kalik	43.81722	15.99389	13	2
Noskovačka Dubrava	45.77609	17.83085	17	40
Noskovci	45.7825	17.81667	17	142
Nova	42.92472	16.67972	03	0
Nova	44.56694	14.37	12	0
Nova Brezovica	45.86667	17.56667	17	0
Nova Bukovica	45.66472	17.76694	17	638
Nova Diklenica	45.97382	16.89206	01	100
Nova Drenčina	45.45623	16.31944	14	315
Nova Gradina	45.85	17.51667	17	0
Nova Gradiška	45.255	17.38306	02	9820
Nova Jošava	45.52438	17.9223	17	152
Nova Kapela	45.19889	17.63917	02	777
Nova Kapela	45.88444	16.57972	20	207
Nova Krivaja	45.65612	17.4454	01	69
Nova Kršlja	45.00111	15.73917	05	69
Nova Lipa	45.36083	17.61528	11	61
Nova Lipa	45.36194	17.93306	11	22
Nova Ljeskovica	45.38124	18.01899	11	425
Nova Marča	45.76667	16.51667	01	0
Nova Mokošica	42.67436	18.116	03	5682
Nova Pisanica	45.80942	17.11405	01	37
Nova Ploščica	45.73556	16.92389	01	298
Nova Rača	45.79694	16.95361	01	382
Nova Sela	43.10167	17.55944	03	29
Nova Sela	43.52356	16.79598	15	152
Nova Sela	43.53851	16.75085	15	141
Nova Subocka	45.37194	16.92083	14	570
Nova Vas	45.24444	14.15972	04	58
Nova Vas	45.26333	13.65722	04	589
Nova Vas	45.36278	13.64278	04	366
Nova Ves	46.32139	16.22944	16	826
Nova Šarovka	45.75994	17.74745	17	201
Novak	43.42389	17.12944	15	0
Novak	45.21028	19.25778	18	0
Novak	45.23167	16.10167	14	0
Novaki	45.51667	15.53333	05	0
Novaki	45.61374	15.43772	05	54
Novaki	45.64556	15.62028	20	272
Novaki	45.7959	15.80126	20	2001
Novaki	45.80639	17.63361	17	292
Novaki	45.84237	16.55256	20	156
Novaki Bistranski	45.88484	15.86228	20	812
Novaki Bizovački	45.56417	18.44917	10	180
Novaki Lipnički	45.57279	15.38272	05	14
Novaki Maruševečki	46.26722	16.1325	16	467
Novaki Motovunski	45.29444	13.85194	04	373
Novaki Nartski	45.75857	16.17599	20	51
Novaki Oborovski	45.72361	16.21863	20	279
Novaki Pazinski	45.26667	13.99222	04	181
Novaki Ravenski	45.95436	16.47112	06	146
Novaki Šćitarjevski	45.7776	16.10361	20	152
Novakovec	46.27	16.49639	16	399
Novakovec	46.45367	16.56804	09	694
Novakovec Bisaški	46.01249	16.26587	20	27
Novakovići	44.20889	16.225	13	0
Novakovići	44.25556	16.03417	19	0
Novakovići	44.35361	16.18667	19	0
Novakovići	44.87	15.34833	08	0
Novalja	44.55778	14.88667	08	2415
Novačka	46.17811	17.05928	06	343
Novi Antunovac	45.87505	17.30457	17	77
Novi Bezdan	45.73778	18.46472	10	262
Novi Bešinci	45.42306	17.74611	11	50
Novi Bolman	45.72472	18.53972	10	83
Novi Bošnjani	46.08746	16.62233	06	62
Novi Budakovac	45.85	17.63333	17	0
Novi Djurdjic	45.98842	16.58668	06	131
Novi Dvori Klanječki	46.02554	15.73057	07	207
Novi Erdut	45.505	19.06389	10	0
Novi Farkašić	45.47217	16.15351	14	67
Novi Glog	45.95583	16.64841	06	129
Novi Golubovec	46.17252	15.9809	07	192
Novi Grabovac	45.40417	16.99472	14	5
Novi Grad	45.10861	18.3575	02	230
Novi Gradac	45.91972	17.55139	17	128
Novi Hrkanovci	45.2625	18.21722	10	0
Novi Jankovci	45.24	18.89611	18	693
Novi Lazi	45.44278	14.96611	12	6
Novi Majur	45.46	17.1692	11	78
Novi Marof	46.16194	16.33028	16	1810
Novi Mihaljevci	45.39056	17.67583	11	203
Novi Mikanovci	45.28722	18.59139	18	536
Novi Pavljani	45.85	16.85	01	136
Novi Perkovci	45.25222	18.35222	10	180
Novi Seleš	45.47611	18.67972	10	0
Novi Senkovac	45.74239	17.77209	17	223
Novi Skučani	45.94592	16.82734	01	143
Novi Stafilić	43.56	16.32194	15	0
Novi Varoš	45.19472	17.21583	02	113
Novi Vinodolski	45.12806	14.78889	12	3336
Novi Zdenkovac	45.37058	18.08919	11	10
Novi Čakovci	45.20917	19.0375	18	0
Novi Čeminac	45.67583	18.64056	10	252
Novi Štitnjak	45.36097	17.65459	11	92
Novigrad	44.18389	15.55417	19	481
Novigrad	45.315	13.55806	04	2292
Novigrad Podravski	46.07806	16.95389	06	1577
Novigrad na Dobri	45.47214	15.4428	05	62
Novkovići	44.14111	16.25944	13	0
Novkovići	44.50917	15.53	08	0
Novkovići	45.23056	15.66944	05	0
Novo Brdo	45.4725	16.84611	14	0
Novo Brdo	45.48333	16.81111	14	0
Novo Brdo	45.58634	16.0231	20	83
Novo Brdo Mrežničko	45.40303	15.43105	05	97
Novo Kusonje	45.70418	17.57058	17	15
Novo Mjesto	45.95372	16.28909	20	143
Novo Naselje	43.00389	17.53333	03	0
Novo Naselje	43.21333	17.11167	15	0
Novo Naselje	45.52972	18.83	10	0
Novo Nevesinje	45.73389	18.41556	10	41
Novo Obilićevo	45.83333	17.56667	17	0
Novo Petrovo Polje	45.64733	17.98294	17	121
Novo Pračno	45.43785	16.3715	14	346
Novo Selište	45.44003	16.24719	14	279
Novo Selo	43.30744	16.84462	15	109
Novo Selo	44.87013	15.72035	08	17
Novo Selo	44.87111	15.7175	08	0
Novo Selo	44.90889	15.23972	08	0
Novo Selo	45.27917	18.71611	18	0
Novo Selo	45.40111	15.3025	05	15
Novo Selo	45.41833	18.10556	10	0
Novo Selo	45.42376	16.38217	14	536
Novo Selo	45.66528	18.10861	10	0
Novo Selo	45.71964	16.70936	01	47
Novo Selo	45.86361	16.38814	20	80
Novo Selo Garešničko	45.64349	16.80023	01	26
Novo Selo Glinsko	45.37278	16.16944	14	89
Novo Selo Lasinjsko	45.53234	15.82761	05	62
Novo Selo Okićko	45.7386	15.70469	20	112
Novo Selo Palanječko	45.49206	16.44885	14	447
Novo Selo Podravsko	46.27694	16.7225	16	183
Novo Selo Požeško	45.32194	17.63528	11	370
Novo Selo Rok	46.42839	16.46215	09	1320
Novo Selo na Dravi	46.33083	16.4325	09	557
Novo Selo Žumberačko	45.81087	15.5047	20	18
Novo Topolje	45.20833	18.24083	02	117
Novo Virje	46.09139	17.15167	06	1026
Novo Zvečevo	45.5456	17.51406	11	24
Novo Čiče	45.70481	16.11849	20	1142
Novoselci	44.33611	15.94167	19	0
Novoselci	45.3538	16.57785	14	28
Novoselci Jakšićki	45.33389	17.78722	11	157
Novoselec	45.6525	16.53639	20	1210
Novoselija	44.58194	15.42722	08	0
Novoselija	44.64611	15.1975	08	0
Novoseljani	45.89363	16.87115	01	600
Novoselo	44.51861	15.30778	08	92
Novoselo Bilajsko	44.51583	15.41944	08	122
Novska	45.34056	16.97694	14	5922
Nožice	45.14889	18.58444	18	0
Nožinići	45.17889	16.41528	14	0
Nuga	43.1075	17.525	03	0
Nuići	43.32222	17.19389	15	0
Nunić	44.02259	15.86192	13	89
Nurkovac	45.32722	17.61	11	185
Nuštar	45.3325	18.84139	18	3132
Obed	45.73036	16.19651	20	39
Obedišće	45.63396	16.54822	20	516
Obedišće Ježevsko	45.75765	16.29468	20	100
Obilje	44.84056	15.25139	08	0
Oblakovac	45.3436	17.49924	11	2
Obljaj	44.54	15.9575	08	0
Obljajac	44.59194	15.28583	08	0
Oborovo	45.68278	16.25694	20	574
Oborovo	45.91306	15.88167	20	882
Obradovci	45.61385	17.94167	17	41
Obradovići	42.55417	18.26778	03	0
Obradovići	44.36278	16.03222	19	0
Obradovići	44.37139	16.04278	19	0
Obradovići	44.4325	15.85222	19	0
Obrankovec	46.27289	16.60867	16	113
Obranča	45.04417	18.79667	18	0
Obrezina	45.77039	16.10912	20	403
Obrež	46.125	16.44083	06	0
Obrež Kalnički	46.11716	16.43503	06	108
Obrež Vivodinski	45.64864	15.42423	05	75
Obrež Zelinski	45.9339	16.26107	20	61
Obrh	45.58762	15.35394	05	3
Obrovac	44.20056	15.68222	19	793
Obrovac Sinjski	43.73645	16.69305	15	794
Obrovci	45.16056	15.61639	05	0
Obrovci	45.17611	15.66861	05	0
Obrovnica	45.82694	16.87694	01	155
Obrovčevmost	45.1625	15.61917	05	0
Obrs	45.2504	14.25173	12	11
Obrvani	42.90278	17.71139	03	0
Obsenica	44.65111	15.57083	08	0
Obuljeno	42.67583	18.10528	03	0
Obućine	44.73528	15.42333	08	0
Odra	45.72979	15.9924	21	2630
Odra Sisačka	45.50055	16.34094	14	687
Odranski Obrež	45.71667	15.93333	21	1503
Odrljani	43.62111	16.69861	15	0
Odža	43.56639	16.50194	15	0
Oglavci	43.56254	15.97185	13	7
Ognilo	44.51028	15.10917	08	0
Ognjanovas	45.70917	15.37194	05	0
Ognjenovići	44.88139	15.34528	08	0
Ogradak	45.14417	15.63083	05	0
Ograđ	43.08861	17.605	03	0
Ograđenice	44.48639	16.08722	08	0
Ogrebići	43.82278	16.55611	15	0
Ogulin	45.26611	15.22861	05	7374
Ogulinec	45.62417	16.12861	20	313
Ohnići	45.31125	13.71458	04	30
Okešinec	45.63477	16.52944	20	337
Okić	45.37529	15.65606	05	43
Oklaj	43.96315	16.07655	13	410
Oključna	43.06782	16.11351	15	0
Okmadžići	43.26694	17.1825	15	0
Okoli	45.59167	16.5225	14	232
Okreti	45.11083	13.80611	04	47
Okrivje	45.56136	14.67276	12	5
Okrug	45.7	15.53333	20	0
Okrug Donji	43.49722	16.2199	15	235
Okrug Gornji	43.49473	16.26531	15	2760
Okrug Gornji / Bušinci	43.4875	16.26722	15	0
Okrug Gornji / Liveli	43.49472	16.2725	15	0
Okrugli Dolac	44.54278	15.23806	08	0
Okrugli Vrh	46.429	16.35142	09	358
Okruglica	43.53639	16.7075	15	0
Okruglica	44.19833	16.23944	13	0
Okrugljača	45.92722	17.36639	17	200
Okuje	45.67694	16.07167	20	430
Okuklje	42.72833	17.66917	03	38
Okunščak	45.75487	16.21195	20	490
Okučani	45.26034	17.19925	02	1143
Olib	44.375	14.78194	19	117
Oljasi	45.41278	17.57917	11	47
Oljubine	44.72194	15.63639	08	0
Oltari	44.87389	14.98444	08	0
Oluići	44.16	15.785	19	0
Omamno	46.01775	16.25115	20	145
Omanovac	45.49149	17.18541	11	86
Omar	45.10639	14.90583	12	0
Omiš	43.44472	16.68861	15	5985
Omišalj	45.21134	14.55495	12	1877
Omsica	44.36056	15.93528	19	4
Ondić	44.48471	15.77978	08	25
Opalić	44.46889	15.73528	08	0
Opaljene Klade	44.64333	15.96111	08	0
Opanci	43.48139	16.97611	15	258
Opasanjek	46.06794	16.11054	07	82
Opatija	45.31694	13.93778	04	0
Opatija	45.33658	14.30782	12	5701
Opatija	45.54898	15.98365	20	139
Opatijski Torovi	43.95111	15.46528	19	0
Opatinec	45.71529	16.37495	20	283
Opatovac	45.26056	19.17083	18	252
Opatovac	45.3282	17.43368	02	282
Opačića Dolina	44.56944	15.96	08	0
Opačići	44.12	15.52111	19	0
Opačići	44.14167	15.32361	19	0
Opački	43.28972	17.28611	15	0
Oplaznik	45.91485	15.72697	20	75
Oporovec	46.33022	16.67443	09	334
Opric	45.30909	14.27326	12	719
Oprisavci	45.1464	18.21576	02	715
Oprtalj	45.38167	13.82611	04	75
Opsenjak	43.85944	16.56417	15	0
Opuzen	43.01528	17.56556	03	2355
Općevac	45.72789	16.55653	01	93
Orah	43.2166	17.42393	15	212
Orahovica	45.52954	17.87977	17	3384
Orahovlje	43.21861	17.43111	15	0
Oraovac	44.52806	15.93889	08	124
Oratje	46.06954	15.84097	07	122
Oravac	44.72284	15.71095	08	22
Orašac	42.70194	18.00778	03	742
Orašje	44.16972	16.25	13	0
Orbani	45.18404	13.77487	04	20
Orbanići	45.00361	13.91722	04	141
Orbanići	45.14968	13.88727	04	57
Ordanja	45.5325	18.28056	10	121
Orebić	42.9767	17.18619	03	1794
Orehov Hrib	45.64167	14.58861	12	0
Orehova Gorica	45.98724	16.02116	07	50
Orehovec	46.07228	16.45613	06	83
Orehovec	46.18417	16.37643	16	250
Orehovec Radobojski	46.14617	15.89494	07	258
Orehovica	46.10032	15.97378	07	226
Orehovica	46.33167	16.50694	09	1803
Orepak	43.08389	17.57472	03	0
Orešac	45.81361	17.58111	17	342
Orešje	45.81618	15.80246	20	1097
Orešje Humsko	46.2004	15.71061	07	172
Orešje Okićko	45.72929	15.68099	20	36
Oreškovići	44.83639	15.26111	08	0
Oreškovići	44.91278	15.16639	08	0
Orešnjak	45.76667	17.95	10	0
Orihi	45.0675	13.94528	04	101
Orije	44.88083	14.95333	08	0
Orijevac	45.2824	15.49298	05	3
Oriovac	45.16611	17.76	02	1490
Oriovčić	45.25278	18.02944	02	99
Orič	45.16387	14.01467	04	152
Orišje	45.40485	15.29114	05	39
Orle	45.68333	16.23333	20	71
Orlec	44.88222	14.42472	12	88
Orlić	43.97028	16.23556	13	187
Orljak	44.16639	15.67472	19	0
Orljakovo	45.63702	15.37713	05	165
Orljavac	45.41556	17.50056	11	113
Orlovac	43.4225	16.87056	15	0
Orlovac	45.52528	15.58167	05	0
Orlovac	45.74687	16.94684	01	110
Orlovac Zdenački	45.69562	17.14091	01	248
Orlović	44.4675	15.62	08	0
Orlovići	44.50361	15.68056	08	0
Orlovnjak	45.48444	18.71972	10	0
Orniće	44.49778	15.4175	08	4
Orolik	45.21528	18.98472	18	355
Oroslavje	45.99672	15.91507	07	3253
Orovac	44.88639	15.19389	08	0
Orovac	45.86583	16.97639	01	253
Orubica	45.14778	17.45889	02	504
Osekovo	45.51639	16.61667	14	705
Osečka	46.22909	16.22894	16	195
Osijek	45.55066	18.6942	10	75535
Osijek - Karlovac	45.7	18.1	10	0
Osijek Vojakovački	46.12544	16.53872	06	141
Oskoruš	45.45361	13.73472	04	43
Oskorušno	42.98361	17.30694	03	77
Oskrušnica	42.96306	17.67583	03	0
Oslići	45.34704	14.0147	04	55
Osljak	44.07667	15.20722	19	35
Osobjava	42.965	17.4	03	61
Osoje	43.54333	16.68167	15	388
Osojnik	42.71083	18.06722	03	335
Osojnik	45.3926	15.2065	12	86
Osonjak	46.25323	15.92536	16	48
Osor	44.69556	14.39333	12	26
Osredak	44.89778	15.60361	08	0
Osredci	44.35056	16.17056	19	32
Osredek Desinićki	46.15545	15.66448	07	34
Osredek Žumberački	45.80073	15.48929	20	13
Osredina	42.77306	17.91611	03	0
Ostojići	44.10333	15.54056	19	0
Ostojići	44.36889	15.81417	19	0
Ostojići	45.15139	16.10417	14	0
Ostojići	45.16917	16.07194	14	0
Ostrogašica	43.77035	16.13016	13	38
Ostrovica	43.95889	15.79361	19	61
Ostrovica	45.33306	14.59333	12	0
Ostrovo	45.34056	18.78972	18	408
Ostrošinci	45.43083	18.20528	10	90
Ostrožin	45.42969	15.85538	14	22
Ostrvica	43.45	16.75	15	191
Ostrvica	44.56111	15.45306	08	49
Osunja	45.82094	15.48388	20	8
Otan	43.93917	15.58861	19	0
Otavice	43.84417	16.25944	13	151
Oteš	44.61722	15.28306	08	86
Otišina	44.19278	15.61833	19	0
Otišić	43.85446	16.45529	15	39
Otkopi	45.66044	17.16672	01	57
Otok	42.99444	17.49333	03	47
Otok	43.68643	16.73329	15	2807
Otok	45.14667	18.88389	18	3571
Otok	46.32795	16.58324	09	303
Otok Nartski	45.76917	16.16398	20	202
Otok Oštarijski	45.23861	15.25472	05	344
Otok Staje	43.695	16.78333	15	0
Otok Svibovski	45.7806	16.15939	20	263
Otok Trn	43.00611	17.48722	03	0
Otok Virje	46.40105	16.14658	16	226
Otok na Dobri	45.33	15.27611	05	49
Otomiš	44.22139	15.49917	19	0
Oton	44.09806	16.10417	13	102
Otočac	44.86944	15.2375	08	3852
Otočka	46.19598	17.01769	06	214
Otrić	44.24422	16.06708	19	17
Otrić-Seoci	43.15861	17.45083	03	689
Otrovanec	45.92278	17.20583	17	530
Otruševec	45.81612	15.67389	20	292
Otrčkovec	46.0237	16.22734	20	35
Ovrlje	43.68611	16.74833	15	173
Ovčara	45.30019	18.20219	10	18
Ovčara	45.34694	17.5675	11	0
Ovčara	45.39639	17.78833	11	109
Ovčara	45.50667	18.5675	10	23
Ozalj	45.61293	15.47771	05	1053
Ozdakovci	45.43861	17.56806	11	3
Ozrna	43.56417	16.535	15	0
Oćestovo	44.05611	16.12972	13	78
Očinjak	43.60694	16.65778	15	0
Očura	46.18699	15.98363	07	58
Očura	46.19972	16.01408	16	152
Ošlje	42.88639	17.73583	03	55
Oštarije	45.22472	15.27333	05	1300
Oštarski Stanovi	45.01581	15.6488	05	130
Oštri Vrh	45.24444	17.52306	02	135
Oštri Zid	45.67528	16.82694	01	80
Oštrice	46.19	16.3575	16	420
Oštrić	44.17111	15.57472	19	0
Oštrobradić	45.10692	14.53689	12	96
Oštruljevina	43.41083	17.26667	15	0
Ožakovic	44.06917	15.49194	19	0
Ožegovci	45.47582	17.38739	11	19
Ožić Bašići	43.32139	17.19556	15	0
Ožići	43.30444	17.17111	15	0
Padalište	45.17611	15.04194	05	0
Padež	44.89972	18.81028	18	0
Pag	44.445	15.0575	19	2322
Pagubice	45.29778	13.99028	04	120
Pajari	45.18308	13.75388	04	18
Pajići	43.62111	16.58806	15	0
Pajkovići	45.07275	13.90015	04	56
Paka	45.29028	18.0625	11	15
Paka	46.12679	16.31976	16	71
Paklarić	44.43	15.75944	08	0
Paklenica	45.32028	17.02806	14	210
Paklenik	45.22722	17.53611	02	0
Paklina	43.19389	17.3675	15	0
Pakomina	43.15103	16.94681	15	0
Pakovo Selo	43.81389	16.09861	13	186
Pakoštane	43.91222	15.50889	19	2180
Pakrac	45.43639	17.18889	11	4151
Pakrani	45.55	17.28333	01	97
Paladini	45.34614	13.93454	04	48
Palagruža	42.39258	16.25617	15	0
Palanjek	45.51976	16.40542	14	355
Palanjek Pokupski	45.51667	16.13333	14	7
Palanka	44.13701	16.07386	19	11
Palančani	45.72194	16.54778	01	171
Palača	45.41083	18.72	10	169
Paleško	43.67472	16.81028	15	0
Palešnik	45.63667	16.97611	01	391
Palinovec	46.39508	16.59514	09	630
Paliski	45.42861	13.74556	04	0
Palit	44.76509	14.75592	12	1580
Palje Brdo	42.51333	18.41111	03	134
Paljevina	45.40556	18.2875	10	139
Paljevine	45.82841	16.81104	01	199
Paljugi	45.72181	15.5638	20	6
Paljuv	44.16667	15.51667	19	333
Palovec	46.38889	16.54778	09	873
Palčić	44.54167	14.89306	08	0
Pamići	45.16028	13.87917	04	117
Pandžinac	44.60583	15.00028	08	0
Pandžići	43.31028	17.20944	15	0
Panići	44.18556	15.89944	19	0
Panjani	45.24417	16.52139	14	90
Panjenovići	44.81583	15.06028	08	0
Panjići	44.97083	15.5075	05	0
Paolija	45.33465	13.59464	04	0
Papinec	46.28544	16.25921	16	97
Papini	44.99167	14.055	04	0
Papići	43.2375	17.13667	15	0
Papići	45.30583	16.62917	14	34
Papičić Selo	44.57972	15.25111	08	0
Papuča	44.42667	15.54278	08	0
Papučići	43.44278	17.10528	15	0
Paradiž	45.11765	14.04793	04	70
Parag	46.37833	16.31028	09	1389
Parg	45.595	14.62639	12	76
Parhavac	44.64861	14.48556	12	0
Paripovići	44.735	15.35	08	0
Parja	43.07838	16.17951	15	0
Parlovi	43.34222	17.22194	15	0
Parlovi	43.50722	17.12611	15	0
Parmakovac	45.46167	17.06667	11	0
Paruni	44.70722	15.46361	08	0
Paruževec	45.83333	16.5	20	111
Paruževina	45.88786	16.12654	21	702
Parčić	43.87164	16.23792	13	126
Parčić	44.07397	15.83759	13	2
Parčići	44.41278	15.66361	08	0
Pasadur	42.76598	16.8226	03	88
Pasanska Gorica	45.99463	16.03086	07	143
Pasičina	43.14333	17.39944	03	0
Pasjak	45.48389	14.23861	12	132
Pasjak - Telašćica	43.92179	15.12891	19	0
Patkovac	45.8525	16.93139	01	210
Patrlji	43.39361	17.16861	15	0
Paukovac	45.14889	16.35278	14	24
Paukovec	45.88972	16.21778	20	324
Paulin Dvor	45.44306	18.62389	10	71
Paulići	45.1325	15.5925	05	0
Paulovac	45.93755	16.9749	01	92
Paunovac	45.22444	15.88	14	0
Paunovac	46.10556	16.76056	06	21
Paučje	45.3625	18.14694	10	40
Paušinci	45.62696	17.90863	17	115
Pavela	43.5825	16.75028	15	0
Pavelići	44.53722	15.30306	08	0
Pavicini	44.92862	14.00062	04	79
Pavija Luka	42.91251	17.10306	03	0
Pavić	43.53806	16.73583	15	0
Pavić	43.56778	16.74944	15	0
Pavić	43.70444	16.62139	15	0
Pavići	43.26333	17.21056	15	0
Pavići	43.56667	16.75361	15	0
Pavići	43.57583	16.77917	15	0
Pavići	43.59	16.64222	15	0
Pavići	43.69833	16.59278	15	0
Pavići	45.23361	15.71778	05	0
Pavičići	43.36444	17.15694	15	0
Pavičići	43.69667	16.60417	15	0
Pavičići	44.4075	15.25472	08	0
Pavičići	44.40778	15.23556	08	0
Pavičići	44.42889	15.25194	08	0
Pavičići	44.57722	15.25472	08	0
Pavičići	45.51667	15.36667	05	1
Pavkovići	45.36228	15.61032	05	54
Pavlanci	46.08333	17.17722	06	0
Pavlašćak	45.17972	17.79028	02	0
Pavlice	44.46056	15.43278	08	0
Pavlin Kloštar	46.00721	16.83053	01	116
Pavlinovići	43.31417	17.16	15	0
Pavlinušići	43.65889	16.84194	15	0
Pavličani	45.6937	16.60089	01	76
Pavlovac	44.51528	15.53139	08	38
Pavlovac	45.195	15.55306	05	19
Pavlovac	45.71694	17.045	01	427
Pavlovci	45.24861	17.68472	02	23
Pavlovci Požeški	45.36556	17.53306	11	136
Pavlovec Gradečki	45.90204	16.47307	20	377
Pavlovec Pregradski	46.14405	15.73938	07	209
Pavlovec Ravenski	45.99788	16.44926	06	85
Pavlovec Vrbovecki	45.90611	16.43139	20	402
Pavlovec-Zabočki	46.01972	15.88167	07	576
Pavlovići	43.47167	17.19694	15	0
Pavlovići	43.58611	16.5	15	0
Pavlovčani	45.69506	15.66845	20	292
Pavučnjak	45.71217	15.76366	20	518
Paz	45.28972	14.0925	04	62
Pazin	45.23917	13.93945	04	3981
Pačetin	45.3725	18.84778	18	381
Pađene	44.08863	16.0981	13	101
Pašac	45.35306	14.45361	12	0
Pašin Potok	45.17722	15.76	05	160
Pašina Luka	44.9175	15.70361	08	0
Pašići	45.06	15.64111	05	0
Pašman	43.9575	15.385	19	346
Pašnik	46.2251	15.93763	16	44
Pažurovec	46.13015	16.18339	07	80
Pece	46.15262	16.23647	07	244
Pece	46.21889	16.24583	16	79
Pecka	45.27072	15.8543	14	9
Pecki	45.38472	16.24611	14	50
Pedalj	45.13861	16.29556	14	27
Pedinka	44.29333	15.05583	19	0
Pedić	44.15611	15.55583	19	0
Pehardovac	45.80041	16.52573	20	3
Pejakuša	44.58639	15.03806	08	0
Pejići	44.35167	16.18306	19	0
Pejkovići	43.30778	17.16528	15	0
Pejnovići	44.55972	15.26694	08	0
Pejnovići	44.56889	15.27806	08	0
Pejnovići	44.6975	15.69611	08	0
Pejnovići	44.70417	15.72056	08	0
Pejnovići	44.85	15.40639	08	0
Pekeči	45.205	15.69389	05	0
Pekići	43.70861	16.51722	15	0
Pekići	43.71944	16.52111	15	0
Peklenica	46.49706	16.4734	09	1072
Pelegrin	45.3973	13.53878	04	0
Peljica	44.7425	14.90944	08	0
Pende	42.56778	18.24167	03	0
Penići	43.76694	16.66	15	0
Penići	45.34722	15.57694	05	0
Peničići	45.38599	13.96968	04	56
Peovo	44.63556	16.01639	08	0
Pepelana	45.74646	17.507	17	90
Peragino Polje	44.39583	15.65389	08	0
Peraki	45.14694	15.72028	05	0
Peranovići	42.63861	18.15333	03	0
Peračko Blato	43.07667	17.43944	03	280
Perci	45.29292	13.6427	04	124
Perci	45.44219	13.95248	04	43
Perenci	45.39611	17.56333	11	34
Peresiji	45.07778	13.89944	04	37
Perini	45.17621	13.76491	04	45
Perinovići	44.68806	15.42194	08	0
Perić	43.56028	16.50806	15	0
Perića Stan	44.67528	14.76583	08	0
Perići	42.84694	17.67556	03	0
Perići	43.24167	17.28167	15	0
Perići	43.42389	17.19306	15	0
Perići	43.4475	17.27972	15	0
Perići	43.57556	16.64389	15	0
Perići	43.59194	16.63056	15	0
Perići	43.65389	16.66389	15	0
Perići	44.5875	15.6675	08	0
Perići	45.27944	15.29806	05	0
Perići	45.27978	15.62946	05	13
Peričići	43.51556	16.61333	15	0
Periši	43.57	16.80194	15	0
Perišina Baraka	44.73861	15.06222	08	0
Perišići	43.50139	16.855	15	0
Perišići	44.68972	15.71806	08	0
Perišići	44.92583	15.19111	08	0
Perjasica	45.29414	15.46583	05	11
Perka	43.07944	17.44778	03	0
Perković	43.66987	16.10547	13	103
Perkovići	43.8825	16.51111	15	0
Perkovići	44.97861	15.23194	08	0
Perkovići	44.99528	15.18167	08	0
Perkovići	45.2375	13.70194	04	0
Permani	45.41083	14.30056	12	104
Perna	45.29194	15.86389	14	85
Pernat	44.91806	14.32972	12	2
Peroj	44.95194	13.79694	04	900
Pertenjača	44.03417	15.50028	19	0
Peruća	43.78861	16.58861	15	0
Peruši	43.88056	16.50444	15	0
Perušić	44.64944	15.38333	08	752
Perušić Benkovački	44.01083	15.63417	19	102
Perušić Donji	44.00023	15.62285	19	101
Peruški	44.94722	14.01222	04	215
Pervani	43.19	17.32167	15	0
Pervani	43.58333	16.94	15	0
Peršaves	46.12144	16.02493	07	289
Pesak	45.60462	15.55945	20	5
Pesek	46.02767	16.51165	06	248
Peski	44.6275	14.47944	12	0
Peskovec	45.87306	16.32361	20	277
Pestović	44.16306	15.34167	19	0
Petanović Brdo	44.60083	15.61833	08	0
Petar Ogulinski	45.27278	15.20917	05	0
Petehi	45.07861	13.96361	04	90
Peteranec	46.19222	16.89167	06	1240
Petina	45.755	16.09002	20	193
Petkov Breg	45.70539	15.7547	20	254
Petkovac	45.3649	16.36208	14	8
Petkovec Toplički	46.19135	16.3949	16	248
Petkovići	44.30583	16.10389	19	0
Petlovac	45.75833	18.52806	10	532
Petomavar	43.44194	16.08472	15	0
Petrakovi	45.23722	17.96306	02	0
Petrakovo Brdo	45.45712	15.47586	05	108
Petranovci	45.55	17.06667	01	0
Petranović	44.15917	15.34528	19	0
Petranović	44.77694	15.1575	08	0
Petravec	45.5905	15.94442	20	78
Petrača	42.6325	18.19306	03	953
Petrcane	44.18556	15.16556	19	572
Petricko Selo	45.76639	15.45722	20	13
Petrijanec	46.34917	16.225	16	1349
Petrijevci	45.61278	18.53528	10	1948
Petrinić Polje	44.91944	15.36111	08	0
Petrinja	45.4375	16.29	14	12963
Petrinjci	45.37083	16.51333	14	137
Petrići	45.14596	13.95613	04	0
Petričevići	43.48667	17.10583	15	0
Petričevići	43.51278	17.02389	15	0
Petričevići	43.73	16.69972	15	0
Petrlići	44.76139	15.42861	08	0
Petrova Crkva	44.03722	15.89389	13	0
Petrova Gora	46.16081	16.02872	07	405
Petrova Poljana	45.23857	15.65311	05	13
Petrova Slatina	45.42417	18.64333	10	150
Petrovac Mikleuški	45.63333	17.81667	17	0
Petrovcy	45.28889	18.94444	18	643
Petrovec	45.5035	16.26423	14	356
Petrovija	45.42167	13.56444	04	497
Petrovina	45.6744	15.57913	20	208
Petrovina Turopoljska	45.69106	16.02968	20	765
Petrovići	43.16778	17.23556	15	0
Petrovići	44.35528	15.91056	19	0
Petrovići	44.36639	16.03389	19	0
Petrovići	44.36667	15.94694	19	0
Petrovići	45.22417	15.79972	05	0
Petrovići	45.42234	14.99302	12	13
Petrovo Selo	42.68278	18.08833	03	24
Petrovsko	46.16806	15.84083	07	197
Petrunići	45.34694	15.43621	05	21
Petruš Vrh	45.67351	15.40474	05	5
Petruševec	46.12215	16.14175	07	114
Petstopet	44.52417	15.19583	08	0
Peurače	45.24139	15.66639	05	0
Pezelj	43.51917	16.69778	15	0
Pećane	44.64694	15.72389	08	21
Pećani	44.68806	15.38111	08	0
Pećarići	45.68936	15.39032	05	0
Pećina	43.96611	15.54111	19	0
Pećina	44.79694	15.32944	08	0
Pećišće	45.43507	14.945	12	0
Pećno	45.74304	15.51677	20	3
Pećurkovo Brdo	45.4298	15.53224	05	107
Pečina	44.18528	15.73417	19	0
Peša	43.58694	16.88778	15	0
Peše	43.45111	17.25556	15	0
Pešići	43.57889	16.75833	15	0
Pešuti	45.03361	15.59861	05	0
Pešćenica Vinička	46.31478	16.13105	16	108
Peščenica	45.60389	16.16861	14	795
Peščenik	46.07583	16.77667	06	72
Peščeno	46.05685	16.19574	07	131
Pical	45.23611	13.59611	04	0
Pifari	45.14611	13.85944	04	30
Pihovec	46.23778	16.45	16	15
Pijavica	45.00801	14.89482	08	23
Pijavice	43.07389	17.425	03	0
Pijavičino	42.94034	17.37007	03	94
Pila	45.95	15.93578	07	166
Pilar	44.34889	15.68694	08	0
Pilatovci	45.70414	15.30464	05	19
Pilipovići	44.5125	16.12528	08	0
Pilje	44.44806	16.12444	19	0
Piljenice	45.435	16.85417	14	330
Pinezići	44.965	13.935	04	40
Pinezići	45.04478	14.4817	12	258
Piplica	44.41861	15.68472	08	0
Pirakovec Vrbovečki	45.88614	16.35979	20	149
Piramatovci	43.90878	15.83199	13	209
Pirelići	45.35932	13.80596	04	47
Pirevište	44.18583	15.87472	19	0
Pirovac	43.81917	15.67278	13	1434
Pirovište	44.64833	15.93167	08	0
Pirovište	45.29056	14.73472	12	0
Pisak	43.40031	16.86075	15	150
Pisarovina	45.58639	15.85917	20	436
Pitomača	45.95056	17.22944	17	4845
Pitovska Plaža	43.13333	16.68333	15	0
Pitve	43.15194	16.66944	15	90
Pivare	45.19472	17.25889	02	20
Pivarnica	45.34889	18.54472	10	0
Pivci	43.23944	17.25222	15	0
Pivci	43.26556	17.26139	15	0
Pivci	43.55222	16.77528	15	0
Pivnica	45.71417	17.47944	17	32
Pizin	44.7575	14.39639	12	0
Pićan	45.20611	14.04278	04	304
Pičeti	42.52972	18.41694	03	0
Pičići	42.88333	17.46972	03	0
Piškorevci	45.25528	18.40417	10	1434
Piškorovec	46.41887	16.57645	09	782
Piškovec	46.07407	16.50557	06	28
Piškovica	45.33513	13.77203	04	0
Pištelek	43.59528	16.96444	15	0
Pištet	43.78611	16.69917	15	0
Pištet	44.17583	15.72472	19	0
Pišćanovec	46.19022	16.43205	16	53
Piščetke	45.55312	15.41477	05	11
Pižnovac	42.98139	17.53417	03	1
Pjescana uvala	44.83685	13.84821	04	565
Pještata	42.91009	17.50466	03	0
Pješčani Zaton	45.93333	17.55	17	0
Pješčanica	45.37603	15.8828	14	80
Plana	43.19639	17.37278	15	0
Planica	45.48533	14.91418	12	1
Planina Donja	45.92731	16.08848	21	492
Planina Gornja	45.93829	16.07874	21	201
Planina Kunićka	45.50123	15.36662	05	1
Planina Skradska	45.43942	14.89849	12	27
Planinkovac	44.9625	14.92611	08	0
Plano	43.54419	16.27968	15	607
Plase	45.28333	14.62778	12	0
Plastovo	43.88028	15.92306	13	167
Plasčica	44.99361	15.19111	08	0
Plat	42.60861	18.22556	03	313
Platak	45.42083	14.56306	12	0
Plava Laguna	45.20861	13.59222	04	0
Plavci	45.72584	15.40154	20	0
Plavić	46.11667	15.61667	07	140
Plavnik	44.96361	14.53194	12	0
Plavno	44.14556	16.18361	13	121
Plavča-Draga	45.05889	15.42056	05	0
Plavšinac	46.09306	16.91556	06	126
Plavšići	44.12167	16.23111	13	0
Plazibat	43.61778	16.86528	15	0
Plaški	45.07639	15.36806	05	1031
Pleići	43.51278	16.8025	15	0
Pleići	43.54361	16.84944	15	0
Plemenitaš	45.46483	15.08233	12	38
Plemenšćina	46.28732	16.08139	16	76
Plesmo	45.31639	16.84028	14	58
Pleso	45.72836	16.06624	20	0
Pleteno	45.16861	14.86306	12	0
Pleternica	45.28861	17.80639	11	2895
Pletikosić	43.74139	16.605	15	0
Pletikosići	43.74417	16.61917	15	0
Plećaši	43.10944	17.4225	03	0
Plećaši	44.38278	15.94944	19	0
Pleš	46.24908	15.95944	16	240
Plešce	45.54528	14.685	12	147
Pleševo Selo	45.09222	15.65972	05	0
Plešivica	45.41673	15.19269	12	8
Plešivica	45.72739	15.65294	20	269
Plešivica	46.46943	16.38886	09	83
Pleškovec	46.45619	16.3662	09	462
Plešteni	43.555	16.5125	15	0
Plina Jezero	43.10323	17.46451	03	32
Plisko Polje	43.03316	16.18071	15	20
Pliskovo	44.01472	16.25833	13	0
Plitka Draga	44.55444	15.03694	08	0
Plitvica Selo	44.89936	15.59788	08	48
Plitvica Voćanska	46.31129	16.12491	16	61
Plitvina	43.08639	17.37472	03	0
Plitvička Jezera	44.88126	15.62275	08	301
Plitvički Ljeskovac	44.845	15.60278	08	15
Plišići	44.81667	15.30361	08	0
Plomin	45.13667	14.18111	04	96
Plomin Luka	45.13531	14.173	04	143
Plosna	45.3475	14.54417	12	46
Plovanija	45.45028	13.63972	04	247
Ploča	42.81694	17.78306	03	0
Ploča	42.97222	17.54611	03	0
Ploče	43.05611	17.43278	03	4711
Ploče	44.10667	15.28	19	0
Pločice	42.49333	18.41139	03	68
Ploštine	45.49833	17.1213	11	65
Pluska	45.97027	15.79292	20	191
Plužnice	45.17444	14.82611	12	0
Pobij	43.15126	16.92393	15	0
Pobjenik	45.70825	16.61389	01	181
Pobrdani	46.07149	16.61357	06	25
Pobrde	42.73139	17.86222	03	0
Pobrežje	42.68111	18.07361	03	169
Pobrđani	45.31587	16.59457	14	12
Pobrđani	45.69689	16.61738	01	33
Pocrnići	44.69417	15.44472	08	0
Pocrnja	43.58361	16.96111	15	0
Pocrnje	43.52278	16.78278	15	0
Pod	44.88556	14.96083	08	0
Pod Debeljačom	44.49278	16.09972	08	0
Pod Kotlom	44.21833	15.76667	19	0
Pod Obale	45.21111	15.81056	05	0
Podabljai	44.7475	15.31111	08	0
Podaca	43.12548	17.30227	15	421
Podadraga	43.7575	16.75278	15	0
Podastine	43.25472	17.25361	15	0
Podastrana	44.36667	16.11306	19	0
Podastrana	44.6527	15.20587	08	46
Podastrana	44.65306	15.20611	08	51
Podašpilje	43.4308	16.75674	15	20
Podbablje Gornje	43.39314	17.17953	15	459
Podbilo	45.0425	14.94056	08	20
Podborski Kravjak	45.63917	17.165	01	0
Podbrdo	44.94611	15.14028	08	0
Podbrest	46.32983	16.54673	09	554
Podbrezovica	46.19654	15.81104	07	251
Podbrežje	45.62709	15.50038	05	258
Podbrijest	42.96278	17.58056	03	0
Podbrđe	45.57354	16.64674	14	132
Podcetin	45.13667	15.73417	05	29
Podcrkavlje	45.22389	18.01	02	375
Podevčevo	46.20972	16.29417	16	684
Podgaj	42.65944	18.13778	03	0
Podgaj Petrovski	46.17479	15.82284	07	223
Podgajci Podravski	45.72917	18.27056	10	543
Podgajci Posavski	44.95056	18.83139	18	883
Podgajec	46.02306	16.48889	06	184
Podgarić	45.64	16.77528	01	26
Podgaće	45.41014	14.10453	04	44
Podglavica	43.54407	15.99884	13	252
Podgora	42.84861	17.83639	03	13
Podgora	42.87139	17.76722	03	19
Podgora	43.24333	17.07722	15	1181
Podgora	44.59778	15.03139	08	0
Podgora	46.06539	15.72597	07	34
Podgora Krapinska	46.18052	15.86281	07	543
Podgora Turkovska	45.51587	14.72301	12	3
Podgorač	45.45861	18.22278	10	783
Podgorci	45.97056	16.79861	01	367
Podgorje	42.98168	17.16195	03	150
Podgorje	45.33847	15.85857	14	130
Podgorje	45.82499	17.34657	17	737
Podgorje	45.96667	15.98333	07	0
Podgorje	45.99243	16.12518	07	849
Podgorje Bednjansko	46.25823	15.99854	16	22
Podgorje Bračevačko	45.41556	18.20556	10	48
Podgorje Jamničko	45.6	15.86667	20	19
Podgorje Krnjačko	45.32258	15.59043	05	47
Podgorje Požeško	45.44056	17.76611	11	212
Podgorći	44.55444	15.34889	08	0
Podgrab	44.17333	16.26111	13	0
Podgradina	43.00833	17.55417	03	194
Podgradina	43.075	17.46028	03	0
Podgradina	44.18389	15.48778	19	631
Podgradje	44.02028	15.66833	19	83
Podgraj	45.60954	15.47398	05	135
Podgrađe	43.43622	16.86333	15	289
Podgrađe	45.10556	19.03417	18	269
Podgrađe	46.0232	16.09168	07	302
Podgrađe Podokićko	45.7437	15.72295	20	137
Podgreben	43.60833	15.95417	13	0
Podgreda	43.5425	17.03778	15	0
Podgrede	43.08306	17.5875	03	0
Podhum	45.38722	14.47944	12	1356
Podhume	43.32052	16.50003	15	0
Podhumlje	43.02072	16.11967	15	44
Podi	43.65535	16.79163	15	4
Podimoć	42.83444	17.82861	03	17
Podinarje	44.0475	16.34111	13	0
Podine	43.64569	16.05589	13	20
Podić	44.65722	14.95028	08	0
Podjales	45.93683	16.48756	20	148
Podjaram	43.56556	17.01861	15	0
Podjasle	44.53667	15.8925	08	0
Podjelar	44.70722	15.26056	08	0
Podkilavac	45.39972	14.46528	12	328
Podklisa	44.50889	15.35111	08	0
Podkokirna	44.30222	15.87972	19	0
Podkonje	44.02	16.20694	13	66
Podkoren	44.75972	15.38472	08	0
Podkosa	44.31417	15.77167	08	0
Podkosa	45.20806	16.03528	14	0
Podkraj	44.90472	15.15528	08	0
Podkrajnica	43.21667	17.41056	15	0
Podkuk	44.51722	15.86028	08	0
Podlapac	44.58333	15.63194	08	0
Podlapača	44.5846	15.63153	08	55
Podljut	44.29806	16.04639	19	0
Podlug	44.00833	15.60778	19	137
Podlužan	45.82653	16.5618	20	145
Podmelnik	45.0975	14.89639	12	0
Podmetlom	44.52111	15.86417	08	0
Podmila	44.28028	16.03306	19	0
Podobuče	42.94861	17.28833	03	37
Podogradak	44.40056	16.07667	19	0
Podolec	45.92117	16.44147	20	70
Podolje	45.815	18.73028	10	88
Podorjak	44.16306	15.62694	19	0
Podorljak	43.53	16.03361	13	125
Podosmina	43.16889	17.21111	15	0
Podosoje	43.3785	17.2037	15	25
Podosoje	43.89529	16.42611	15	208
Podosojnik	42.775	17.90472	03	0
Podotavac	44.05167	15.68861	19	0
Podoštra	44.52639	15.33361	08	160
Podprag	44.25778	15.64083	19	0
Podprodan	45.02583	14.72778	12	0
Podprolog	43.19306	17.41806	15	331
Podravlje	45.56333	18.70833	10	348
Podravska Moslavina	45.78608	17.98339	10	655
Podravske Sesvete	46.005	17.21167	06	1446
Podrebar	45.39803	15.28796	05	13
Podrinje	45.39139	18.6925	18	143
Podrovec	46.04528	16.405	06	0
Podrudinci	44.71333	15.7175	08	0
Podrug	43.6325	16.59861	15	0
Podrug	43.64667	16.60917	15	0
Podrug	43.65583	16.63389	15	0
Podrujnica	43.05956	17.59254	03	109
Podrute	46.168	16.2462	16	281
Podrvanj	45.36083	14.48	12	415
Podsedlo	45.38697	15.74354	05	36
Podselje	43.04443	16.19282	15	35
Podselo	44.46806	15.96833	19	0
Podslemeni Lazi	45.4567	14.92855	12	0
Podstena	45.42085	14.90703	12	11
Podstene	45.47913	14.92182	12	11
Podstene	45.53512	14.68023	12	13
Podstijene	42.95222	17.57694	03	0
Podstrana	43.48668	16.55013	15	9129
Podstrana - Grbavac	43.482	16.559	15	807
Podstrana - Miljevac	43.49244	16.54261	15	1092
Podstrana - Mutogras	43.47	16.576	15	394
Podstrana - Sita	43.50365	16.53729	15	2130
Podstrana - Strožanac Gornji	43.5	16.546	15	629
Podstrana - Žminjača	43.509	16.539	15	1021
Podstrana – Sveti Martin	43.477	16.57	15	991
Podstražje	43.02944	16.21028	15	60
Podsused	45.8	15.83333	21	0
Podturen	46.46472	16.54306	09	1323
Poduba	43.66639	16.90556	15	0
Podum	44.88586	15.2861	08	128
Podumac	43.61472	16.50389	15	0
Podumci	43.74468	16.13617	13	68
Podumol	45.35895	15.30266	05	24
Podunavci	45.01639	16.28306	14	0
Podunavci	45.23556	16.13306	14	0
Podunavlje	45.63083	18.81389	10	1
Podurljaj	44.34306	16.115	19	0
Poduzetnička Zona Jalžabet	46.26797	16.40039	16	0
Podučiji Brig	43.05167	17.50139	03	0
Podušje	44.01611	15.39083	19	0
Podvežica	45.32091	14.47468	12	0
Podvinje	45.19028	18.02694	02	3057
Podvinje Miholečko	46.07105	16.41609	06	45
Podvorec	46.03881	16.28917	16	141
Podvornica	45.60962	16.06995	20	117
Podvornice	44.02583	15.64306	19	0
Podvožić	45.41667	15.55	05	289
Podvrh	45.83429	15.68632	20	537
Podvrnom	43.13	17.43694	03	0
Podvršje	44.25833	15.32889	19	0
Podvrško	45.36278	17.4275	02	230
Podvršlje	44.03361	15.37111	19	0
Podvučnik	45.42188	15.12931	12	0
Podčudnič	45.36764	14.47837	12	468
Podšpilje	43.02774	16.1384	15	10
Podžuželj	43.08556	17.46444	03	0
Pofuki	46.07911	16.35405	06	190
Pogana	44.62028	14.50583	12	0
Poganovci	45.48944	18.39889	10	167
Pogančec	45.94584	16.38525	20	79
Pogačići	43.5825	16.90056	15	0
Pogledalo	44.94583	15.04139	08	0
Pojatine	43.42806	17.26083	15	0
Pojatno	45.905	15.80056	20	1154
Pokasin	45.96231	16.50292	20	52
Poklek	45.81885	15.53109	20	22
Pokojec	46.17137	16.22975	07	4
Pokrivenik	43.14784	16.88985	15	0
Pokrovnik	43.8025	16.06917	13	190
Pokupsko	45.48722	15.99333	20	186
Pokupsko Vratečko	45.47547	16.10105	14	25
Polaki	45.55778	15.47417	05	0
Polari	45.06528	13.67083	04	0
Polača	44.00906	16.31495	13	151
Polača	44.01833	15.5175	19	993
Polače	42.7856	17.37801	03	111
Police	46.04132	15.78076	07	192
Police-Pirišće	45.62757	15.42407	05	74
Policer	45.52694	18.70389	10	0
Polići	43.21806	17.40417	15	0
Polići	43.2275	17.41444	15	0
Poličnik	44.17806	15.37556	19	1023
Poljak	43.71361	16.66028	15	0
Poljak	43.72528	16.67583	15	0
Poljak	43.75111	16.75361	15	0
Poljak	44.19056	15.27028	19	0
Poljak	44.33528	15.35972	19	0
Poljan	44.715	15.31306	08	0
Poljana	44.08972	15.18083	19	321
Poljana	44.32056	15.70028	08	0
Poljana	44.83528	15.12444	08	0
Poljana	45.39285	15.04261	12	6
Poljana	45.47	16.98083	11	425
Poljana Biškupečka	46.27028	16.31806	16	421
Poljana Križevačka	45.96903	16.53942	06	302
Poljana Lekenička	45.56361	16.20806	14	248
Poljana Oreškova	44.58	15.99444	08	0
Poljana Sutlanska	46.13886	15.61467	07	96
Poljana Vojnićka	45.31783	15.64807	05	14
Poljana Vrbovečka	45.8448	16.44191	20	318
Poljana Čička	45.68313	16.18003	20	623
Poljanak	44.92172	15.59856	08	81
Poljanak	45.23	15.94083	14	0
Poljanci	45.13056	18.19611	02	210
Poljane	45.23889	17.31139	02	65
Poljane	45.31722	14.26778	12	547
Poljanec	46.26667	16.57361	16	603
Poljani	45.0675	15.6625	05	0
Poljani	45.68663	17.17061	01	211
Poljanica Bistranska	45.90076	15.87584	20	1254
Poljanica Bistrička	46.02177	16.13391	07	292
Poljanica Okićka	45.74573	15.68898	20	5
Poljanka	44.70139	15.27889	08	0
Poljanska	45.45	17.58333	11	77
Poljanski Lug	45.82484	16.42511	20	317
Poljančani	46.03504	16.85034	01	46
Polje	42.86889	17.77361	03	0
Polje	42.97222	16.00944	15	0
Polje	44.00194	16.20222	13	0
Polje	44.13361	14.85917	19	0
Polje	44.81944	15.07306	08	0
Polje	45.02936	14.08256	04	19
Polje	45.07889	15.66056	05	28
Polje	45.13667	14.64222	12	285
Polje	45.23222	15.87417	14	0
Polje Krapinsko	46.14082	15.88166	07	613
Polje Ozaljsko	45.60675	15.51945	05	221
Poljica	43.14889	16.79361	15	53
Poljica	43.42042	17.11481	15	708
Poljica	43.52073	16.13471	15	716
Poljica	44.21944	15.285	19	432
Poljica	45.08472	14.48833	12	83
Poljica Kozička	43.30668	17.26041	15	103
Poljica-Brig	44.20472	15.2875	19	304
Poljice	42.49611	18.37972	03	55
Poljice	42.69806	18.01694	03	0
Poljice	44.45583	15.78861	08	9
Poljice	44.87111	15.20944	08	0
Poljice	45.23083	15.89056	14	0
Poljice Miljuševo	44.37389	15.92778	19	0
Poljička Kosa	45.34556	14.86333	12	0
Pologi	45.93866	15.73474	20	71
Poloje	45.25157	17.75788	11	66
Polojski Varoš	45.1725	15.72083	05	34
Polonje	45.96692	16.28875	20	312
Polonje Tomaševečko	45.98122	16.29248	20	50
Polovine	44.54722	15.44861	08	0
Polubaše	45.39764	18.1004	10	13
Polum	45.82515	17.09212	01	35
Polutine	43.14583	17.36833	15	0
Pomena	42.78706	17.34488	03	62
Pomer	44.82389	13.89583	04	491
Pomeđeđak	44.36333	16.13472	19	0
Pomperovec	46.11819	16.16657	07	46
Ponikvari	45.30146	15.92194	14	229
Ponikve	45.34065	14.53999	12	44
Ponikve	45.37806	15.23611	05	58
Ponor	45.16778	15.66139	05	63
Ponor Korenički	44.73417	15.76472	08	1
Ponorac	44.43333	16.13139	19	0
Ponorac	45.326	15.53241	05	16
Ponorac Perjasički	45.32717	15.48029	05	4
Ponori	44.87111	15.13944	08	42
Popova Luka	42.91333	17.42833	03	20
Popovac	45.80917	18.65833	10	738
Popovac Subocki	45.37861	17.04222	14	6
Popovac Voćinski	45.65091	17.55896	17	0
Popovača	43.14639	17.48417	03	0
Popovača	44.63392	15.17498	08	77
Popovača	45.56972	16.625	14	3633
Popovci	43.08639	17.50083	03	0
Popovci	45.47693	17.42383	11	3
Popovec	45.84957	16.1396	21	954
Popovec Kalnički	46.11016	16.43329	06	96
Popović	44.07333	15.66861	19	183
Popović Brdo	45.46667	15.65	05	200
Popovića Kraj	44.655	15.95083	08	0
Popovići	42.52278	18.31861	03	221
Popovići	44.00278	16.22889	13	0
Popovići	44.00556	16.25028	13	0
Popovići	44.01194	16.25778	13	0
Popovići	44.02528	16.26583	13	0
Popovići	44.06611	15.9225	13	0
Popovići	44.85556	15.34111	08	0
Popovići	45.24833	15.61583	05	0
Popovići	45.265	15.56306	05	0
Popovići Žumberački	45.71318	15.27722	05	0
Popovo Selo	45.31693	15.25423	05	43
Porat	43.18889	17.15917	15	0
Porat	45.1219	14.49401	12	181
Poredje	46.20514	15.66931	07	207
Poreč	45.22567	13.59511	04	8841
Poreč	45.36778	17.92806	11	72
Porovac	44.03667	15.12667	19	0
Porozina	45.13056	14.28861	12	28
Posavski Bregi	45.67972	16.35361	20	697
Posedarje	44.21361	15.47667	19	1286
Posrtva	43.60889	16.80806	15	0
Postinje	42.995	17.48222	03	0
Postira	43.37551	16.63091	15	1431
Postrana	42.93778	17.10889	03	0
Postrana	43.62889	16.70583	15	0
Postranje	43.47318	17.14093	15	1079
Potege	43.72889	15.9875	13	0
Pothum Plaščanski	45.12965	15.35513	05	46
Potirna	42.93305	16.68995	03	48
Potkapela	44.99722	15.42611	05	0
Potklanac	44.31583	16.10694	19	0
Potklek	43.10778	17.41389	03	0
Potkosa	44.13861	15.40667	19	0
Potkoviljača	44.54972	15.64861	08	0
Potkraj	44.33444	16.09389	19	0
Potkraj	44.49417	16.05667	08	0
Potkraj	44.50028	16.07278	08	0
Potkraj	44.52028	15.82917	08	0
Potkrčana	44.51056	15.80944	08	0
Potlisac	44.51778	16.01167	08	0
Potnari	45.08472	15.61167	05	0
Potnjani	45.40722	18.31222	10	396
Potocnica	44.61632	14.81038	08	8
Potok	45.26667	15.35194	05	0
Potok	45.54889	16.59056	14	671
Potok	45.73825	16.8569	01	48
Potok Kalnički	46.11366	16.48131	06	154
Potok Tounjski	45.26772	15.3489	05	83
Potomje	42.9425	17.33833	03	209
Potovošće	45.06497	14.70156	12	0
Potočani	45.16694	16.34111	14	0
Potočani	45.64187	17.39112	01	30
Potočani Požeški	45.44583	17.63639	11	159
Potočec	45.89107	16.4669	20	72
Potočilo	44.14	16.28417	13	0
Potočine	43.40556	17.19694	15	0
Potpićan	45.18889	14.09806	04	449
Potravlje	43.78498	16.56069	15	527
Povelić	46.0175	16.71056	06	63
Povile	45.11722	14.82361	12	220
Povlja	43.33361	16.83972	15	335
Povljana	44.34667	15.11556	19	669
Pozder	44.14889	15.48944	19	0
Pozirine	42.88222	17.46694	03	0
Pozla Gora	43.13528	17.51583	03	46
Poznanovec	46.05096	16.02811	07	887
Poznić	44.36361	15.95556	19	0
Pozorac	43.52532	16.10227	15	141
Počekaji	45.42715	13.98307	04	40
Počitelj	44.44889	15.44778	08	2
Počučići	44.50611	15.36889	08	0
Pošta	43.26472	17.21333	15	0
Požar	44.02278	16.20861	13	0
Požar	45.51227	14.72987	12	4
Požarkovec	46.02077	15.78936	07	114
Požarnica	45.54372	14.67462	12	0
Požega	45.34028	17.68528	11	16867
Požeška Koprivnica	45.25459	17.74111	11	199
Požun	45.61688	15.46984	05	34
Pranići	43.215	17.28889	15	0
Pranići	43.60111	16.66806	15	0
Prančevići	43.54472	16.735	15	0
Prapatna	43.15809	16.74756	15	0
Prapatnica	43.59121	16.19016	15	164
Prapatnice	43.23167	17.34694	15	148
Praporčan	46.47011	16.35615	09	189
Prapoće	45.42385	14.07505	04	31
Prapratna	42.81889	17.67611	03	0
Praprot	45.47417	14.73583	12	0
Praputnjak	45.29889	14.57361	12	532
Pravutina	45.59346	15.29339	05	208
Pračana	45.37921	13.90468	04	97
Prašćari	45.27778	13.7725	04	10
Praščevac	45.91667	16.65	20	95
Pražići	44.7125	15.29083	08	0
Pražnice	43.32028	16.69778	15	309
Prdenići	42.76611	17.92333	03	0
Prebegi	45.01972	15.65222	05	0
Prebukovje	46.26024	15.98536	16	86
Predavac	45.93583	16.78333	01	1144
Predavec	45.75243	16.42681	20	223
Predavec Križevački	45.94191	16.59376	06	96
Predore	45.245	16.80444	14	0
Predošćica	45.04139	14.37194	12	1
Predvaganac	44.6425	15.26194	08	0
Pregrada	46.16417	15.75083	07	1870
Prekno	46.2854	16.28205	16	160
Preko	44.08111	15.1875	19	1250
Prekobrdo	45.9477	16.80638	01	93
Prekopa	45.3675	16.1225	14	125
Prekopa	46.47194	16.33655	09	224
Prekopakra	45.44248	17.18487	11	969
Prekoračani	45.56667	17.73333	17	0
Prekrižje Plešivičko	45.74195	15.65193	20	16
Prekvršje	45.89627	16.11002	21	874
Prelasi	43.565	16.83583	15	0
Prelasi	43.57056	16.83028	15	0
Prelog	46.335	16.61556	09	4042
Preloščica	45.445	16.485	14	474
Premantura	44.80056	13.90861	04	819
Prempen	45.15222	14.86333	12	0
Premuda	44.3425	14.60139	19	65
Preobraženje	44.50139	15.77667	08	0
Prepolno	46.01479	16.21334	20	50
Prepuštovec	45.9	16.13333	21	284
Prepuštovec	46.10449	16.18266	07	65
Preradovi	44.44361	15.46333	08	0
Preradovića Brdo	45.13722	16.26889	14	0
Prerovec	45.64472	16.30333	20	105
Preseka	45.97592	16.38744	20	83
Preseka	46.42107	16.27737	09	63
Preseka Oborovska	45.70993	16.23107	20	115
Preseka Ozaljska	45.6397	15.40577	05	5
Preseka Petrovska	46.16807	15.82198	07	261
Presečno	46.20038	16.34532	16	793
Presečno Visočko	46.09287	16.35254	16	155
Presika	45.08039	14.11873	04	561
Presika	45.40056	15.075	12	12
Preslatinci	45.35972	18.32556	10	136
Presoka	45.22611	15.99194	14	0
Prespa	45.86667	16.91667	01	492
Pretetinec	46.39226	16.36921	09	549
Pretkovec	46.14523	15.84838	07	52
Pretoki	45.97137	16.25629	20	277
Previž	45.2931	14.02154	04	77
Prevlaka	42.40083	18.51472	03	0
Prevlaka	45.67214	16.27595	20	82
Prevoznik	42.95667	17.59389	03	0
Prevršac	45.27811	16.44677	14	82
Prezid	45.63722	14.57806	12	648
Prečec	45.75962	16.35246	20	169
Prečno	45.665	16.29611	20	64
Prgomelje	45.44666	17.41834	11	0
Prgomelje	45.89083	16.75222	01	599
Prgomet	43.3275	17.17056	15	105
Prgomet	43.60631	16.22912	15	87
Prgometi	43.35167	17.19528	15	0
Prhati	45.08766	13.99968	04	135
Prhati	45.28472	13.78639	04	59
Prhci	45.54743	14.63757	12	8
Prhovec	46.43715	16.28569	09	112
Prhovo	43.59583	15.95833	13	0
Prhoč	45.70754	15.68883	20	256
Prhutova Draga	45.58453	14.62739	12	1
Pribanjci	45.45	15.25	05	98
Pribinja	43.19466	16.43438	15	0
Pribislavec	46.3925	16.4825	09	2963
Pribić	45.66667	15.53333	20	193
Pribići	44.70556	15.61639	08	0
Pribiševci	45.53583	18.08361	10	320
Priblače	43.68222	16.72306	15	0
Pribojci	42.99722	17.66722	03	0
Pribude	43.77726	16.39732	15	56
Pribudić	44.14128	16.1021	19	2
Price	44.72222	15.69111	08	0
Price	44.94889	15.17389	08	0
Pridraga	44.15135	15.58437	19	1346
Pridvorje	42.55139	18.34694	03	222
Pridvorje	45.36694	18.26722	10	161
Prigorec	46.19966	16.13194	16	465
Prigorje	46.17885	15.7998	07	284
Prigorje Brdovečko	45.87944	15.73806	20	1340
Prigradica	42.96639	16.80778	03	0
Prihodnje	42.56738	18.30724	03	0
Prijeboj	44.84083	15.67583	08	5
Prijeka	45.28623	16.10592	14	30
Prijevor	42.67306	18.12389	03	460
Prijići	44.0275	16.23361	13	0
Priključak	45.23111	17.38611	02	0
Prikraj	45.82569	16.3147	20	512
Prikraj Križevački	45.99913	16.53338	06	181
Priles	46.27589	16.60189	16	210
Prilesje	45.85893	16.422	20	149
Prilipje	45.72563	15.63919	20	182
Primišlje	45.1775	15.47583	05	39
Primorac	43.07056	17.65611	03	0
Primorci	43.25611	17.33389	15	0
Primorci	43.78111	16.56111	15	0
Primorski Dolac	43.64113	16.16467	15	686
Primošten	43.58632	15.92302	13	1555
Primošten Burnji	43.60981	15.97345	13	687
Priorice	43.77889	16.68278	15	0
Priovorsko Brdo	45.36806	18.24083	10	0
Pripuzi	43.54278	17.04556	15	0
Priselci	45.55315	15.50028	05	95
Prisjeka	45.24222	15.71111	05	11
Pristanišće	43.865	15.32861	13	0
Pristava	46.075	15.7344	07	230
Pristava Krapinska	46.1407	15.8689	07	213
Pristeg	43.95528	15.63833	19	266
Privlaka	44.26227	15.11718	19	2128
Privlaka	45.19472	18.8375	18	2192
Privor	43.52833	16.55278	15	0
Prizdrina	42.96667	17.31667	03	0
Prizna	44.60564	14.96765	08	27
Pričac	45.13611	17.67417	02	90
Prišlin	46.21078	15.6617	07	387
Prižba	42.90659	16.79612	03	0
Prkačini	45.14917	13.85472	04	37
Prkos	44.08056	15.42778	19	341
Prkos	45.50521	15.80848	05	48
Prkos	46.15867	16.66864	06	42
Prkovci	45.21444	18.61056	18	456
Prkovići	45.23452	13.70384	04	0
Prlain	43.50778	16.76	15	0
Prljevići	42.75611	17.90139	03	0
Prljevo	44.16111	16.10778	19	4
Prljevo	44.4825	16.0975	08	0
Prndelj	44.15056	15.89167	19	0
Prnići	43.18806	17.27722	15	0
Prnjani	45.08444	14.00417	04	0
Prnjarovac	45.78889	16.53975	01	112
Prnjavor	45.28333	17.71667	11	0
Prnjavor	45.34944	15.90778	14	0
Prnjavor	45.98648	16.8057	01	22
Prnjavor Lepavinski	46.12341	16.67853	06	49
Prnjavor Slavonski	45.12639	18.34278	02	182
Prnjavor Čuntićki	45.35201	16.27827	14	48
Prodani	45.37472	13.9825	04	77
Prodanovići	45.03583	15.59667	05	0
Prodin Dol	45.72449	15.60798	20	85
Prodol	45.00033	13.97009	04	86
Progon	43.59139	16.98694	15	0
Progon	44.60417	15.38639	08	0
Projići	43.66472	16.80667	15	0
Prokike	44.9875	15.07111	08	63
Prokički Grabar	44.97778	15.08111	08	0
Prokljan	43.83833	15.85583	13	0
Prokljuvani	45.75793	16.56421	01	41
Prokuvljani	45.9025	16.90081	01	217
Prolaščići	43.80806	16.53306	15	0
Prolići	43.77944	16.57389	15	0
Prolići	43.78444	16.5925	15	0
Prološići	43.83222	16.58111	15	0
Promajna	43.33611	16.97556	15	378
Prorokovic	44.21056	15.21611	19	0
Prosenik	46.09164	15.72915	07	191
Prosenik Gubaševski	46.03279	15.86848	07	160
Prosenik Začretski	46.05827	15.88037	07	130
Prosinec	45.96854	15.7161	20	85
Prosječeni Kamen	44.97861	15.76583	05	0
Protulipa	45.41048	15.38934	05	31
Provalija	44.27222	15.51944	19	0
Prović	42.95361	17.55722	03	0
Prović	43.92944	15.74556	19	65
Prozor	44.84838	15.26866	08	830
Prozorje	45.82483	16.24292	20	433
Prozurska Luka	42.7298	17.64686	03	48
Prožura	42.72861	17.64944	03	26
Prpići	44.37028	15.6875	08	0
Prpići	44.53778	15.14861	08	0
Prud	43.09626	17.62349	03	448
Prudnice	45.87184	15.73394	20	655
Prugovac	45.97056	17.12	06	586
Prugovo	43.63339	16.4806	15	571
Prusci	45.24806	16.12722	14	0
Prušci	43.07472	17.58028	03	0
Prvan Selo	44.63194	15.38889	08	70
Prvinci	45.68787	15.45249	20	5
Prvić Luka	43.72583	15.80074	13	148
Prvić Šepurine	43.73253	15.78873	13	252
Prvonožina	45.59206	15.95719	20	28
Prvča	45.24361	17.35917	02	550
Prčijaši	42.72472	18.01278	03	0
Prše	44.72472	15.27833	08	0
Pršurići	45.23322	13.71015	04	45
Pržina	42.77694	17.75583	03	0
Pržinovac	43.00916	17.47529	03	13
Pržići	43.52389	17.00194	15	0
Pržići	43.54333	16.86333	15	0
Pržići	43.55333	16.84639	15	0
Pualića Brdo	44.43833	16.12833	19	0
Puače	44.42528	16.12333	19	0
Pucak	45.44661	14.8917	12	1
Pucići	45.13956	13.9427	04	28
Puda	45.00083	15.71444	05	0
Puhovo	45.79096	16.25084	20	667
Pujić	45.34833	17.03028	14	0
Puklica	45.65667	17.43111	01	102
Pula	44.86833	13.84806	04	52220
Pulgarija Čepić	45.20764	14.13593	04	225
Pulići	45.1925	13.91278	04	0
Puljane	43.97416	16.0342	13	38
Puljani	43.11333	17.48139	03	0
Puljizi	43.36944	17.20556	15	0
Puljizi	43.39361	17.22028	15	0
Puljić Selo	44.97194	18.88222	18	0
Punat	45.01472	14.62889	12	1784
Punde	43.565	16.65361	15	0
Punde	43.58583	16.6575	15	0
Punikve	46.22391	16.14843	16	418
Punitovci	45.43306	18.41639	10	566
Punoši	44.10222	16.20694	13	0
Punta	44.29806	15.43889	19	0
Punta Križa	44.63972	14.49583	12	46
Puntera	45.05056	14.02056	04	67
Pupavci	44.65944	15.69361	08	0
Pupavci	44.81306	15.47361	08	0
Pupelica	45.88	17.03615	01	118
Pupnat	42.95361	17.03694	03	381
Pupnatska Luka	42.93083	17.00639	03	0
Pupovac	44.09333	15.78194	19	0
Purga Bednjanska	46.23929	15.96111	16	104
Puričani	45.92538	16.89283	01	151
Puska	45.32306	16.79333	14	251
Pustakovec	46.23333	16.79833	06	116
Pustara	45.19556	17.36194	02	0
Pustara	45.21139	17.20861	02	0
Pustara Laze	45.24278	18.94028	18	0
Pusti	45.0752	13.89371	04	40
Pustike	45.59467	16.07373	20	164
Pustodol	45.96905	15.96073	07	811
Pustodol Orehovički	46.08798	15.98262	07	272
Pustodol Začretski	46.06916	15.90101	07	193
Putini	45.10683	13.7425	04	85
Putičanje	43.86167	15.72111	13	68
Putišić	43.50972	16.70583	15	0
Putišići	43.51031	16.70686	15	37
Putkovec	46.18898	15.80177	07	208
Putnik	43.67222	16.80917	15	0
Putniković	42.87667	17.52833	03	90
Pučišća	43.34778	16.73389	15	1341
Pušava	45.98282	15.77777	07	28
Pušina	45.55843	17.76639	17	8
Pušići	44.66778	15.41222	08	0
Puškarići	45.2673	15.19406	05	433
Puškarič Selo	45.26889	15.19139	05	0
Pušća	46.11697	15.63699	07	51
Pušćine	46.35062	16.36528	09	1089
Puži	45.40111	14.30472	12	0
Pužile	44.13556	15.72222	19	0
Pčelić	45.77333	17.51005	17	283
Rab	44.75694	14.76083	12	364
Raba	42.97278	17.51583	03	8
Rabac	45.07944	14.1575	04	1257
Rabinja	45.20611	15.62611	05	0
Radakovići	44.39417	15.93472	19	0
Radakovići	44.50278	15.35639	08	0
Radakovići	44.57306	15.76722	08	0
Radakoviči	44.39333	15.87528	19	0
Radakovo	45.99052	15.7701	07	455
Radaljci	43.10694	17.44861	03	0
Radalji	43.22167	17.22083	15	0
Radalji	43.33028	17.22333	15	0
Radani	43.765	16.60222	15	0
Radani	44.075	16.08917	13	0
Radanovići	43.66167	16.57222	15	0
Radanovići	45.20139	16.09694	14	0
Radatovići	45.71216	15.30988	05	15
Radašnica	45.11806	16.11278	14	0
Radeka	44.12639	15.45389	19	0
Radeka	44.13361	15.67972	19	0
Radeke	44.11083	15.68833	19	0
Radeljevo Selo	46.17194	16.64861	06	79
Radeljići	43.43361	17.2675	15	0
Radeni	43.83556	16.51222	15	0
Radetići	45.16583	13.80639	04	226
Radešić	46.0994	16.29865	16	155
Radigojna	45.44992	15.00131	12	11
Radijevac	44.1375	16.1775	13	0
Radikovci	45.69389	18.21667	10	246
Radina Gorica	45.67182	15.47094	20	11
Radina Vas	45.69222	15.39415	05	4
Radini	45.37806	13.58083	04	121
Radinje	43.63333	16.53361	15	0
Radinovac	44.22306	15.68028	19	0
Radinovići	44.10944	16.2175	13	0
Radinovo Brdo	45.70811	15.40429	20	4
Radić	43.54972	16.50333	15	0
Radić	44.13111	15.33917	19	0
Radićevići	45.64444	15.87111	20	0
Radići	42.86222	17.5875	03	0
Radići	43.5625	16.52111	15	0
Radići	43.5775	16.51778	15	0
Radići	43.71611	16.59944	15	0
Radići	44.16361	16.26361	13	0
Radići	45.12432	14.53354	12	207
Radići	45.18909	13.77466	04	13
Radičići	43.50528	16.63139	15	0
Radišići	45.1325	16.25444	14	0
Radljevac	44.12287	16.16282	13	36
Radlovac	44.61556	15.02111	08	0
Radmani	45.19944	13.68194	04	256
Radmanovac	45.30737	15.69283	05	13
Radmanovići	44.55361	15.48028	08	0
Radnovac	45.36083	17.78694	11	159
Radnovići	44.15361	16.26861	13	0
Radoboj	46.16639	15.92361	07	1131
Radoišće	46.013	16.32822	20	178
Radonić	43.76667	16.06667	13	93
Radonić	43.7879	16.04026	13	327
Radonja	45.31861	15.72778	05	79
Radonja Luka	45.32379	16.5303	14	30
Radosavci	45.7	17.63333	17	86
Radotići	45.015	15.15583	08	0
Radovan	46.23058	16.24735	16	328
Radovanci	45.44444	17.64944	11	409
Radovani	45.25194	13.74444	04	32
Radovanje	45.15917	17.77639	02	231
Radovec	46.36334	16.13076	16	350
Radovec Polje	46.37617	16.14591	16	145
Radovin	44.23399	15.36899	19	527
Radovići	42.54278	18.29583	03	0
Radovići	43.18639	17.36389	15	0
Radovići	43.51417	16.73306	15	0
Radovići	43.67778	16.63833	15	0
Radovići	44.73167	15.34722	08	0
Radovići	45.49306	15.89389	17	0
Radovčići	42.51194	18.34396	03	187
Radočaj	45.48569	15.05273	12	0
Radočaj Brodski	45.43754	14.8651	12	5
Radočaji	45.38813	15.36092	05	58
Radoševići	44.64167	15.30333	08	0
Radoševići	45.40566	15.02862	12	18
Radoši	44.15111	16.27556	13	0
Radoši kod Višnjana	45.26167	13.68333	04	48
Radoši kod Žbandaja	45.22118	13.65742	04	174
Radošinovac	43.91853	15.61583	19	197
Radošić	43.59655	16.30577	15	155
Radošić	43.69759	16.60293	15	681
Radulec	45.82961	16.51298	20	86
Radulici	42.74083	17.54028	03	0
Radulovići	44.01278	16.28278	13	0
Radulovići	44.03833	16.31306	13	0
Radulovići	45.02333	15.70472	05	0
Radulovići	45.11583	15.09389	05	0
Raduna	43.62917	16.80611	15	0
Radunice	45.9125	16.94139	01	0
Radunić	43.73371	16.42439	15	73
Radusini	44.26611	15.93611	19	0
Radusini	44.28194	15.9	19	0
Raduč	44.39382	15.5756	08	40
Radučić	44.04361	16.07333	13	196
Radučki Lipac	44.38056	15.60806	08	0
Rafaeli	45.24627	13.69723	04	9
Rajakovići	45.74045	15.3143	05	0
Rajačići	44.99278	15.05306	08	0
Rajbervirt	45.51694	16.24806	14	0
Rajevci	43.60278	16.66278	15	0
Rajevo Selo	44.92417	18.77722	18	658
Rajino Polje	45.64667	17.90167	17	21
Rajić	45.30379	17.10985	14	752
Rajić Brdo	45.25728	15.65522	05	14
Rajić Gudovački	45.90028	16.71444	01	178
Rajići	43.5175	16.90028	15	0
Rajići	43.90944	16.14833	13	0
Rajiče	44.6475	15.99167	08	0
Rajki	45.08694	13.96056	04	6
Rajki	45.16833	13.72169	04	27
Rajkovići	44.83972	15.32444	08	0
Rajkovići	44.97722	15.24222	08	0
Rajkovići	44.98389	15.14861	08	0
Rajsavci	45.36528	17.79583	11	272
Rajčević	44.55694	15.27333	08	0
Rajčevići	42.58111	18.25028	03	0
Rajčevići	42.63694	18.15083	03	0
Rajčići	45.3358	17.13875	14	2
Rajšići	45.24722	15.96472	14	0
Rakalj	44.98333	14.05	04	393
Rakalovac	42.99972	17.68889	03	0
Rakasi	45.0325	16.29694	14	0
Rake	43.40111	17.10917	15	0
Rakita	44.89139	14.98861	08	0
Rakitje	45.79389	15.82222	20	2239
Rakitnica	45.99333	16.91472	06	107
Rakitovec	45.6589	16.14063	20	558
Rakitovica	45.71611	18.19194	10	718
Rakići	44.53472	15.50556	08	0
Rakići	44.64861	15.52806	08	0
Rakići	44.65333	15.4775	08	0
Rakići	44.66806	15.46611	08	0
Rakići	44.70611	15.55222	08	0
Rakičani	43.59806	16.7	15	0
Rakotići	45.18083	16.12694	14	0
Rakotule	45.30722	13.80694	04	187
Rakov Potok	45.73806	15.79722	20	1089
Rakovac	45.31222	16.53056	14	0
Rakovci	45.19657	13.76117	04	16
Rakovec	45.93226	16.31537	20	226
Rakovec	46.17433	16.39668	16	87
Rakovec Tomaševečki	46.0556	15.77079	07	109
Rakovica	44.99315	15.65028	05	247
Rakušići	43.17861	17.4225	15	0
Ramanovci	45.39139	17.72889	11	164
Ramić	44.16333	15.54583	19	0
Ramić	44.32972	15.46139	19	0
Ramići	44.34389	15.48361	19	0
Ramljak	43.60278	16.54333	15	0
Ramljane	43.72887	16.37486	15	130
Ramljane	43.97349	16.1972	13	117
Ramljani	44.765	15.41167	08	69
Rapain Dol	44.95667	15.10194	08	0
Rapain Klanac	44.96421	15.08747	08	6
Rapaići	44.95139	15.11667	08	0
Rapajić	44.75528	15.62778	08	0
Rapajića Kraj	44.71611	15.64889	08	0
Rapavel	45.25944	13.77528	04	89
Raponji	45.08508	13.85663	04	61
Rapovac	43.53222	16.50056	15	0
Rasadnik	44.98	18.88611	18	0
Rasinja	46.18389	16.70667	06	730
Raskrižje	45.4621	14.8869	12	0
Raskrižje Tihovo	45.42345	14.82578	12	3
Raslina	43.80639	15.85472	13	553
Rasohatica	42.91176	17.12771	03	0
Rasohe	45.45875	14.91134	12	0
Rasoja	44.37806	15.71694	08	0
Rasopasno	45.12226	14.56474	12	125
Rasovača	44.56639	15.31194	08	0
Rastačići	43.09139	17.56194	03	0
Rastići	43.48574	16.26385	15	0
Rastičevo	44.22608	16.10376	19	2
Rastoka	44.59778	15.28583	08	29
Rastoke	45.12137	15.58768	05	46
Rastoki	45.68883	15.57173	20	100
Rastova Draga	44.75944	15.25222	08	0
Rastovac	43.39402	17.02258	15	146
Rastovac	43.56667	16.08333	15	87
Rastovac	45.68281	17.27814	01	27
Rastovac	45.79364	16.78479	01	30
Rastovac Budački	45.3618	15.58178	05	12
Rastovača	44.91395	15.62904	08	78
Rastovići	44.31472	15.86306	19	0
Rastušje	45.20472	18.03361	02	237
Rat	42.95	17.45	03	0
Ratalj	43.62083	16.50389	15	0
Ratkov Dol	45.28528	18.135	10	19
Ratkovac	45.28072	17.25083	02	146
Ratkovec Zlatarski	46.11667	16.08333	07	98
Ratkovica	45.22917	17.72056	11	156
Ratkovići	43.65556	16.79194	15	0
Ratkovići	44.64333	15.635	08	0
Ratulje	45.38474	14.44587	12	84
Rausovac	45.26111	16.61417	14	17
Rava	44.02194	15.06667	19	67
Ravan	45.25111	17.87972	02	102
Ravanje	43.12333	17.3075	15	0
Ravlići	43.30139	17.23306	15	0
Ravlići	43.31222	17.29083	15	0
Ravlići	43.33528	17.23583	15	0
Ravna	45.24361	16.05194	14	0
Ravna Gora	45.37278	14.93528	12	1477
Ravneš	45.86278	17.00778	01	90
Ravni	44.99639	14.16417	04	64
Ravni Dabar	44.56361	15.12389	08	0
Ravni Lug	44.95111	15.49444	05	0
Ravnica	45.56455	15.34753	05	8
Ravnice	43.42563	16.7095	15	0
Ravnice	45.11917	16.40167	14	0
Ravnice	45.57956	14.61796	12	27
Ravnice	46.04369	15.8204	07	302
Ravnice Desinićke	46.09841	15.70354	07	151
Ravnik	43.62694	16.78111	15	0
Ravninsko	46.19422	15.85181	07	353
Ravno Brezje	46.08239	15.699	07	202
Ravno Rašće	45.30452	16.14706	14	69
Ravča	43.21111	17.29889	15	123
Razbojište	44.19417	15.93583	19	0
Razbojište	44.885	14.97083	08	0
Razbojište	45.44056	18.24917	10	258
Razbojne	44.36417	15.71528	08	0
Razdrto	45.47386	15.03187	12	1
Razdrto Tuheljsko	46.07665	15.70874	07	74
Razljev	45.64152	16.5709	20	100
Razloge	45.48278	14.70139	12	5
Razloški Okrug	45.46372	14.71527	12	2
Razorina	43.75278	16.79417	15	0
Razovac	44.20389	15.74583	19	0
Razvala	45.07639	15.21139	08	0
Razvor	46.08189	15.66432	07	186
Razvođe	43.92639	16.10611	13	137
Račak	45.43617	15.33735	05	0
Račice	45.35361	13.98333	04	43
Račinovci	44.86389	18.95528	18	517
Račički Brijeg	45.34861	13.99306	04	67
Račišće	42.97639	17.01667	03	379
Račja Vas	45.4262	14.09659	04	21
Rađenovci	45.34582	17.17	14	2
Raša	45.08028	14.07889	04	1184
Rašeljke	43.76972	16.71917	15	0
Rašete	44.55417	15.48444	08	0
Rašići	43.45639	17.18222	15	0
Raškovići	44.99	15.18056	08	0
Rašpor	45.43944	14.07694	04	2
Raštele	44.37833	16.12806	19	0
Raštević	44.04694	15.54	19	409
Rašćane Gornje	43.33773	17.16754	15	23
Rašćani	46.0275	16.64861	06	97
Ražanac	44.28194	15.34806	19	883
Ražanj	43.50972	15.97861	13	131
Ražine	43.69194	15.915	13	0
Rebići	45.01528	14.02417	04	118
Rebići	45.30056	15.36861	05	0
Rebrovići	45.24232	15.36103	05	179
Rebruše	43.66417	16.91306	15	0
Redovje	45.70931	15.59839	20	26
Reka	46.13028	16.76694	06	1317
Relić	44.15	15.35472	19	0
Relići	44.045	15.93472	13	0
Reljani	44.10111	16.22056	13	0
Reljinovac	42.9725	17.64222	03	0
Reljinovac	44.37583	15.33222	19	0
Remete	45.85	16	21	0
Remetinec	45.76222	15.9425	21	0
Remetinec	46.18528	16.32778	16	1351
Remetinec Križevački	45.92635	16.54408	20	46
Removac	45.70944	17.41306	01	9
Rendulići	45.3909	15.28267	05	10
Rep	43.03333	17.64306	03	0
Repaš	46.13155	17.08735	06	354
Repaš	46.13381	17.08563	06	0
Repci	44.74361	15.31556	08	0
Repinec	45.94815	16.49971	20	224
Repinjovača	43.54278	17.07444	15	0
Repićevo Selo	46.00994	16.03002	07	26
Repište	44.17	15.78583	19	0
Repišće	45.72519	15.70582	20	351
Repnjak	45.69444	18.42361	10	0
Repno	46.13301	16.10712	07	190
Repovec	46.02707	15.89331	07	293
Repušnica	45.49278	16.73083	14	1552
Resanovići	45.13222	16.21194	14	0
Resna Kosa	43.09111	17.43389	03	0
Resnatac	45.43061	14.94628	12	0
Resnik	45.8	16.08333	21	0
Resnik Bosiljevski	45.41816	15.28744	05	15
Resnik Požeški	45.29694	17.8475	11	254
Retkovci	45.23333	18.65306	18	1011
Retkovec Svibovečki	46.22119	16.46677	16	18
Rezovac	45.80527	17.41123	17	1146
Rezovačke Krčevine	45.78174	17.40178	17	295
Rečica	45.50795	15.66243	05	489
Rečica Kriška	45.66167	16.58083	20	310
Rešetar	44.89778	15.70333	08	32
Rešetarevo	45.4739	15.45283	05	20
Rešetari	45.26232	17.42346	02	2072
Reškovci	45.99058	16.81355	01	31
Reštovo	45.62907	15.37657	05	101
Reštovo Žumberačko	45.74	15.38917	20	13
Režanci	45.04417	13.90667	04	200
Režane	44.16556	15.47111	19	0
Ribari	45.49367	15.69581	05	77
Ribarica	44.55167	15.04278	08	0
Ribarići	45.21093	15.23106	05	285
Ribarići	45.25981	13.73325	04	0
Ribić Breg	46.24671	16.12756	16	137
Ribića Kosa	45.22528	15.81778	05	0
Ribići	45.18139	15.73361	05	0
Ribičići	43.50778	16.95333	15	0
Ribnica	45.71439	16.15056	20	790
Ribnik	44.70333	15.21972	08	0
Ribnik	45.57743	15.35043	05	98
Ribnjaci	45.51978	16.94221	11	14
Ribnjak	45.55265	18.14087	10	45
Ribnjak	46.17639	16.61444	06	38
Ribnjačka	45.88989	17.08859	01	111
Ridica	42.76028	17.94444	03	0
Rijeka	45.32673	14.44241	12	107964
Rijeka Voćanska	46.31186	16.05115	16	189
Rijenci	45.60727	17.68168	17	3
Riječani Šakanlijski	45.15778	16.45028	14	0
Rim	45.38978	14.03998	04	28
Rim	45.42178	15.20966	12	30
Rinkovec	46.21939	16.00553	16	264
Ripenda Kosi	45.10452	14.18426	04	11
Ripenda Kras	45.10011	14.15032	04	122
Ripenda Verbanci	45.11008	14.14342	04	99
Ripišta	43.74528	16.795	15	0
Ripišće	44.03328	15.01275	19	0
Ripča	45.19167	15.72917	05	0
Risika	45.10556	14.64333	12	154
Ristići	44.37833	16.14111	01	0
Risvica	46.0698	15.7001	07	258
Rit	45.45694	18.75417	10	0
Rit	45.90237	17.46548	17	29
Rivalno	46.24256	16.53128	16	34
Rivanj	44.15611	15.03556	19	23
Rizvanuša	44.49167	15.30333	08	18
Ričice	43.51333	17.11056	15	179
Ričice	44.33778	15.74194	08	80
Riđane	43.93722	16.24944	13	51
Robadje	46.49556	16.25806	09	126
Rocko Polje	45.36997	14.07845	04	166
Rodaljice	44.05167	15.77167	19	43
Rodbelj	45.49694	15.40722	05	0
Rodin Potok	45.73579	17.48049	17	37
Rodić Poljana	44.90694	15.57083	08	0
Rogač	43.39556	16.29694	15	134
Rogačić	43.07459	16.18321	15	18
Rogi	45.42679	14.87335	12	7
Rogići	44.84806	15.25194	08	0
Rogići	44.9075	15	08	0
Roglići	43.32139	17.13917	15	0
Rogotin	43.04681	17.47683	03	574
Rogovac	45.90333	17.30722	17	162
Rogovići	45.31327	13.65304	04	101
Rogoznica	43.53433	15.96824	13	960
Rogočana	45.06997	14.10542	04	154
Rogoža	45.54667	16.86278	01	194
Rogulje	45.19444	16.37555	14	16
Rogulje	45.44027	17.37726	11	3
Rogulji	43.62194	16.58556	15	0
Roguljići	43.61028	16.73528	15	0
Roguljići	43.66389	16.84333	15	0
Rojci	45.30111	13.68201	04	72
Rojnice	43.52639	16.87833	15	0
Rojnići	45.08972	13.95917	04	47
Roknići	45.20194	15.41806	05	0
Rokovci	45.23111	18.74389	18	1692
Romci	43.70611	16.66222	15	0
Romci	43.7075	16.6875	15	0
Romići	43.05806	17.5925	03	0
Roncevići	44.10583	16.20917	13	0
Ronići	43.7775	16.64472	15	0
Rončevići	44.82083	15.14861	08	0
Rončevići	44.93222	15.19361	08	0
Ropa	42.75278	17.46028	03	23
Rosandić	43.68361	16.84917	15	0
Rosandići	43.68333	16.78722	15	0
Rose	43.24167	17.28583	15	0
Rosni Do	42.96917	17.56528	03	0
Rosopajnik	45.50819	15.3588	05	12
Rostrun	44.88778	15.12139	08	0
Rosulje	44.50889	15.43639	08	0
Rosulje	44.53639	15.31639	08	0
Rosulje	44.5975	15.6375	08	0
Rosulje	45.22944	16.62111	14	0
Rosulje	45.23205	16.61493	14	157
Rotni Dolac	43.28306	17.19778	15	0
Rovanjska	44.24778	15.54222	19	302
Rovci	46.02746	16.35177	06	13
Rovinj	45.08268	13.63457	04	11629
Rovinjsko Selo	45.10639	13.71556	04	1339
Roviška	45.31549	16.12848	14	33
Rovištanci	46.05983	16.78805	06	48
Rovišće	45.94472	16.735	01	1033
Rovno	46.16294	15.84726	07	95
Rozan Breg	45.53167	15.76722	05	0
Rozga	45.94613	15.72986	20	118
Rozmajerovac	45.37481	18.11319	10	14
Roč	45.39222	14.04722	04	187
Ročići	42.88611	17.46083	03	0
Rošini	45.27139	13.63889	04	194
Roškići	45.30002	13.67775	04	52
Rožac	45.41342	13.53178	04	0
Rožani	43.65889	16.66306	15	0
Rožat	42.67389	18.13083	03	395
Roždanik	45.31417	17.07333	14	229
Rože	43.66366	16.84344	15	22
Roženica	45.53299	15.9876	20	286
Rožetići	42.75583	17.92528	03	0
Rožići	43.77917	16.565	15	0
Rožići	44.90417	15.17444	08	0
Rt	44.15389	16.29	13	0
Rtina	44.29252	15.30361	19	443
Rtić	45.43086	15.13026	12	7
Rubeši	45.36694	14.34806	12	1730
Ruda	43.6729	16.78359	15	812
Ruda Staje	43.67917	16.8375	15	0
Rudani	45.11667	13.97722	04	110
Rudanovac	44.78026	15.68364	08	95
Rude	45.76667	15.66667	20	1087
Rude Pribićke	45.70714	15.51158	20	11
Rudele u Polju	44.0025	15.945	13	0
Rudelići	44.45056	15.18306	08	0
Rudelići	44.46667	15.19083	08	0
Rudelići	44.54389	15.30583	08	0
Rudelji	43.22583	17.17111	15	0
Rudež	42.55806	18.34222	03	0
Rudeži	43.28278	17.22167	15	0
Rudeži	43.31306	17.25639	15	0
Rudeži	44.52917	15.50083	08	0
Rudeži	45.18524	16.34036	14	1
Rudic	44.26944	15.34389	19	0
Rudina	43.2013	16.59004	15	79
Rudine	42.65167	18.14278	03	0
Rudine	43.08056	17.38944	03	0
Rudine	43.50667	16.75806	15	0
Rudine	45.18222	14.61167	12	5
Rudine	45.47472	18.65083	10	0
Rudići	45.06	16.22694	14	0
Rudići	45.23111	16.16417	14	0
Rudopolje	44.40972	15.84222	19	0
Rudopolje	44.86083	15.47278	08	32
Rudopolje Bruvanjsko	44.39833	15.8275	19	30
Rugvica	45.74435	16.23316	20	704
Ruhci	45.24083	13.85333	04	0
Ruja	44.71056	15.17833	08	0
Rujevac	45.13	16.26222	14	124
Rujevac	45.13778	16.23778	14	0
Rujevo	45.63183	15.44098	05	10
Rujići	43.12083	17.42083	03	0
Rujišta	44.16667	16.01667	19	0
Rujnica	44.58861	15.43056	08	0
Rukavac	43.0225	16.21194	15	103
Rukavac	45.3625	14.29444	12	833
Rukavina	44.47083	15.15528	08	0
Rukavine	44.53278	15.27556	08	0
Rukavine	44.58417	15.3675	08	0
Rukavine	44.87194	15.09639	08	0
Rukavine	44.90306	14.92694	08	0
Rukavine	44.90583	15.125	08	0
Rukljevina	46.23399	16.48207	16	16
Rumanić	44.09639	15.93889	13	0
Rumenovići	44.99861	15.16361	08	0
Rumin	43.77583	16.6375	15	171
Runci	43.41639	17.12583	15	0
Runja	43.72611	16.64667	15	0
Runjevac	44.21167	15.80278	19	0
Runjići	43.74389	16.67833	15	0
Runović	43.38685	17.23911	15	1706
Rupa	42.89444	17.68083	03	0
Rupa	45.47833	14.28639	12	345
Rupalj	44.18361	15.41389	19	235
Rupe	43.12361	17.40444	03	0
Rupe	43.89528	15.945	13	392
Rupe	45.07667	15.67528	05	0
Rupeni	45.22015	13.76924	04	0
Rupići	43.75333	15.95333	13	0
Rupčići	44.79167	15.3425	08	0
Rupčići	44.99167	15.09472	08	0
Rusan	42.865	17.67361	03	0
Rusić	43.64361	16.56444	15	0
Ruskovići	42.86722	17.5175	03	0
Rusnica	46.2	15.72053	07	170
Ruča	45.64111	16.28333	20	215
Rušani	45.89	17.52722	17	373
Ruševac	45.35656	17.46643	11	2
Ruševac	46.02639	16.67889	06	114
Ruševica	45.18444	15.7325	05	38
Ruševo	45.30972	17.99333	11	182
Ruševo Krmpotsko	45.08425	14.91165	12	2
Rušići	42.55917	18.25861	03	0
Ruškovac	45.72038	16.87762	01	78
Ruškovica	45.63889	16.63	14	38
Ruščica	45.14667	18.07944	02	1006
Ruščić	43.555	16.74361	15	0
Ruščići	43.59444	16.86861	15	0
Ružine Njive	42.96889	17.63944	03	0
Ružić	43.82412	16.25668	13	228
Ružići	45.14332	14.05327	04	110
Ružići	45.20708	13.70757	04	35
Ružići	45.41895	14.31223	12	148
Sabadin	45.32528	13.67417	04	0
Sablići	43.57944	16.94139	15	0
Sablići	43.60472	16.86167	15	0
Sablići	43.61528	16.70111	15	0
Sabljak Selo	45.23619	15.22659	05	252
Sabljaki	44.97139	15.61278	05	0
Sabljaki	45.02889	15.63556	05	0
Sabljaki	45.13028	15.28528	05	32
Sabljići	45.09821	14.51459	12	31
Saborsko	44.98271	15.47828	05	0
Saborsko	44.98333	15.47806	05	331
Sabunike	44.25903	15.16322	19	0
Sadikovac	45.12694	15.72361	05	19
Sadilovac	44.94028	15.71639	05	1
Sagradije	45.25694	15.75444	05	0
Sakić	44.11	15.77667	19	0
Salajci	45.9332	16.5209	20	55
Salakovci	45.05638	14.091	04	62
Salambati	45.09598	13.84289	04	27
Salatić	45.04444	14.54	12	0
Salež	45.42778	13.91194	04	5
Sali	43.93972	15.16333	19	726
Salina	44.17889	15.49083	19	0
Salinovec	46.22361	16.16167	16	466
Salnik	45.97832	16.33778	20	60
Salopek Luke	45.09917	15.69694	05	9
Salopek Selo	45.07556	15.6775	05	246
Salopek-Selo	45.23694	15.21917	05	223
Salopeki	45.00361	15.65111	05	0
Salopeki Modruški	45.15775	15.26124	05	49
Samar Surduk	45.81667	18.77111	10	0
Samardžije	45.15778	16.3225	14	0
Samardžije	45.24861	15.86194	14	0
Samardžije	45.24944	16.11	14	0
Samarica	45.69778	16.76889	01	121
Samarožila	44.82444	15.05417	08	0
Samatovci	45.59639	18.50389	10	509
Samci	45.2075	16.19111	14	0
Samci	45.98731	16.01211	07	259
Samobor	45.80306	15.71806	20	16911
Samoborec	45.89417	16.31667	20	103
Samoborski Otok	45.83668	15.73267	20	611
Samolov	44.85222	15.47056	08	0
Sankovići	42.98917	17.68917	03	0
Sankovići	45.23778	16.19417	14	0
Santalezi	45.13398	14.09588	04	168
Sapci	45.17917	18.20667	02	406
Sapina Doca	43.55911	16.02569	13	34
Saplunara	42.70142	17.74105	03	83
Sapna	45.36413	18.02733	11	62
Saranač	43.24861	17.17694	15	0
Sarapi	45.23944	16.17917	14	0
Sarapovo Selo	45.02583	15.27194	08	0
Sarači	43.59861	16.73167	15	0
Sarejevo	45.10167	15.77694	05	0
Sarići	44.98306	13.93694	04	93
Sarovo	45.42358	15.39118	05	8
Sarvaš	45.52722	18.8375	10	1658
Saršoni	45.38828	14.40957	12	1664
Sasi	45.78227	16.10802	20	169
Sasovac	45.76889	16.92944	01	172
Sastavak	45.05679	15.69675	05	10
Satnica	45.61444	18.48972	10	537
Satnica Ðakovačka	45.35583	18.37806	10	1223
Satrić	43.78	16.58222	15	413
Savar	44.06083	15.01806	19	35
Saveri	44.26528	15.92889	19	0
Savića Selo	45.12167	15.73667	05	0
Savići	44.35944	16.16389	19	0
Savići	44.87194	15.32083	08	0
Savršćak	45.8329	15.75614	20	214
Savska Cesta	45.86923	16.4231	20	152
Savska Ves	46.372	16.42715	09	1165
Savski Bok	45.17778	17.31306	02	39
Savski Marof	45.86417	15.72194	20	16
Savudrija	45.50009	13.50559	04	195
Sažije	45.45	17.48333	11	11
Sebišina	43.36444	17.25972	15	0
Sedalce	45.5071	14.76198	12	12
Sedlarica	45.89528	17.19639	17	284
Sedramić	43.79526	16.17325	13	168
Seget	45.4086	13.54342	04	178
Seget Vranjica	43.50999	16.18704	15	1023
Segetin	44.07056	16.23722	13	0
Segovina	46.20573	16.64405	16	41
Segovići	43.69306	16.50139	15	0
Seketin	46.22972	16.33944	16	348
Sekirišće	46.087	15.93881	07	328
Sekirovo Selo	45.97889	16.05609	07	34
Sekulinci	45.58782	17.60788	17	2
Sekulići	45.73228	15.30819	05	0
Sekulovići	43.46667	17.15972	15	0
Sela	45.50833	16.30474	14	886
Sela Bosiljevska	45.45598	15.26078	05	60
Sela Ravenska	46.02311	16.43662	06	55
Sela Žakanjska	45.60635	15.34328	05	53
Selaci	43.34417	17.19111	15	0
Selanec	46.07909	16.47618	06	120
Selca	43.29722	16.85083	15	692
Selca	45.39541	13.99737	04	51
Selca kod Bogomolja	43.12405	17.06742	15	12
Selca kod Starigrada	43.16667	16.56667	15	9
Selce	45.15639	14.72111	12	1298
Selce Žumberačko	45.83434	15.54748	20	3
Selci	45.55139	18.51361	10	7
Selci Križovljanski	46.34861	16.08603	16	145
Selci Ðakovački	45.30917	18.35028	10	1412
Seleš	45.51667	18.65	10	0
Selina	43.61472	16.88361	15	0
Selina	45.15694	13.77194	04	198
Seline	44.27333	15.47694	19	469
Seline	44.27778	15.47944	19	414
Seline	44.62889	14.975	08	0
Seline	44.87278	14.90694	08	0
Seliška Cesta	45.23472	16.56056	14	0
Selišta	42.765	17.96833	03	0
Selišta	45.14028	18.85583	18	0
Selište	44.51861	16.11944	08	0
Selište	44.5225	15.54583	08	0
Selište	44.55	15.82139	08	0
Selište	44.575	15.27778	08	0
Selište	44.76583	15.21528	08	0
Selište	44.94611	15.62889	05	288
Selište	44.94682	15.63011	05	0
Selište	44.96194	15.33222	08	0
Selište	45.01482	15.65465	05	88
Selište	45.19667	15.74444	05	22
Selište	45.25722	16.57806	14	282
Selište	45.55284	16.7625	14	241
Selište Lađevačko	45.10417	15.65306	05	6
Selišće Kostajničko	45.24889	16.57194	14	67
Selišće Letovaničko	45.51667	16.18333	14	0
Selišće Sunjsko	45.39472	16.61944	14	20
Seljaci	45.42699	13.89885	04	14
Seljanec	46.20672	16.2369	16	224
Selna	45.185	18.15806	02	284
Selnica	46.02563	16.0445	07	0
Selnica	46.02611	16.04476	07	596
Selnica	46.14167	16.15167	07	0
Selnica	46.49307	16.38937	09	949
Selnica Miholečka	46.07056	16.42528	06	64
Selnica Podravska	46.29337	16.78015	06	254
Selnica Psarjevačka	45.95417	16.22266	20	197
Selnica Šćitarjevska	45.75	16.1	20	468
Selnik	46.26484	16.61112	16	761
Selnik Maruševečki	46.27097	16.20086	16	327
Selno	46.06745	15.82203	07	291
Selo	43.12861	17.30833	15	0
Selo	43.16444	17.25444	15	0
Selo	45.56253	14.62289	12	37
Selsko Brdo	45.55	15.9	20	97
Semeljci	45.36056	18.54361	10	1025
Semić	45.36889	14.11139	04	69
Senaderi	45.17972	16.21917	14	0
Senj	43.58333	16.58389	15	0
Senj	44.98944	14.90583	08	4164
Senj	45.35083	13.91222	04	33
Senjanska Luka	46.1125	17.11111	06	0
Senjska Draga	44.971	14.96383	08	78
Senjsko	45.38333	15.05528	12	0
Senokos	44.64194	15.49222	08	0
Seoca	43.46667	16.81667	15	132
Seoce	44.86083	15.40639	08	0
Seoce	45.17361	17.64444	02	219
Seoci	43.16417	17.46	03	0
Seoci	45.30639	17.67667	11	84
Seona	45.47194	18.02611	10	317
Seočani	45.13333	15.1	05	0
Seočina	45.22472	17.59583	02	0
Serdari	44.64444	15.49444	08	0
Sernaderi	44.16194	15.91583	19	0
Sertić Poljana	44.92583	15.56611	08	3
Sertići	44.56278	15.64139	08	0
Sertići	45.05	15.23333	08	0
Sestrunj	44.15222	15.00111	19	45
Sesvete	45.34222	17.83083	11	107
Sesvete	45.83111	16.11639	21	55313
Sesvete Ludbreške	46.28753	16.64842	16	432
Setuš	45.54833	16.4	14	119
Sever	45.58444	16.1475	14	0
Severin	45.84133	16.96839	01	449
Severin na Kupi	45.42006	15.17214	12	113
Severovci	46.07034	17.11357	06	92
Sevet	45.9425	15.88583	20	0
Sevid	43.50159	16.04442	15	119
Sevid na moru	43.48895	16.01784	15	160
Sibenik	44.22083	15.59139	19	0
Sibenik	45.81833	17.18139	01	13
Sibinj	45.19167	17.90806	02	2088
Sibinj Krmpotski	45.04306	14.88167	12	32
Sibić	45.40695	16.19597	14	49
Sigetac Novski	45.34833	16.87167	14	92
Sigetec	46.18833	16.93583	06	1016
Sigetec Ludbreški	46.25944	16.63889	16	596
Sigečica naselje	45.79838	16.00549	21	0
Sije	45.38139	14.90583	12	15
Sikavice	43.56972	16.71528	15	0
Sikirevci	45.10889	18.46444	02	1490
Sikovo	43.9925	15.4425	19	374
Sikovo	44.00528	15.42528	19	365
Silaš	45.42333	18.77278	10	326
Silba	44.37375	14.69636	19	344
Silić	43.62278	16.61944	15	0
Simunići	43.51806	16.6825	15	0
Simurina	44.12444	15.38667	19	0
Sinac	44.82944	15.33222	08	489
Sinj	43.70361	16.63944	15	10771
Sinovčići	43.50333	16.63556	15	0
Sinovčići	43.5175	16.55806	15	0
Sinožići	45.225	13.76528	04	59
Sirač	45.52333	17.255	01	1152
Sirova Katalena	45.96083	17.06028	06	226
Sisak	45.46608	16.37748	14	27859
Sitnice	46.49334	16.42534	09	0
Sitnik	44.95611	15.32361	08	0
Sitno	43.67824	16.16557	15	76
Sitno Donje	43.68528	16.13111	13	457
Sitvuci	44.68	15.34556	08	0
Sivac	45.22111	16.04222	14	0
Siverić	43.88333	16.2	13	426
Sivica	46.44944	16.50333	09	636
Siće	45.46028	18.49694	10	0
Siča	45.35577	15.47203	05	128
Sičane	43.65778	16.58917	15	451
Siče	45.16083	17.62056	02	237
Sičenice	43.51667	17.09194	15	0
Sičice	45.18361	17.38861	02	338
Sišćani	45.81232	16.65191	01	276
Sjeničak Lasinjski	45.45765	15.79842	05	106
Sjeverovac	45.33807	16.4437	14	21
Sječevac	45.80048	15.51429	20	8
Sječivica	44.80306	15.51944	08	0
Skadar	44.40278	16.06333	19	0
Skadar	44.45583	15.98139	19	0
Skakavac	45.46667	15.71667	05	227
Skako	43.41583	17.11667	15	0
Skarići	43.55806	16.83472	15	0
Skela	45.31068	16.03303	14	33
Skenderi	43.18944	17.1725	15	0
Skenderi	44.67167	15.25056	08	0
Skenderovci	45.355	17.57528	11	128
Skenderovci	45.3995	17.20846	11	6
Skendri	45.46806	14.81194	12	0
Skendžići	44.87917	15.1625	08	0
Skendžići	44.89889	15.31056	08	0
Skenžine Kuće	44.66278	15.61806	08	0
Skiljić	44.29028	15.46472	19	0
Skitača	44.98167	14.14444	04	8
Skladište Gavrilović	44.54389	15.27889	08	0
Sklizavac	45.45583	17.09806	11	0
Skoblić Brdo	45.41455	15.29979	05	1
Skorići	44.45583	15.98278	19	0
Skorpovac	44.59167	15.05389	08	0
Skorupov Dolac	44.87833	14.9275	08	0
Skozanje	43.11554	16.93264	15	0
Skrad	45.43173	14.90589	12	568
Skradin	43.82028	15.92361	13	508
Skradinsko Polje	43.83303	15.91154	13	51
Skradnik	45.21667	15.31806	05	374
Skradsko Selo	45.5548	15.35514	05	18
Skrbčići	45.04889	14.495	12	173
Skrivena Luka	42.74	16.88972	03	40
Skukani	45.37381	15.35411	05	51
Skunca	44.53528	14.89889	08	0
Skundrići	44.27528	16.03972	19	0
Skupica	45.48756	15.47578	05	89
Skurići	42.55167	18.26972	03	0
Slabinja	45.20778	16.68222	14	238
Sladići	44.00278	16.2575	13	0
Sladoje	43.72139	16.61611	15	0
Sladojevački Lug	45.7343	17.63952	17	67
Sladojevci	45.72389	17.65861	17	642
Sladojevići	45.18278	16.14	14	0
Slakovci	45.22472	18.95028	18	701
Slakovec	46.40583	16.37694	09	508
Slana	45.45	16.13333	14	54
Slana Voda	45.7	17.58333	17	0
Slani Dol	45.7914	15.63634	20	169
Slani Potok	45.96267	16.02056	07	322
Slanje	46.23139	16.54389	16	397
Slano	42.78611	17.89194	03	577
Slanovac	45.18889	15.71889	05	0
Slapnica	45.77755	15.61366	20	11
Slapno	45.58621	15.48261	05	241
Slatina	45.20889	16.11417	14	0
Slatina	45.33028	14.30167	12	0
Slatina	45.70333	17.70278	17	8722
Slatina Pokupska	45.47724	16.01866	14	82
Slatina Ravenska	45.95885	16.38496	20	91
Slatina Svedruška	46.15589	15.8114	07	315
Slatine	43.49944	16.33333	15	924
Slatinik Drenjski	45.39722	18.24389	10	232
Slatinski Drenovac	45.55306	17.70722	17	29
Slatinski Lipovac	45.65	17.7	17	0
Slatinsko Brdo	45.38611	18.24222	10	0
Slavagora	45.76914	15.71336	20	74
Slavetić	45.70272	15.54145	20	57
Slavići	44.0025	16.345	13	0
Slavići	44.98639	15.05833	08	0
Slavkovići	44.92278	15.18833	08	0
Slavonske Bare	45.6	17.95	17	127
Slavonski Brod	45.16158	18.0163	02	45005
Slavonski Kobaš	45.10639	17.74556	02	1034
Slavonski Šamac	45.06667	18.48889	02	768
Slavsko Polje	45.3659	15.81379	14	215
Slađenovići	42.78389	17.86056	03	0
Sleme	45.35229	14.75316	12	88
Sleme Skradsko	45.44701	14.92914	12	1
Slemenice	46.44067	16.43082	09	215
Slijepčevići	45.24694	16.13611	14	0
Slime	43.425	16.8747	15	271
Slivarsko	46.29399	16.0901	16	185
Slivetine	43.18417	17.43111	15	0
Slivnica	44.24306	15.44861	19	785
Slivno	43.34167	17.21778	15	237
Slivno	43.69476	16.09271	13	95
Slivno Ravno	42.96	17.54528	03	1
Slivonja Jarek	46.10168	15.85831	07	85
Sliškovići	43.55056	16.78472	15	0
Sljeme	45.92629	15.97482	07	0
Sljivnovac	45.21278	16.03667	14	0
Sljujići	43.56861	16.79306	15	0
Slobodna Vlast	45.30333	18.13889	10	121
Slobodnica	45.16222	17.93278	02	1314
Sloboština	45.39528	17.52861	11	12
Slokovec	46.25611	16.65306	16	227
Slovinci	45.28594	16.64669	14	116
Sluki	45.69972	15.76528	20	0
Slum	45.43333	14	04	23
Slunj	45.11456	15.5843	05	1576
Slunj Novo Selo	45.09659	15.59158	05	0
Slunj Novo Selo	45.09667	15.5925	05	52
Slunj Podmelnica	45.10769	15.58155	05	155
Slunj Trg Zrinskih i Frankopana	45.11601	15.58764	05	0
Slunjska Selnica	45.50217	15.71261	05	65
Slunjske drage	45.10798	15.60338	05	0
Slunjski Moravci	45.45194	15.72458	05	55
Slunjčica	45.07849	15.58428	05	3
Smajići	43.55194	16.65694	15	0
Smerovišće	45.78661	15.64552	20	108
Smiljan	44.56389	15.31806	08	392
Smiljaniči	44.99278	15.05944	08	0
Smiljanova Graba	46.22389	15.84611	07	0
Smiljansko Polje	44.58472	15.38444	08	129
Smiljarići	44.61278	15.66333	08	0
Smilčić	44.125	15.50389	19	235
Smirić	44.13306	15.21	19	0
Smišljak	45.40817	15.16907	12	0
Smišljak	45.45701	14.9441	12	13
Smišljani	42.52028	18.31111	03	0
Smodlake	43.58	16.57472	15	0
Smojveri	44.58944	15.00361	08	0
Smokovijenac	42.60806	18.23056	03	0
Smokovina	42.80472	17.8175	03	0
Smoković	44.13472	15.35306	19	165
Smokovljani	42.86528	17.77139	03	49
Smokovo	45.22	14.64194	12	0
Smokrić	44.39932	15.71779	08	13
Smokrović	44.205	15.3025	19	0
Smokvica	42.93056	16.89639	03	868
Smokvica	43.72778	15.47833	13	0
Smokvica	44.32139	15.18639	19	35
Smokvica Krmpotska	45.08694	14.85198	12	29
Smokvina	43.11655	17.0223	15	0
Smolici	45.25737	13.78373	04	39
Smolići	43.8475	15.88722	13	0
Smolići	45.08851	14.14062	04	0
Smoljanac	44.94327	15.64959	08	229
Smoljanci	45.09194	13.84389	04	198
Smoljanovići	43.51222	16.80778	15	0
Smolonje	43.45	16.78333	15	75
Smolčić	44.31056	15.67	08	0
Smolčići	44.99778	15.25667	08	0
Smolčići	44.99861	15.17944	08	0
Smrdelj	44.64111	15.65083	08	0
Smrdelje	43.9325	15.90472	13	90
Smrdelje	44.11583	15.36139	19	0
Smrekari	45.52553	14.68572	12	6
Smrečje	44.64611	14.46806	12	71
Smrečje	45.53618	14.64742	12	64
Smrtić	45.28139	17.25667	02	197
Smrzlic	45.12667	15.65389	05	0
Smrzlići	45.19278	15.7425	05	0
Smrđan Grad	42.95111	17.56583	03	0
Smude	45.60927	17.62249	17	4
Snašići	45.10365	14.05514	04	103
Snos	45.17103	15.64479	05	4
Soblinec	45.86424	16.15403	21	970
Soboli	45.37	14.4925	12	178
Sobočani	45.73405	16.45003	20	464
Sobra	42.73722	17.60028	03	129
Sokići	43.53722	16.83472	15	0
Sokolac	45.05667	15.6975	05	0
Sokolac Podravski	45.8575	17.58611	17	0
Sokoli	43.30806	17.18444	15	0
Sokoli	45.54906	14.6252	12	5
Sokolići	44.65528	15.39056	08	0
Sokolovac	45.70194	18.79333	10	0
Sokolovac	46.11083	16.70639	06	381
Sokolovac Daruvarski	45.58333	17.03333	01	176
Solarevina	43.095	17.53917	03	0
Soldatići	45.59729	15.48192	05	15
Soldići	43.76528	16.58833	15	0
Soleši	45.03111	15.68528	05	0
Solin	43.5432	16.49314	15	20996
Soline	42.61472	18.22222	03	273
Soline	42.69806	18.04056	03	0
Soline	43.92371	15.36469	19	0
Soline	44.14139	14.88333	19	59
Soline	44.41333	15.09833	19	0
Soline	45.14824	14.60734	12	48
Soline	45.35939	15.3097	05	31
Soljak	45.24861	18.50528	10	0
Soljani	44.95028	18.97028	18	926
Sonković	43.85806	15.87083	13	297
Sop	45.78924	16.1466	20	352
Sop Bukevski	45.74143	16.21564	20	68
Sopaljska	45.18611	14.68972	12	0
Sopač	45.35827	14.77209	12	27
Sopjanska Greda	45.8028	17.75406	17	31
Sopje	45.80111	17.7425	17	430
Sopnica Sesvetska	45.81667	16.1	21	0
Sopot	46.15556	15.73222	07	294
Sopote	45.75651	15.3987	20	6
Sopčić-vrh	45.57089	15.33988	05	9
Sorgo	42.72194	17.86861	03	0
Soric	44.07694	15.28278	19	0
Sorići	44.63139	15.40528	08	0
Sotin	45.29806	19.095	18	597
Sovari	45.7309	16.52056	01	67
Sovilji	44.34472	15.93306	19	0
Sovilji	44.35	15.90167	19	0
Sovinjak	45.37806	13.92278	04	68
Sovinjska Brda	45.36167	13.90194	04	31
Sovjak	45.74357	17.46693	17	11
Sovlje	43.76667	15.73444	13	0
Sovski Dol	45.30611	18.04222	11	66
Sočanica	45.04417	16.22917	14	0
Sočanica	45.05	16.26667	14	6
Soče	42.95722	17.61194	03	0
Soši	45.45691	13.56466	04	0
Sošice	45.75	15.38333	20	54
Sošići	45.11611	13.75083	04	67
Soške	45.64722	15.80472	20	0
Spahići	45.4637	15.2726	05	23
Spanidiga	45.05611	13.70917	04	0
Spanovići	45.12306	16.13111	14	0
Sparagovići	42.855	17.61333	03	104
Sparednjak	45.25912	15.59248	05	2
Spasovác	44.97306	14.92139	08	0
Spačva	45.04444	18.9075	18	0
Speharj	45.33861	15.36833	05	0
Spilice	43.13167	17.43778	03	0
Split	43.50891	16.43915	15	149830
Splitska	43.37528	16.60722	15	352
Sporčići	44.81861	15.18861	08	0
Srakane Male	44.56556	14.32722	12	2
Sračak	45.56667	15.3	05	44
Sračinec	46.32944	16.27889	16	3807
Srb	44.36333	16.12583	19	301
Srbinjak	45.20167	13.79639	04	0
Srdari	44.57472	15.24583	08	0
Srdelj	44.55056	15.33056	08	0
Srdinac	46.07694	16.91639	06	16
Srebačici	46.03556	16.06167	07	0
Srebrenik	45.51667	16.11667	14	0
Srebreno	42.62333	18.19611	03	382
Srebrnići	45.29089	13.74254	04	8
Srebrnjak	45.77896	15.76647	20	148
Sredanci	45.155	18.285	02	268
Sredicko	45.53444	15.88361	20	0
Srednja Diklenica	45.96693	16.87661	01	49
Srednja Draga	45.57557	14.62113	12	40
Srednja Gora	44.5101	15.6732	08	9
Srednja Ljubina	45.07	16.26083	14	0
Srednja Meminska	45.28244	16.59794	14	26
Srednja Sočanica	45.05694	16.265	14	0
Srednja Velika	45.98965	16.42649	20	41
Srednjak	45.69979	15.5938	20	29
Srednje Mokrice	45.44735	16.19354	14	23
Srednje Mosti	46.05862	16.85732	01	70
Srednje Prilišće	45.46992	15.36103	05	23
Srednje Selo	45.10833	15.73583	05	11
Srednje Selo	45.32444	17.75861	11	253
Srednje Selo na Šolti	43.39861	16.27528	15	102
Srednji Borki	45.56667	17.35	01	0
Srednji Bukovac	44.64722	15.40861	08	0
Srednji Dubovec	46.01303	16.45479	06	80
Srednji Grahovljani	45.49502	17.26777	11	0
Srednji Lipovac	45.25	17.64	02	213
Srednji Lipovac	45.25333	17.63556	02	0
Srednji Poloj	45.25749	15.48935	05	8
Sremci	45.21694	15.79917	05	0
Sreser	42.94861	17.44222	03	140
Srhov Dolac	43.11675	16.91573	15	0
Srido Selo	44.18278	15.63611	19	0
Sriduša	43.18861	17.31028	15	0
Srijane	43.51778	16.72806	15	223
Srijedska	45.76935	16.84381	01	245
Srijem	46.07889	16.71722	06	170
Srijemske Laze	45.23056	18.93194	18	398
Srima	43.7475	15.80583	13	864
Srinjine	43.49366	16.60311	15	1199
Sroki	45.38873	14.38119	12	1979
Srpski Balgaj	45.23333	15.55	05	0
Srpsko Polje	44.90472	15.13667	08	0
Srpsko Selište	45.55556	16.76222	14	0
Sršenik	43.2025	17.35556	15	0
Sršići	45.12944	14.54833	12	0
Sršići	45.68565	15.39183	05	3
Stabanj	43.98972	15.50583	19	0
Stablina	43.05444	17.44972	03	0
Stajnica	45.03333	15.25	08	164
Stakić Selo	44.76	15.18861	08	0
Stalije	45.05139	14.05194	04	0
Stambolije	45.05028	16.26333	14	0
Stambolije	45.085	16.25417	14	0
Stambolije	45.11111	16.28639	14	0
Stan Trigraci	44.45361	15.00694	19	0
Stanari	45.18139	16.05556	14	0
Stancija Valkanela	45.15889	13.60639	04	0
Stancija Vodopija	45.26259	13.6156	04	145
Stanetinec	46.45474	16.27113	09	175
Stanica Roč	45.39951	14.03784	04	53
Stanića Polje	45.00306	16.34861	14	9
Stanići	43.41408	16.72897	15	482
Stanići	43.44083	17.13083	15	0
Stanići	44.51583	15.76556	08	0
Stanići	45.07806	18.80889	18	0
Stanići	45.9644	16.83278	01	95
Staničići Žumberački	45.74011	15.50536	20	0
Staniši	45.31101	13.73976	04	14
Stanišovi	45.01472	14.09194	04	33
Staništa	44.54861	15.06778	08	7
Stanišće	44.64444	14.78833	08	0
Stankovac	45.43134	16.08494	14	14
Stankovci	43.90972	15.69972	19	634
Stankovci	45.54123	15.30316	05	9
Stanković	42.98541	17.1943	03	267
Stankovo	45.71667	15.7	20	296
Stanovi	44.73444	15.90444	08	0
Stanovi Ćuline	44.145	15.56806	19	0
Stančić	45.85	16.28333	20	545
Stančići	45.90386	16.75582	01	72
Stara Baška	44.95806	14.69167	12	116
Stara Brezovica	45.86117	17.56199	17	471
Stara Diklenica	45.96765	16.86094	01	50
Stara Drenčina	45.47556	16.32111	14	179
Stara Gradiška	45.14861	17.24667	02	207
Stara Jošava	45.52825	17.94261	17	237
Stara Kapela	45.23639	17.68778	02	12
Stara Kapela	45.88786	16.59983	20	166
Stara Krivaja	45.66626	17.4686	01	0
Stara Kršlja	45	15.69278	05	5
Stara Kršlja	45.0025	15.69083	05	0
Stara Lipa	45.3475	17.61333	11	159
Stara Ljeskovica	45.39352	18.02137	11	5
Stara Marča	45.76716	16.48267	20	130
Stara Novalja	44.59806	14.87722	08	281
Stara Pila	44.50556	15.23583	08	0
Stara Plošćica	45.76083	16.88472	01	194
Stara Rača	45.81667	16.95	01	248
Stara Subocka	45.35528	16.8975	14	386
Stara Sušica	45.37472	14.995	12	205
Stara Vas	44.37537	15.15669	08	65
Stara Ves Košnička	46.1511	15.62311	07	12
Stara Ves Petrovska	46.15536	15.83799	07	148
Stara Ves Ravenska	45.97697	16.49407	06	34
Starci	45.25389	17.54972	02	7
Stare Kuće	43.64833	16.55389	15	0
Stare Plavnice	45.89376	16.80789	01	578
Stari Bošnjani	46.09556	16.63639	06	82
Stari Brod	45.48333	16.16667	14	159
Stari Budak	44.58361	15.39917	08	0
Stari Farkašić	45.49139	16.14222	14	73
Stari Glog	45.90964	16.5388	20	111
Stari Golubovec	46.18307	16.03947	07	162
Stari Grabovac	45.3225	17.00833	14	311
Stari Grad	43.18387	16.59784	15	1921
Stari Grad	44.43	15.06222	19	1906
Stari Grad Žumberački	45.76088	15.41213	20	4
Stari Gradac	45.92444	17.29111	17	537
Stari Jankovci	45.26194	18.91444	18	1124
Stari Laminac	45.8	16.75	01	291
Stari Laz	45.36081	14.87647	12	147
Stari Lazi	45.43306	14.9675	12	15
Stari Majur	45.46911	17.17432	11	16
Stari Mikanovci	45.28685	18.55922	18	1883
Stari Okić	44.43667	15.03611	19	0
Stari Orlovnjak	45.47833	18.70861	10	0
Stari Pavljani	45.85814	16.88381	01	191
Stari Pazin	45.23833	13.92306	04	0
Stari Perkovci	45.2175	18.34861	02	928
Stari Put	45.45639	17.08333	11	0
Stari Seleš	45.46806	18.69417	10	0
Stari Skucani	45.95525	16.83409	01	120
Stari Slatnik	45.17861	17.84722	02	959
Stari Stafilić	43.55361	16.33861	15	0
Stari Tajnovac	45.48083	18.04528	10	0
Stari Vas	44.37583	15.15583	19	65
Stari Zdenkovac	45.3634	18.0946	11	28
Starigrad	44.29601	15.43865	19	1051
Starigrad	44.79667	14.88333	08	21
Starigrad	46.13667	16.80528	06	2248
Starin	45.7471	17.81562	17	62
Starine	45.8031	16.77413	01	54
Starići	45.19073	13.65825	04	3
Starjak	45.67056	15.87524	21	252
Staro Brdo	45.46806	16.8425	14	0
Staro Brdo	45.48389	16.82139	14	0
Staro Klađe	45.65778	18.10917	10	0
Staro Petrovo Polje	45.6461	17.9777	17	154
Staro Petrovo Selo	45.23083	17.52028	02	1277
Staro Pračno	45.49087	16.34679	14	721
Staro Selo	44.49	15.27056	08	33
Staro Selo	45.06417	18.63806	18	0
Staro Selo	45.12806	18.87639	18	0
Staro Selo	45.34778	16.97667	14	0
Staro Selo	45.35472	16.41306	14	60
Staro Selo	45.395	18.12139	10	0
Staro Selo	45.65111	18.56417	10	0
Staro Selo	45.81361	18.73806	10	0
Staro Selo Topusko	45.25916	15.94914	14	95
Staro Topolje	45.19	18.24778	02	577
Staro Čiče	45.6927	16.11571	20	720
Staro Štefanje	45.81667	16.71667	01	154
Starogradački Marof	45.94527	17.32241	17	191
Starčević Dolac	44.65	15.00056	08	0
Starčevića Podi	44.64667	14.97972	08	0
Starčevići	44.53139	15.98917	08	0
Starčevići	44.66667	15.14444	08	0
Starčevljani	45.95634	16.84564	01	125
Statival	43.86395	15.25021	13	0
Stavsko	45.35389	15.80417	14	0
Staza	45.325	16.59417	14	170
Staševica	43.13889	17.42556	03	822
Stažnjevci	46.24278	16.17833	16	332
Steklari	46.07944	16.05306	07	0
Stelijev	44.00611	15.85861	13	0
Stepići	45.15139	15.76111	05	0
Stepići	45.15694	15.64722	05	0
Stepčići	45.14706	14.15	04	36
Sterpazzi	45.2717	13.72684	04	31
Stifanići	45.20278	13.75667	04	60
Stilja	43.26443	17.30559	15	224
Stinica	44.72	14.89444	08	61
Stiniva	43.2	16.46667	15	0
Stiničke Staze	44.72611	14.91028	08	0
Stinički Dolac	44.71667	14.89806	08	0
Stinjevac	43.17583	17.41306	15	0
Stinjiva	42.95583	17.42111	03	0
Stipan	45.45881	15.87404	14	22
Stipanovci	45.47361	18.18806	10	367
Stipernica	46.13499	15.7214	07	127
Stipetići	45.13357	15.55863	05	0
Stivašnica	43.50337	15.97444	13	54
Stobreč	43.5025	16.52222	15	2879
Stoić	44.265	15.30944	19	0
Stojanci	43.83389	16.55222	15	0
Stojanovići	44.89972	15.29333	08	0
Stojančeva Božetnica	43.84917	16.55611	15	0
Stojavnica	45.68333	15.38333	05	21
Stojdraga	45.83861	15.5714	20	48
Stojevića Draga	44.64278	15.29944	08	0
Stojići	43.78833	16.62917	15	0
Stojići	44.56472	15.77472	08	0
Stojmerić	45.20278	15.60889	05	1
Stojčinovac	45.39167	18.08278	11	2
Stolac	44.93861	14.98528	08	43
Stolovi	42.96028	17.53417	03	0
Stomorska	43.37	16.35167	15	319
Ston	42.83861	17.69639	03	500
Stončica	43.06387	16.24117	15	0
Stošići	44.30056	15.29306	19	0
Strahinje	46.17743	15.87084	07	286
Strahinje Radobojsko	46.17699	15.89576	07	46
Strahoninec	46.36889	16.415	09	2598
Strana	45.41345	14.00409	04	46
Stranići	44.88333	13.96667	04	0
Stranići	45.26533	13.63924	04	199
Stranići kod Lovreča	45.15944	13.73361	04	34
Stravča	42.60056	18.31417	03	54
Strašnik	45.40373	16.22369	14	163
Straža	45.45974	15.40939	05	66
Straža Krapinska	46.15794	15.88933	07	44
Stražanac	45.6259	17.08495	01	97
Stražbenica	45.36667	16.38333	14	6
Stražeman	45.44806	17.61111	11	179
Stražica	43.34611	17.10583	15	784
Strelec	46.40151	16.55888	09	257
Strelečko	45.51868	16.38418	14	455
Strezoj	45.52758	16.03849	20	120
Strganec	45.16278	14.3075	12	0
Strgari	45.40007	15.26741	05	11
Strihine	44.12194	15.11167	19	0
Strijenje	44.18	15.92667	19	0
Strikići	43.57611	16.67639	15	0
Strilčići	45.09259	14.52109	12	2
Strizirep	43.5825	16.84472	15	33
Strizivojna	45.22611	18.42389	10	2027
Strizrep	43.60194	16.55583	15	0
Stričevići	43.69528	16.51472	15	0
Striževo	43.06556	17.40444	03	0
Strižičevac	45.48889	17.08028	11	14
Strižnja	43.82	15.28917	13	0
Strmac Pribićki	45.67472	15.51472	20	83
Strmačka	45.15008	15.7105	05	9
Strmec	45.70843	15.91674	21	585
Strmec	45.81702	15.78993	20	4250
Strmec	45.97246	16.39823	20	19
Strmec	45.99949	15.79074	07	148
Strmec Bukevski	45.74495	16.16316	20	378
Strmec Humski	46.2137	15.74491	07	163
Strmec Podravski	46.36258	16.18329	16	563
Strmec Remetinečki	46.19802	16.32803	16	458
Strmec Stubički	45.96667	15.91667	07	799
Strmec Sutlanski	45.97584	15.74395	07	109
Strmen	45.34944	16.69806	14	60
Strmen Dolac	43.59639	16.76361	15	0
Strmendolac	43.59466	16.7589	15	158
Strmica	44.17056	16.26139	13	160
Strmica	44.19833	16.23667	13	0
Strn	43.175	17.19694	15	0
Strošinci	44.91639	19.065	18	361
Strožanac - Donji	43.50194	16.53917	15	1687
Strug	44.86222	14.92111	08	0
Struga	44.73944	14.9525	08	0
Struga	46.29889	16.64861	16	407
Struga Banska	45.10778	16.38528	14	67
Struga Nartska	45.76318	16.19398	20	453
Struge	43.12111	17.50667	03	0
Stružani	45.14056	18.30472	02	111
Stružec	45.52778	16.55417	14	556
Stružec Posavski	45.66183	16.25148	20	71
Stubalj	44.9775	15.00833	08	0
Stubalj	45.26861	16.54083	14	136
Stubica	45.38454	15.10226	12	30
Stubička Slatina	45.97639	15.87306	07	560
Stubičke Toplice	45.97585	15.93238	07	1775
Studena	45.24833	16.04083	14	0
Studena	45.42667	14.3925	12	308
Studenci	43.53056	17.03056	15	394
Studenci	44.71056	15.34972	08	26
Studenčić	44.59798	14.39211	12	0
Stupa	42.89694	17.72472	03	51
Stuparje	46.14632	15.81988	07	362
Stupačinovo	44.53917	15.16417	08	0
Stupe	45.73259	15.42446	20	19
Stupin Čeline	43.53983	15.98787	13	0
Stupnički Kuti	45.12139	17.81472	02	331
Stupnički Obrež	45.76667	15.83333	20	352
Stupno	45.50412	16.3238	14	427
Stupovača	45.53056	16.83806	14	346
Stuti	45.28333	13.75361	04	20
Subocka	45.39883	17.12253	11	13
Subotica Podravska	46.1906	16.74075	06	471
Subotići	44.09028	15.90028	13	0
Subotići	44.09694	15.87528	13	0
Sudaraž	45.74932	18.57311	10	0
Sudovec	46.10603	16.36319	16	304
Sudovčina	46.26254	16.53231	16	324
Sudurad	42.71194	17.91056	03	222
Suha Katalena	45.94124	17.08134	06	285
Suha Mlaka	45.68889	17.90556	17	68
Suha Punta	43.87056	15.22116	13	0
Suhaja	45.72373	16.62806	01	177
Suhač	43.71361	16.64111	15	577
Suhi Potok	43.45479	16.62023	15	0
Suho	45.47944	14.47722	12	0
Suhodol Budački	45.28287	15.59298	05	4
Suhodol Zelinski	45.93192	16.21301	20	103
Suhopolje	45.79972	17.49917	17	2237
Suhovare	44.1575	15.4075	19	521
Suknovci	43.97028	16.09167	13	49
Sukošan	44.05	15.31667	19	2980
Sulkovci	45.26806	17.77722	11	419
Sumartin	43.285	16.87556	15	477
Sumeđe	45.50637	17.92602	17	26
Sumpetar	43.45361	16.62778	15	0
Sundaći	45.10333	16.36333	14	0
Sunger	45.32306	14.81917	12	262
Sunja	45.3685	16.56702	14	1170
Sunjočarda	45.78583	18.85556	10	0
Supetar	43.38417	16.55083	15	3415
Supetarska Draga	44.7975	14.72472	12	937
Surevica	45.21222	18.18944	02	0
Surle	44.32528	15.97194	19	0
Surle	44.34556	15.9	19	0
Surle	44.35139	16.04139	19	0
Susak	44.51063	14.30812	12	139
Sustjepan	42.67	18.0975	03	301
Sutare	45.19528	16.34	14	0
Sutina	43.69363	16.53374	15	341
Sutina	43.92417	16.5075	15	349
Sutinske Toplice	46.11257	16.01095	07	0
Sutivan	43.38583	16.47694	15	936
Sutivanac	45.13514	14.0071	04	333
Sutomišćica	44.09556	15.17556	19	380
Sutvid	42.83333	17.45	03	0
Suvoj	45.37694	16.69361	14	31
Suza	45.78306	18.775	10	423
Suzići	45.10444	16.13611	14	0
Sućuraj	43.12528	17.18611	15	293
Sučevići	44.25889	16.04917	19	0
Sučići	43.58139	16.8825	15	0
Sučići	43.58528	16.68056	15	0
Sučići	45.24921	14.23774	12	33
Suša	45.63333	16.28333	20	99
Sušac	42.75003	16.48979	03	1
Sušanj	44.52535	15.12629	08	9
Sušci	43.635	16.56	15	122
Sušica	44.14222	15.08667	19	0
Sušik	45.22583	14.675	12	0
Sušine	45.55111	18.0625	10	202
Sušini	44.02889	15.81639	19	0
Sušobreg - dio	46.03639	16.16484	07	194
Sušobreg Bistrički	46.02444	16.1661	07	70
Sužan	45.15079	14.58029	12	70
Sv.Kuzam	45.3123	14.52325	12	0
Svaline	43.58278	16.79167	15	0
Svedruža	46.16058	15.80095	07	310
Sveta Agneza	44.97833	14.07278	04	0
Sveta Ana	46.00361	16.99861	06	95
Sveta Helena	45.81667	15.71667	20	366
Sveta Helena	45.9025	16.26639	20	353
Sveta Ilija	45.36556	15.86639	14	0
Sveta Jelena	45.01437	14.89157	08	22
Sveta Jelena	45.20864	14.23322	12	102
Sveta Katarina	45.17368	14.04202	04	323
Sveta Lucija	45.3883	13.82034	04	37
Sveta Marija	44.10222	15.42222	19	0
Sveta Marija	46.3322	16.74454	09	1374
Sveta Marija na Krasu	45.46394	13.59992	04	0
Sveta Marina	45.03439	14.15693	04	49
Sveta Nedelja	43.13639	16.58944	15	135
Sveta Nedjelja	45.79833	15.78056	20	1363
Sveta Orsola	44.8675	14.35972	12	0
Sveta Petka	44.425	15.64389	08	0
Sveta Stošija	44.38194	14.78028	19	0
Sveta Trojica	44.01556	15.48361	19	0
Sveta Ursula	44.96694	14.42861	12	0
Sveti Andrija	43.02226	15.75804	15	2
Sveti Ante	43.18333	16.55	15	0
Sveti Ante	43.93503	15.3493	19	0
Sveti Ante	44.35865	14.70263	19	0
Sveti Anton	45.10381	14.52148	12	162
Sveti Anton	45.2585	14.25366	12	5
Sveti Arandel	44.30389	15.75556	08	0
Sveti Bartol	45.09167	14.08905	04	265
Sveti Bartol	45.33723	13.85934	04	64
Sveti Bartul	45.09136	14.08809	04	265
Sveti Djuradj	45.81644	17.35807	17	474
Sveti Donat	45.38361	13.95222	04	82
Sveti Duh	45.21694	13.5925	04	0
Sveti Filip i Jakov	43.96472	15.43	19	1603
Sveti Ilija	46.24694	16.32528	16	572
Sveti Ivan	44.40583	15.49417	08	0
Sveti Ivan	44.76083	15.24611	08	0
Sveti Ivan	44.96667	14.76667	12	72
Sveti Ivan	45.1003	14.52782	12	89
Sveti Ivan	45.23222	13.76583	04	16
Sveti Ivan	45.39056	13.80333	04	38
Sveti Ivan	45.395	13.53444	04	0
Sveti Ivan	45.40568	13.98059	04	265
Sveti Ivan Dobrinjski	45.12701	14.58498	12	41
Sveti Ivan Zelina	45.95985	16.24327	20	2583
Sveti Ivan Žabno	45.94611	16.61333	06	1049
Sveti Jakov	44.64028	14.3925	12	74
Sveti Josip	46.23467	15.99949	16	3
Sveti Jovan	44.64472	14.95583	08	0
Sveti Juraj	44.92833	14.92194	08	542
Sveti Juraj u Trnju	46.37659	16.60952	09	282
Sveti Jurje	42.76667	16.81667	03	0
Sveti Krijak	44.3375	14.59889	19	0
Sveti Križ	45.90254	15.70608	20	397
Sveti Križ	46.05971	15.76615	07	424
Sveti Križ	46.12206	16.18312	07	121
Sveti Križ	46.34306	16.53917	09	300
Sveti Križ Začretje	46.08083	15.91111	07	922
Sveti Kuzma	44.94667	14.40944	12	0
Sveti Lovreč	45.17583	13.74194	04	267
Sveti Lovreč Labinski	44.98538	14.10168	04	41
Sveti Luka	44.39444	15.60194	08	0
Sveti Luka Dragas	44.195	15.38861	19	0
Sveti Marko	44.36694	14.70361	19	0
Sveti Marko	44.86139	15.30722	08	0
Sveti Marko	44.89667	14.36028	12	0
Sveti Martin	43.46667	16.56667	15	0
Sveti Martin	44.7575	14.38889	12	0
Sveti Martin	44.97083	13.80417	04	0
Sveti Martin	45.12375	14.04623	04	169
Sveti Martin	45.42111	13.97667	04	410
Sveti Martin	45.99718	16.51825	06	86
Sveti Martin na Muri	46.52502	16.36267	09	452
Sveti Martin pod Okićem	45.7493	15.73596	20	253
Sveti Matej	45.96667	16.06667	07	502
Sveti Mihajlo	44.27417	15.225	19	0
Sveti Mihovil	44.74083	14.42083	12	0
Sveti Mihovil	44.98083	14.98139	08	0
Sveti Minovil	44.89528	14.43722	12	0
Sveti Nicola	44.51306	14.50944	12	0
Sveti Nikola	44.3575	14.77472	19	0
Sveti Petar	43.71667	15.91667	13	0
Sveti Petar	44.81611	14.41278	12	0
Sveti Petar	45.09028	14.35472	12	7
Sveti Petar	45.26842	15.20589	05	613
Sveti Petar	45.31833	14.26361	12	0
Sveti Petar Ludbreški	46.25139	16.6925	16	546
Sveti Petar Mrežnički	45.43481	15.49898	05	132
Sveti Petar Orehovec	46.07949	16.45431	06	226
Sveti Petar na Moru	43.99905	15.37322	19	458
Sveti Petar u Šumi	45.18361	13.86833	04	1051
Sveti Petar Čvrstec	46.00245	16.66489	06	437
Sveti Rok	44.36083	15.6525	08	250
Sveti Rok	44.37611	14.79389	19	0
Sveti Rok	44.83583	14.40472	12	0
Sveti Rok Staro Selo	44.35278	15.63194	08	0
Sveti Tranjo	44.78694	15.36694	08	0
Sveti Urban	46.47806	16.2675	09	374
Sveti Vid	44.61222	14.82194	08	0
Sveti Vid	45.15389	14.77722	12	0
Sveti Vid Dobrinjski	45.12702	14.61657	12	64
Sveti Vid-Miholjice	45.12774	14.54279	12	292
Sveti Ðurađ	45.68333	17.46667	01	0
Sveti Ðurađ	45.73889	18.24611	10	704
Sveti Ðurđ	46.28444	16.60417	16	556
Svetice	45.58626	15.45445	05	17
Svetinja	45.355	17.74444	11	43
Svetičko Hrašće	45.5728	15.43821	05	108
Svetoblažje	45.26722	18.29722	10	66
Svetojurski Vrh	46.13256	15.78927	07	144
Svetonedeljski Breg	45.78854	15.76111	20	179
Svetvinčenat	45.08806	13.88361	04	245
Svib	43.55167	16.96306	15	323
Svib	43.56083	16.99722	15	0
Svibić	43.55944	16.99833	15	0
Svibje	45.77911	16.16694	20	462
Svibovec	46.21528	16.47389	16	233
Svibovec Podravski	46.35639	16.28194	16	871
Svilaj	45.12444	18.29778	02	216
Svilari	44.64	15.72583	08	0
Svilari	44.70917	15.52389	08	0
Svilari	44.77056	15.53889	08	0
Svilna	45.29722	17.85361	11	109
Svilno	45.34889	14.46806	12	0
Svinca	43.52484	16.05	15	103
Svinica	45.22361	15.80194	05	197
Svinica	45.31139	16.48083	14	63
Svinišće	43.42625	16.78402	15	87
Svinjar	44.70611	15.74111	08	0
Svinjarec	45.80248	16.56652	20	41
Svinjarevci	45.25167	18.965	18	288
Svinjača	43.66611	16.76	15	0
Svirče	43.1575	16.64722	15	385
Svojić	45.29541	15.41691	05	15
Svračica	45.278	16.13518	14	35
Svračkovo Selo	44.61982	15.61023	08	9
Svrdlini	43.43667	17.12667	15	0
Svrževo	45.68595	15.50949	20	29
Tabakovići	45.10028	15.93694	14	0
Taborište	45.39667	16.30694	14	186
Tadinac	43.52583	16.79306	15	0
Tadinci	43.50028	16.73639	15	0
Tadini	45.31034	13.69603	04	68
Tadića Kosa	45.24611	16.61389	14	0
Tadići	43.68	16.84861	15	0
Tadići	43.68028	16.755	15	0
Tadići	45.04333	16.20972	14	0
Tadići	45.05444	16.23778	14	0
Tajčari	45.61611	14.58139	12	0
Talaji	43.32639	17.23694	15	0
Talajići	43.10278	17.57028	03	0
Tanac	45.24583	16.87333	14	95
Tanačkov	45.63	18.14194	10	0
Tankosići	44.33667	16.20056	19	0
Tar	45.30083	13.62528	04	1144
Tarabnik	43.59222	16.90333	15	0
Tarno	45.73333	16.36667	20	43
Taržio	44.68333	14.37833	12	0
Tatar Varoš	45.13786	15.65955	05	61
Tatinja	43.212	16.64012	15	0
Tatinjica	42.78556	17.40556	03	0
Tavanak	44.18889	16.23417	13	0
Tavani	45.23417	15.99472	14	0
Tavani	45.46083	16.8675	14	0
Tavre	43.51917	17.08778	15	0
Tedrovec	45.74489	16.36242	20	68
Tekići	45.38444	17.75361	11	199
Temovec	46.05533	15.88872	07	210
Tenja	45.49806	18.74722	10	6260
Teodorovac	45.55861	18.07694	10	33
Tepavci	45.04306	15.61028	05	0
Tepljuh	43.9	16.2	13	103
Tepšići	45.15056	16.27361	14	0
Terezino Polje	45.93472	17.45889	17	196
Terhaj	45.74778	15.675	20	0
Terzići	43.61889	16.68583	15	0
Terzići	44.27139	15.92972	19	0
Teskere	44.01194	16.4225	13	0
Tešija	43.73222	16.51333	15	0
Tešija	43.74778	16.51556	15	0
Tiborjanci	45.68333	18.33583	10	218
Tice	43.41476	16.72679	15	0
Tice	44.00556	16.28417	13	0
Tiha	42.58194	18.22444	03	0
Tihočaj	45.74628	15.54595	20	1
Tijardovići	43.58361	16.68333	15	0
Tijarica	43.58417	16.94	15	366
Tikveš	45.67167	18.845	10	15
Tilovine	43.19333	17.28917	15	0
Timarci	45.28611	16.6175	14	83
Tinj	44.01924	15.47441	19	543
Tinjan	45.21806	13.83944	04	433
Tintori	45.15	16.15361	14	0
Tirol	45.24056	16.55194	14	0
Tisanić Jarek	46.03955	15.88905	07	330
Tisno	43.80417	15.64333	13	1192
Tisovac	44.82861	15.19611	08	0
Tisovac	45.25806	17.51278	02	301
Tisovac Zabrdski	45.45	17.43333	11	0
Tisovac Žumberački	45.79588	15.5231	20	0
Tićan	45.29069	13.7484	04	15
Tići	45.4124	15.02284	12	21
Tišina Erdedska	45.53296	16.38478	14	265
Tišina Kaptolska	45.52677	16.37577	14	219
Tiškovac Lički	44.27716	16.18941	19	1
Tišme	44.03222	15.9775	13	0
Tišmin Varoš	44.54167	15.80667	08	0
Tkalci	46.15992	15.85963	07	402
Tkalec	46.02786	16.2988	16	66
Tkon	43.92096	15.41761	19	662
Tmol	42.98639	17.57917	03	0
Tobolić	45.13306	15.44972	05	0
Tociljevac	45.78347	16.93775	01	81
Todorić	45.3275	15.64889	05	0
Todorići	43.39611	17.21583	15	0
Tojagići	44.25278	15.92806	19	0
Tojagići	44.35056	15.965	19	0
Tojagići	44.36194	15.88111	19	0
Tokalo	43.325	17.12639	15	0
Tokići	43.52111	16.80889	15	0
Tokići	43.5475	16.84667	15	0
Tokići	43.59667	16.88722	15	0
Tokići	43.72639	16.50056	15	0
Tolić	44.59194	15.66389	08	2
Tolići	43.22139	17.37694	15	0
Tolići	43.41833	17.17194	15	0
Tolići	43.45472	17.16611	15	0
Tolići	43.46889	17.18861	15	0
Toljani	44.97944	15.07389	08	0
Tolji	43.24806	17.31139	15	0
Tomaš	45.88333	16.91667	01	192
Tomašanci	45.38639	18.42028	10	452
Tomaševci	45.76286	15.43087	20	6
Tomaševec	46.02737	15.76263	07	146
Tomaševec Bisački	45.99428	16.29596	20	155
Tomaševec Biškupečki	46.24865	16.35201	16	339
Tomaševići	43.71389	16.73528	15	0
Tomaševići	44.71861	15.38306	08	0
Tomaševići	45.09722	16.37306	14	0
Tomaši	45.21667	15.75667	05	0
Tomašica	45.61028	17.00583	01	308
Tomašići	45.37935	15.3472	05	62
Tomašnica	45.53505	15.46628	05	138
Tomašovići	43.47028	17.23306	15	0
Tomci	44.74111	15.27306	08	0
Tomica	45.19611	18.04306	02	405
Tomingaj	44.34705	15.84091	19	21
Tominovac	45.3875	17.82917	11	130
Tomislavovac	42.86417	17.52222	03	147
Tomić	44.68056	14.7575	08	0
Tomić Draga	45.44384	15.00245	12	12
Tomići	43.50861	16.71694	15	0
Tomići	44.30583	15.45222	19	0
Tomići	45.1475	15.03556	05	0
Tomići	45.33167	15.58861	05	0
Tomićini	45.19	13.83028	04	0
Tomišići	45.11889	13.89694	04	132
Tomljenovići	44.58889	15.23056	08	0
Tompojevci	45.23333	19.09194	18	227
Tomčeva Draga	44.75139	15.24944	08	0
Tonkovac	44.12444	15.91278	13	0
Tonkovići	44.80972	15.35972	08	0
Tončići	45.29056	13.96667	04	0
Tončići	45.46542	15.40652	05	55
Topalušići	43.50389	17.13278	15	0
Topid	45.08662	14.06747	04	140
Topići	43.43306	17.24889	15	0
Toplice	45.70587	15.57107	20	70
Toplice Sveti Martin	46.49722	16.33637	09	56
Topličica	46.15387	16.20708	07	138
Topličica	46.16129	16.28669	16	195
Topola	43.67278	16.84472	15	0
Topola	45.00528	18.76528	18	0
Topolik	45.45556	18.78306	10	0
Topolik	45.6	18.65	10	0
Topoline	45.56092	18.37634	10	121
Topolje	44.04333	16.22806	13	0
Topolje	45.65251	16.34514	20	102
Topolje	45.67583	18.47528	10	395
Topolje	45.86611	18.73389	10	287
Topolo	42.90972	17.70472	03	92
Topolovac	45.46056	16.43583	14	742
Topolovac Vrbovečki	45.9	16.4	20	131
Topolovec Pisarovinski	45.58333	15.86667	20	53
Topolovica	45.43388	15.04495	12	2
Topolovica	45.78083	17.22667	01	20
Topusko	45.29306	15.97222	14	878
Tor	42.73028	17.8675	03	0
Torac	43.11403	16.94795	15	0
Toranj	45.48393	17.11143	11	72
Toranj Požeški	45.41333	17.59361	11	137
Torbice	44.00833	15.91833	13	0
Torbički Vagan	44.25778	16.16972	19	0
Tordinci	45.37028	18.795	18	594
Torine	44.74556	15.48639	08	0
Torjanci	45.75861	18.36611	10	244
Torlaci	44.08639	16.20306	13	0
Torovi	45.39806	16.92417	14	0
Torčec	46.22333	16.88472	06	496
Totovec	46.34	16.44222	09	491
Tounj	45.25145	15.3255	05	323
Tovarlaži	45.17611	16.14194	14	0
Tovarnik	45.165	19.15194	18	1385
Tovrnele	44.69139	14.73833	08	0
Točak	44.30389	15.96389	19	0
Točak	45.27865	15.55355	05	57
Točak Perjasički	45.28333	15.44275	05	2
Točionik	42.8725	17.81167	03	16
Tošići	43.96028	15.84472	13	0
Trakošćan	46.25833	15.94861	16	19
Trapari	45.33889	17.79583	11	136
Travice	44.14583	15.97333	13	0
Travice	44.46056	15.52417	08	0
Trbojević	44.28833	15.94	19	0
Trbounje	43.88404	16.11282	13	181
Trbovići	45.00472	15.595	05	0
Trbovići	45.15	15.08333	05	0
Trboši	45.07333	15.73306	05	0
Trebež	45.3505	16.79317	14	39
Trebovec	45.71667	16.31667	20	323
Trema	45.98456	16.60034	06	584
Trema	46.01111	16.61028	06	0
Tremušnjak	45.3026	16.30792	14	16
Trenkovo	45.40278	17.66333	11	672
Trepča	45.47048	15.91447	14	5
Treštanovci	45.37722	17.73611	11	176
Trešćerovac	45.60786	15.52953	05	18
Trg	45.61692	15.50222	05	169
Trget	45.0225	14.05611	04	31
Trgetari	45.01639	14.065	04	49
Trgovi	45.10806	16.28111	14	83
Trgovišće	46.10734	16.21797	07	55
Tri Žala	42.96425	17.09177	03	0
Tribalj	45.22139	14.67861	12	596
Triban	45.40444	13.69278	04	99
Tribanj	44.35167	15.31833	19	232
Tribić	43.23194	17.16944	15	0
Tribotinj	45.17472	14.83278	12	0
Tribulje	45.13815	14.5849	12	55
Tribunj	43.75547	15.74444	13	1594
Trilj	43.61833	16.72417	15	1906
Tripari	45.23198	13.76153	04	19
Tripkovići	42.43444	18.49	03	0
Trivanovići	45.02111	16.275	14	0
Trivići	44.07139	16.0425	13	0
Trišnjevo	43.55833	16.68306	15	0
Trklje	43.08583	17.48861	03	0
Trkulje	45.37889	15.64556	05	0
Trkulji	44.43556	15.61361	08	0
Trn	43.00111	17.48833	03	131
Trnakovac	45.32389	17.20389	02	84
Trnava	45.26139	18.25306	10	524
Trnava	45.26757	17.28126	02	150
Trnava Cabunska	45.73751	17.52451	17	33
Trnava Poljana	44.51528	15.87056	08	0
Trnavac	44.75334	15.56436	08	4
Trnačani	45.23722	17.5225	02	0
Trnbusi	43.49705	16.78275	15	176
Trnjani	45.1875	18.14222	02	697
Trnje	45.76059	16.14332	20	48
Trnova	42.81056	17.865	03	27
Trnova	43.15139	17.36194	03	0
Trnovac	44.52639	15.27722	08	41
Trnovac	44.5875	16.00222	08	0
Trnovac	44.84361	14.91639	08	0
Trnovac	46.05732	16.6998	06	89
Trnovac Glinski	45.23417	16.2175	14	16
Trnovac Požeški	45.42056	17.65167	11	315
Trnovec	46.38583	16.31194	09	346
Trnovec Bartolovečki	46.29472	16.39889	16	3750
Trnovec Desinićki	46.15697	15.67766	07	111
Trnovi	45.08583	15.70861	05	0
Trnovi	45.22917	16.13972	14	0
Trnovica	42.88972	17.8375	03	27
Trnovica	45.3949	14.42494	12	49
Trnovice	44.21417	15.85944	19	0
Trnovitički Popovac	45.65083	16.86472	01	309
Trnovo	43.01389	17.56139	03	0
Trnovo	45.40007	15.39691	05	10
Trogir	43.5125	16.25167	15	10107
Trojavina	42.97056	17.61139	03	0
Trojeglava	45.53639	17.11333	01	220
Trojeglava	45.68538	17.24678	01	85
Trojvrh	45.12612	15.32282	05	15
Trokut	45.39139	17.04667	14	0
Trolokve	43.63775	16.24552	15	101
Trolokve	44.57833	15	08	0
Trolokve	44.77611	15.14556	08	0
Trombal	45.34257	13.76952	04	0
Tropeti	45.59725	14.64014	12	9
Trošelji	44.38194	15.29	08	0
Trošmarija	45.32548	15.27237	05	91
Trpanj	43.0075	17.275	03	594
Trpinja	45.41917	18.89917	18	1130
Trsat	45.3313	14.45685	12	0
Trstenik	42.91833	17.39778	03	115
Trstenik	45.44861	14.05889	04	0
Trstenik	45.48417	14.46056	12	0
Trstenik Nartski	45.77647	16.17702	20	492
Trstenik Pušćanski	45.89771	15.75379	20	335
Trsteno	42.71498	17.97732	03	215
Trsteno	46.09147	15.76513	07	124
Trtica	44.35889	15.90139	19	0
Trtice	44.82389	15.49639	08	0
Trtnik Glinski	45.3279	16.16876	14	16
Trupinjak	45.2683	15.63156	05	0
Trutini	43.39278	17.18167	15	0
Trviž	45.26472	13.875	04	416
Trševina	43.09556	17.57222	03	0
Trški Lazi	45.45838	14.9012	12	0
Trški Vrh	46.16466	15.8822	07	400
Tršće	45.56528	14.63	12	280
Tržačka Raštela	44.97556	15.78389	05	0
Tržić	45.71394	15.72976	20	101
Tržić Primišljanski	45.21147	15.50521	05	9
Tržić Tounjski	45.20914	15.40864	05	4
Tucilača	45.51111	16.70222	14	0
Tudorovica	42.97026	16.68217	03	0
Tugare	43.47266	16.65061	15	875
Tugonica	46.02972	16.10167	07	517
Tuhelj	46.07694	15.74722	07	195
Tuheljske Toplice	46.06653	15.78671	07	338
Tuhovec	46.20897	16.45098	16	577
Tuk	44.67778	15.60528	08	0
Tuk	44.68389	15.64583	08	0
Tuk	44.98861	15.4725	05	0
Tuk	45.37839	15.10625	12	47
Tuk	45.92282	16.71981	01	288
Tuk Bjelopoljski	44.70361	15.72389	08	17
Tuk Mrkopaljski	45.30258	14.87745	12	1
Tuk Vojni	45.29679	14.88183	12	21
Tukići	43.55333	16.65306	15	0
Tulić	44.46389	15.94139	19	0
Tuliševica	45.27944	14.25472	12	192
Tulnik	45.31944	17.89167	11	16
Tumbasi	45.23806	15.61	05	0
Tunjica	42.87472	17.76278	03	0
Tupale	44.82028	15.31944	08	0
Tupkovec	46.45666	16.30882	09	83
Tupljak	45.21087	14.09451	04	222
Tupčina	45.71049	15.43187	20	32
Turan	45.34778	14.35583	12	0
Turan	45.46667	15.58333	05	0
Turanj	43.97111	15.41139	19	1121
Turanovac	45.89361	17.39556	17	563
Turine	44.94639	14.93139	08	0
Turića Staje	43.2725	17.28194	15	0
Turići	43.245	17.29306	15	0
Turići	43.33583	17.10972	15	0
Turići	43.97722	16.29278	13	0
Turjaci	43.65	16.66917	15	1014
Turjanski	44.78623	15.51504	08	26
Turkalj	44.9725	15.59528	05	0
Turkalji	45.01528	15.65944	05	0
Turkalji	45.12	15.29472	05	0
Turke	45.51444	14.75222	12	19
Turkija	44.09111	15.15389	19	0
Turkovići Ogulinski	45.28333	15.16667	05	202
Turkovšćina	46.04361	16.24722	20	296
Turnašica	45.88556	17.21639	17	268
Turnić	45.38028	17.70611	11	61
Turnišće	46.06222	16.14861	07	199
Turnišće Desinićko	46.14133	15.67607	07	98
Turnišće Klanječko	46.00557	15.78344	07	49
Turnovo	46.10998	15.70144	07	16
Turopolje	45.64811	16.13977	20	776
Turčević Polje	45.70562	17.33263	01	15
Turčin	46.25947	16.35911	16	803
Turčić	45.11028	14.5127	12	17
Turčišće	46.41585	16.59605	09	467
Tusti Vrh	45.44022	14.91051	12	16
Tutek	45.53056	18.71361	10	0
Tutići	43.515	16.93806	15	0
Tučari	44.7325	15.52083	08	0
Tučenik	45.93971	16.52877	20	75
Tučepi	43.27222	17.05444	15	1819
Tučki Kapelski	45.59444	15.54139	05	0
Tušice	44.45722	15.68639	08	0
Tušilović	45.39694	15.61667	05	532
Tušići	42.51278	18.38444	03	0
Tuškani	45.56507	15.55256	05	239
Tuštevac	42.98722	17.51167	03	47
Tuževac	44.90139	14.99222	08	0
Tužević	45.05	15.06667	08	0
Tužibeli	43.085	17.62389	03	0
Tužno	46.25667	16.235	16	910
Tvrda Reka	46.00959	16.80169	01	23
Tvrdni Dolac	43.11395	16.95122	15	0
Tvrđa	45.56611	18.70417	10	0
Tvrđavica	45.57139	18.67583	10	563
Ubasico	45.03139	14.05472	04	0
Ubli	42.73972	16.83	03	206
Ubovići	44.00972	16.22361	13	0
Ubovići	44.39528	15.92222	19	0
Udbina	44.53056	15.76556	08	738
Udbinja	45.43028	15.73833	05	0
Udbinja	45.43915	15.7328	05	41
Udetin	45.12972	16.32306	14	28
Udiljci	43.52194	17.01472	15	0
Udovičić	43.66639	16.74944	15	0
Udovičići	43.66743	16.7482	15	398
Udrazi	43.7825	15.86389	13	0
Ugarci	45.37333	17.59944	11	43
Ugarkov stan	44.5675	15.52694	08	0
Ugarkovići	44.73083	15.42694	08	0
Ugarkovići	45.10472	15.66556	05	0
Uglja	45.535	18.53278	10	0
Ugljan	44.13083	15.10306	19	1024
Ugljane	43.56528	16.78694	15	0
Ugljane	43.57253	16.75932	15	336
Ugljane	43.57278	16.75778	15	398
Uglješ	45.66278	18.66194	10	385
Ugrice	44.33417	16.1375	19	0
Ugrinići	43.93139	15.39917	19	86
Ujevići	43.43472	17.11472	15	0
Ukalović	44.16306	15.39639	19	0
Ukići	43.6425	16.12361	13	0
Ukotići	45.32444	13.91222	04	0
Uljanik	45.53028	17.01833	01	230
Uljanički Brijeg	45.52229	17.05082	01	14
Umag	45.43139	13.52389	04	6751
Umetić	45.28986	16.44104	14	68
Umljane	43.37889	17.22722	15	0
Umljanović	43.79303	16.28809	13	100
Umol	45.36489	15.30227	05	28
Umčani	43.16528	17.38694	15	189
Unešić	43.74056	16.18972	13	265
Unije	44.63472	14.24778	12	66
Unčani	45.12833	16.41028	14	135
Uremovic	44.68889	15.42417	08	0
Uremovići	44.70278	15.40583	08	0
Urija	44.59806	15.42306	08	0
Urinj	45.285	14.53194	12	0
Urukali	43.98306	16.23056	13	0
Urukalovići	44.11611	15.92778	13	0
Uskoci	45.14833	17.22861	02	71
Uskoplje	42.57806	18.26452	03	136
Usorci	43.11333	17.40778	03	0
Ustrine	44.74694	14.40389	12	21
Utinja	45.40256	15.7232	05	2
Utinja Vrelo	45.37746	15.74453	05	10
Utiskani	45.8	16.81667	01	143
Utješenovići	45.19361	16.14472	14	0
Utolica	45.24778	16.64889	14	43
Uvalica	44.82083	15.62528	08	0
Uvodić	43.54889	16.53806	15	0
Uzdolje	43.94	16.19111	13	162
Uzelac	44.00333	15.71111	19	0
Uzelac	44.0375	15.76278	19	0
Uzelci	44.46583	15.42389	08	0
Uzelci	44.47611	15.18389	08	0
Uzelci	44.58167	15.74167	08	0
Uzelci	44.59417	15.2275	08	0
Uzelci	44.71444	15.33139	08	0
Uzelci	44.84556	15.41472	08	0
Uzelci	44.86333	15.31056	08	0
Ušićovi Dvori	44.88056	13.96278	04	0
Ušljebrka	44.1425	15.82889	19	0
Uštica	45.26278	16.90722	14	118
Užlejebić	44.70583	15.93028	08	0
Vabriga	45.29167	13.61333	04	464
Vadalj	43.57111	15.99056	13	90
Vadediji	45.1291	13.88548	04	58
Vadina	45.97725	15.81064	20	169
Vadreš	45.08069	13.9907	04	56
Vagan	44.40917	15.7	08	0
Vagan	44.4925	15.95639	19	0
Vagan Popinski	44.26611	16.03	19	0
Vaganac	44.65111	15.265	08	0
Vaganac	44.65231	15.26322	08	25
Vagovina	45.78153	16.66815	01	333
Vajin Vrh	45.15713	15.33585	05	17
Vala	43.87361	15.22778	13	0
Valbandon	44.91879	13.81344	04	1675
Valbonaša	44.84096	13.87187	04	51
Valdebek	44.85222	13.87611	04	0
Valenovac	45.5	17.96667	10	138
Valentinovo	46.14583	15.78667	07	151
Valentići	45.09333	15.735	05	0
Valentići	45.30405	13.68162	04	75
Valetić	45.96148	16.33352	20	41
Valhova	44.99806	14.09972	04	0
Valica	45.467	13.57177	04	0
Valica	45.4675	13.57389	04	252
Validžići	43.92389	16.04583	13	0
Validžići	44.00389	16.40667	13	0
Valići	45.37424	14.44091	12	0
Valkarin	45.20417	13.64389	04	52
Valpovo	45.66083	18.41861	10	6332
Valtura	44.90528	13.95778	04	773
Valun	44.90333	14.35806	12	64
Vanjići	45.08194	16.3375	14	50
Vantačići	45.11556	14.50319	12	186
Varaci	43.58611	16.60944	15	0
Varaštovac	45.67446	15.40228	05	7
Varaždin	46.30444	16.33778	16	36187
Varaždin Breg	46.23227	16.38454	16	1661
Varaždinske Toplice	46.20917	16.41917	16	1606
Vardarac	45.6275	18.77056	10	504
Vardica	45.43472	13.59246	04	68
Vardići	43.77111	16.59028	15	0
Vardići	44.90889	15.13222	08	0
Varivode	43.96028	15.87667	13	61
Varićaci	44.72389	15.70722	08	0
Varičaci	44.77083	15.63917	08	0
Varljeni	45.40333	14.30694	12	0
Varoš	44.66417	15.38167	08	76
Varoš	44.98139	15.46944	05	0
Varoš	45.14028	15.59722	05	0
Varoš Bosiljevski	45.41182	15.28138	05	15
Varoš Lovrečka	45.9092	16.42006	20	143
Varoš Simići	44.2	15.81667	19	0
Varoš Simići	44.22222	15.75	19	0
Varvodići	43.62556	16.50139	15	0
Varvodići	43.65861	16.85528	15	0
Vatasi	42.52361	18.42167	03	0
Vaćani	43.89731	15.86589	13	105
Vaška	45.815	17.66333	17	242
Važminež	45.13686	14.34276	12	0
Vedašić	44.67694	15.7725	08	2
Vedovica	45.95	16.46667	17	0
Vedrine	43.62278	16.74417	15	815
Vedrine	44.42722	15.51639	08	0
Vedro Polje	44.51722	15.35861	08	0
Vedro Polje	45.34778	16.57444	14	95
Vegari	43.23111	17.32778	15	0
Vejaki	45.29542	13.77318	04	17
Vejini	44.38139	16.03194	19	0
Vekići	43.29194	17.20722	15	0
Vekići	43.2925	17.27694	15	0
Vekovići	42.95333	17.40611	03	0
Vela Lozna	43.37194	16.65985	15	0
Vela Luka	42.96333	16.7225	03	3772
Vela Prapratna	42.99121	17.32568	03	0
Vela Stiniva	43.15597	16.81449	15	0
Vela Traba	45.24778	13.87083	04	245
Vela Učka	45.30194	14.19972	12	41
Vele Drage	45.46886	14.99918	12	20
Vele Mune	45.45889	14.16722	12	119
Vele Srakane	44.57667	14.31472	12	4
Velebit	44.89083	18.87694	18	0
Veleniki	45.22944	13.65306	04	116
Veleševec	45.65	16.26667	20	369
Veleškovec	46.05009	16.11693	07	247
Veli Brgud	45.42222	14.27083	12	533
Veli Dol	45.25444	14.62222	12	161
Veli Godinj	43.30389	17.16333	15	0
Veli Golji	45.10989	14.0748	04	63
Veli Iž	44.05083	15.10667	19	323
Veli Ježenj	45.2225	13.86139	04	147
Veli Lošinj	44.51729	14.50479	12	857
Veli Maj	45.2525	13.60917	04	0
Veli Mlun	45.39917	13.92778	04	68
Veli Rat	44.13972	14.85222	19	91
Veli Turini	45.1	14.03639	04	39
Veli Vrh	44.8925	13.85028	04	0
Velika	45.45444	17.66139	11	1650
Velika Babina Gora	45.71722	17.44194	01	31
Velika Barna	45.73494	17.13981	01	246
Velika Brajinska	46.07111	16.6925	06	25
Velika Branjevina	45.48806	18.52861	10	0
Velika Bršljanica	45.58308	16.85181	01	155
Velika Buna	45.63444	16.05781	20	836
Velika Crkvina	45.30472	15.53664	05	25
Velika Dapčevica	45.72144	17.27693	01	30
Velika Erpenja	46.06543	15.80924	07	83
Velika Glava	43.85908	15.91793	13	40
Velika Gora	46.17489	15.70257	07	65
Velika Gorica	45.7125	16.07556	20	30036
Velika Gradusa	45.33139	16.42944	14	48
Velika Gudura	44.3025	15.76944	08	0
Velika Horvatska	46.1	15.73333	07	234
Velika Hrastilnica	45.64609	16.47417	20	122
Velika Jamnička	45.605	15.84667	20	199
Velika Jasenovača	45.73333	17.1	01	35
Velika Jazbina	45.82998	15.68828	20	264
Velika Klisa	45.69125	17.47104	01	0
Velika Kopanica	45.15611	18.39306	02	1412
Velika Kosnica	45.76094	16.08081	20	738
Velika Lešnica	45.44089	14.84239	12	4
Velika Ludina	45.60657	16.58881	14	697
Velika Milešina	43.76142	16.43795	15	24
Velika Mlaka	45.38028	18.77028	18	55
Velika Mlaka	45.73639	16.03111	20	3395
Velika Mlinska	45.66056	16.92444	01	92
Velika Mučna	46.12139	16.74806	06	293
Velika Njiva	43.53917	16.72917	15	0
Velika Ostrna	45.78752	16.28139	20	1136
Velika Paka	45.57726	15.30217	05	46
Velika Peratovica	45.76556	17.26083	01	17
Velika Petrovagorska	46.15042	16.01426	07	224
Velika Pisanica	45.8016	17.06551	01	830
Velika Plana	44.65667	15.14972	08	40
Velika Polača	44.02111	16.32583	13	0
Velika Popina	44.28694	16.03083	19	42
Velika Rakovica	45.78287	15.72359	20	507
Velika Rasinjica	46.18653	16.61047	06	16
Velika Rudinka	44.77306	15.18667	08	0
Velika Solina	45.38832	16.05497	14	33
Velika Trapinska	45.74543	17.47843	17	8
Velika Trnava	45.68333	17.03333	01	247
Velika Trnovitica	45.6825	16.95389	01	486
Velika Ves	46.12644	15.89297	07	722
Velika Voda	45.40472	14.7025	12	0
Velika Vranovina	45.2764	15.97481	14	124
Velika Čista	43.89611	15.76722	13	405
Velika Črešnjevica	45.90667	17.18083	17	385
Velike Brisnice	44.78306	14.92528	08	0
Velike Ivanča	44.77889	14.90611	08	0
Velike Kuknjare	43.45	16.08333	15	0
Velike Sesvete	46.05245	16.67529	06	62
Velike Sredice	45.88333	16.81667	01	0
Veliki Banovac	45.49056	17.15593	11	138
Veliki Bastaji	45.64528	17.32833	01	532
Veliki Bilač	45.32222	17.92694	11	27
Veliki Botinovac	46.12246	16.65553	06	70
Veliki Brezovec	45.93118	16.46672	20	161
Veliki Broćanac	43.60444	16.44846	15	184
Veliki Budići	45.48184	17.41477	11	3
Veliki Bukovec	46.08066	16.02061	07	292
Veliki Bukovec	46.29444	16.71306	16	660
Veliki Didovići	43.64389	16.63694	15	0
Veliki Drvenik	43.45	16.15	15	170
Veliki Duboki	44.70194	15.47444	08	0
Veliki Erjavec	45.58333	15.43333	05	11
Veliki Gorenec	46.22442	15.9637	16	36
Veliki Grabičani	46.14694	16.65195	06	65
Veliki Gradac	45.28432	16.26094	14	80
Veliki Grđevac	45.75028	17.0475	01	1054
Veliki Jadrč	45.39741	15.19357	12	49
Veliki Komor	46.10567	16.00905	07	326
Veliki Kozinac	45.35557	15.52634	05	14
Veliki Ledenik	44.34306	15.38444	19	0
Veliki Lipovec	45.76667	15.63333	20	72
Veliki Lovrečan	46.37764	16.07974	16	312
Veliki Miletinac	45.68333	17.33333	01	50
Veliki Mičilo	44.32806	15.51694	19	0
Veliki Modrušpotok	45.50582	15.39444	05	18
Veliki Nebriževac	43.43194	17.17278	15	0
Veliki Obljaj	45.21828	16.03164	14	9
Veliki Otok	46.28598	16.81631	06	242
Veliki Pašijan	45.63234	16.92913	01	300
Veliki Poganac	46.14806	16.61722	06	165
Veliki Pomoćin	45.47778	18.55944	10	0
Veliki Potočec	46.04778	16.56972	06	360
Veliki Prokop	45.63458	16.84115	01	25
Veliki Prolog	43.17806	17.42972	15	317
Veliki Rastovac	45.65523	17.97443	17	193
Veliki Raven	45.98972	16.47639	06	234
Veliki Vareški	44.93944	13.99083	04	16
Veliki Vrh	45.71902	15.48078	20	6
Veliki Vrh Kamanjski	45.63298	15.41073	05	49
Veliki Zdenci	45.6654	17.09113	01	727
Veliki Čukur	45.23083	16.50694	14	66
Veliki Šušnjar	45.3175	16.25236	14	65
Veliki Žitnik	44.59333	15.34	08	34
Veliko Brdo	43.31972	17.01972	15	492
Veliko Brdo	45.56667	16.65	14	0
Veliko Grablje	43.17222	16.52556	15	20
Veliko Kamensko	44.64	15.88167	08	0
Veliko Korenovo	45.86033	16.80764	01	461
Veliko Krčevo	45.28678	16.51829	14	48
Veliko Polje	45.73682	16.01584	21	2122
Veliko Polje	45.92857	17.48805	17	202
Veliko Selce	45.4295	14.91373	12	70
Veliko Seoce	44.67611	15.96139	08	0
Veliko Svinjičko	45.46667	16.56722	14	226
Veliko Trgovišće	46	15.85	07	1193
Veliko Trojstvo	45.93556	16.93417	01	1075
Veliko Vukovje	45.52	16.88722	01	251
Veliko Vukovje	45.52055	16.88599	01	187
Velilošini	44.51861	14.50111	12	0
Velim	43.34722	17.25056	15	0
Velim	43.8889	15.72298	19	125
Velimirovac	45.52361	18.10944	10	946
Velinci	46.09899	15.68657	07	90
Velić	43.62171	16.80006	15	266
Velići	45.30694	13.75519	04	45
Veliškovci	45.69111	18.32167	10	561
Veljaki	45.17305	14.11646	04	116
Velji Do	42.59806	18.245	03	0
Velji Vrh	42.73472	17.86056	03	0
Velji Vrh	43.00528	17.23306	03	0
Velji Zrnići	45.11611	15.12361	05	0
Veljun	44.52167	15.80833	08	0
Veljun	45.00611	14.95972	08	57
Veljun	45.25167	15.55306	05	90
Veljunski Ponorac	45.25352	15.60004	05	11
Velovići	45.31361	13.62861	04	0
Velušić	43.91667	16.15	13	78
Venac Mrežnički	45.41552	15.45617	05	131
Vendelovo	45.41722	18.71111	10	0
Venje	45.43028	17.84389	11	86
Veprinac	45.3355	14.27562	12	1008
Vera	45.45778	18.89139	18	346
Veraje	43.02361	17.67111	03	0
Veroći	43.59083	16.88722	15	0
Veruda	44.85	13.83333	04	0
Verunić	44.14472	14.85833	19	54
Veržic	44.22028	15.39722	19	0
Ves Lepoglavski	46.21278	16.0625	16	0
Vesela	45.30554	17.78858	11	110
Veselinović	44.21556	15.825	19	0
Veselinovići	44.13917	15.73722	19	0
Veselići	45.54233	15.37348	05	35
Veternica	46.15845	15.97436	07	125
Veternička Velika	46.14728	16.01043	07	247
Vetma	43.56167	16.53556	15	0
Vetovo	45.41611	17.79444	11	757
Vezac	43.58263	16.0021	13	73
Vezišće	45.61667	16.53333	20	220
Većeslavec	46.04361	16.69472	06	95
Vicani	43.48056	17.25444	15	0
Vicani	45.09917	14.15472	04	0
Vid	43.08028	17.62583	03	690
Vid	43.09778	17.59222	03	0
Vidalici	44.53742	14.95302	08	23
Videkić Selo	45.06694	15.63806	05	14
Videkići	43.56972	16.68306	15	0
Vidic	44.09083	15.63222	19	0
Vidići	43.72778	16.58722	15	0
Vidići	43.72972	16.61778	15	0
Vidišice	43.65528	16.61056	15	0
Vidonje	42.98306	17.64417	03	2
Vidonje	43.08028	17.46722	03	1
Vidovac	44.52556	15.09111	08	58
Vidovci	45.3325	17.71472	11	1264
Vidovec	46.28333	16.24111	16	769
Vidovec Krapinski	46.13333	15.86667	07	183
Vidovec Petrovski	46.13333	15.85	07	66
Vidović	44.83556	14.34833	12	4
Vidovići	43.19833	17.39556	15	0
Vidoši	43.46806	17.275	15	0
Vidrenjak	45.61083	16.57444	14	481
Viduk	44.13722	15.57806	19	0
Vidulini	45.14043	13.84969	04	49
Viganj	42.98627	17.09516	03	236
Vignje	42.53361	18.31806	03	0
Viguzico	44.11778	15.50444	19	0
Vijenac	44.53028	15.85667	08	0
Vijenac Barilovićki	45.3622	15.45359	05	47
Vilanci	46.06108	15.80247	07	116
Vilanija	45.43523	13.57787	04	284
Vilenjak	45.22056	16.0975	14	0
Vilensko Brdo	45.12639	16.29778	14	0
Viletinec	46.22966	16.01236	16	150
Vilin Križ	45.21778	15.72806	05	0
Vilić Selo	45.35667	17.54917	11	120
Viljevo	45.75139	18.06306	10	987
Vina	43.18083	17.38361	15	115
Vinagora	46.16572	15.69648	07	32
Vinalić	43.92791	16.43866	15	137
Vinarec	46.10361	16.43806	06	158
Vinež	45.09806	14.10694	04	1172
Vini Vrh	45.60505	15.43605	05	2
Vinica	46.33611	16.14944	16	965
Vinica Breg	46.34159	16.11109	16	250
Vinine	43.56801	16.7908	15	16
Vinipotok	46.14865	16.05496	07	311
Vinično	46.07761	16.3004	16	255
Viniština	44.36889	15.29389	19	0
Vinišće	43.48972	16.11306	15	660
Vinjerac	44.25444	15.46611	19	173
Vinkovac	45.98144	16.35231	20	121
Vinkovački Banovci	45.17944	19.04444	18	117
Vinkovačko	45.28833	18.72194	18	0
Vinkovačko Novo Selo	45.28889	18.77056	18	0
Vinkovci	45.28833	18.80472	18	28111
Vinkuran	44.83611	13.86222	04	652
Vinodarska	44.61209	14.38355	12	0
Vinogradci	45.66556	18.36194	10	211
Vinogradi Ludbreški	46.23453	16.62905	16	679
Vinovac	43.59234	16.05516	15	68
Vinski Vrh	45.50284	15.4233	05	99
Vinterovec	45.99016	15.99391	07	44
Vintijan	44.84611	13.85944	04	186
Vinčazovići	45.23333	17.87417	02	0
Vinčići	43.85361	16.53417	15	0
Vir	44.30306	15.08528	19	3045
Virak	43.15153	16.95751	15	0
Virić	43.68639	16.72361	15	0
Virje	46.06722	16.99	06	2811
Virje Križovljansko	46.38361	16.14222	16	263
Virovitica	45.83448	17.38555	17	13486
Vis	43.06194	16.18306	15	1582
Visak	43.50222	16.60139	15	0
Visić Radeka	44.13528	15.63139	19	0
Viskovci-Požeški	45.32278	17.76694	11	160
Viskovići	44.98833	14.11306	04	129
Visoka	43.13639	16.94	15	0
Visoka	43.68947	16.21479	13	25
Visoka Greda	45.20056	17.33139	02	167
Visoko	46.09028	16.325	16	454
Visovac	43.85917	15.96361	13	0
Visovi	45.98023	16.8177	01	46
Visočane	44.20583	15.34694	19	350
Visočani	42.85417	17.79611	03	102
Visoče	45.71876	15.40036	20	15
Visuć	44.52778	15.8275	08	25
Vitaljina	42.44011	18.48255	03	153
Vitane	43.89656	15.41598	19	0
Vitasi	44.44944	15.47167	08	0
Viterinci	44.03917	15.44528	19	0
Vitešinec	46.2118	16.13791	16	86
Vitić	43.74306	16.70889	15	0
Vitunj	45.28914	15.14372	05	77
Vivodina	45.67485	15.39773	05	75
Vivoze	44.85917	15.23028	08	0
Viča Sela	46.04976	15.86249	07	193
Vičići	44.75944	14.90028	08	0
Vičići	44.9725	15.24389	08	0
Viškovci	45.345	18.46222	10	920
Viškovića Vala	43.12444	17.30028	15	0
Viškovo	45.37572	14.384	12	3602
Višnjan - Visignano	45.27639	13.72083	04	664
Višnjevac	45.56861	18.61389	10	5870
Višnjevac	45.97323	16.92221	01	89
Višnjevec	46.15491	15.72098	07	142
Višnjevec Podvrški	45.7982	15.60843	20	30
Višnjica	45.77409	17.62309	17	3
Višnjići	42.4625	18.45833	03	0
Višći Vrh	45.76667	15.48333	20	4
Vižanovec	46.1096	16.14658	07	111
Vižinada	45.32944	13.75861	04	269
Vižintini	45.39125	13.85772	04	24
Vižintini Vrhi	45.38069	13.79176	04	13
Vižovlje	46.0186	15.82091	07	233
Vladimirovac	45.85641	17.58521	17	34
Vladislavci	45.45944	18.57417	10	919
Vladisovo	45.25944	17.53528	02	7
Vladići	45.24167	16.115	14	0
Vladović	43.5875	16.65306	15	0
Vladovići	43.57639	16.63417	15	0
Vladovići	43.59722	16.67222	15	0
Vlahović	45.31449	16.19625	14	43
Vlahutini	42.57556	18.27722	03	0
Vlaisavljevići	44.75778	15.55917	08	0
Vlaistav	46.10677	16.90608	06	168
Vlajinici	45.25194	15.70389	05	0
Vlajisavljevići	44.66972	15.67167	08	0
Vlaka	42.99917	17.52417	03	268
Vlaka	43.16389	16.36417	15	41
Vlaka	43.24361	17.22111	15	25
Vlaka	43.78556	16.74	15	0
Vlaka	44.74917	14.90667	08	0
Vlake	43.29306	17.31333	15	0
Vlake	43.69639	16.85917	15	0
Vlatkovac	45.35403	18.07148	11	64
Vlašić Brdo	45.70572	15.48992	20	0
Vlašići	43.54306	16.75861	15	0
Vlašići	44.32722	15.2075	19	212
Vlaškovec	45.72724	15.67305	20	94
Vlašković	45.81778	18.71944	10	0
Vlašnović	44.11028	15.43278	19	0
Vodanovići	43.37417	17.25889	15	0
Vode	45.52921	14.63533	12	32
Vodena Draga	45.42542	15.36973	05	27
Vodenjak	43.29417	17.18778	15	0
Vodenjak	45.39389	14.83639	12	0
Vodica	45.25806	18.86722	18	0
Vodice	43.0975	17.35028	15	0
Vodice	43.76083	15.78278	13	6592
Vodice	45.00528	14.39694	12	5
Vodice	45.48306	14.05333	04	9
Vodnjan	44.95944	13.85167	04	3133
Vodostaj	45.50556	15.58	05	298
Vodoteč	45.04384	15.08449	08	33
Vodovada	42.515	18.42528	03	0
Vodovođa	42.51639	18.42194	03	190
Vojakovac	46.07335	16.59246	06	207
Vojevodić	44.08	15.58722	19	0
Vojinovići	44.50167	15.36333	08	0
Vojišnica	45.33837	15.72296	05	314
Vojkovići	43.62	16.62444	15	0
Vojkovići	43.72	16.73167	15	0
Vojlovica	45.59594	17.82835	17	16
Vojnić	45.32361	15.69861	05	1099
Vojnić Sinjski	43.61417	16.68889	15	433
Vojnić-Breg	46.10197	15.95166	07	120
Vojnovac	45.14547	15.3341	05	74
Vojnovec Kalnički	46.12008	16.42355	06	112
Vojnovec Loborski	46.15244	16.0371	07	324
Vojnović Brdo	45.27348	15.62459	05	5
Vojnović Draga	44.44889	15.96611	19	0
Vojnovići	44.10917	16.23139	13	0
Vojnovići	45.24722	15.87556	14	0
Vojsak	46.17396	15.78118	07	107
Vojvodinec	46.23698	16.73922	06	55
Vojvodići	44.38167	16.11861	19	0
Vojvodići	44.46	15.93722	19	0
Vojvodići	44.53861	15.99889	08	0
Volarica	44.38472	15.68972	08	0
Volarice	44.55111	15.47028	08	86
Volarice	44.89	14.95056	08	66
Volavec	45.96676	16.02789	07	18
Volavje	45.65556	15.61083	20	374
Volinja	45.19607	16.47666	14	43
Volinjski Jarak	45.19833	16.47306	14	0
Voljavec Riječki	46.07629	16.42759	06	25
Voloder	43.53444	16.77083	15	0
Voloder	45.54806	16.67889	14	1574
Voloderi	43.59472	16.92417	15	0
Voluja	43.48306	16.08278	15	0
Vorkapić	45.26933	15.92786	14	10
Vorkapići	45.12583	15.36111	05	0
Vozilići	45.15667	14.16583	04	224
Voćarica	45.32028	17.04556	14	146
Voćin	45.61778	17.54778	17	956
Voćnjak	44.84083	15.41639	08	0
Vođinci	45.27556	18.60972	18	1634
Voštane	43.66139	16.90167	15	26
Vošteni	45.17417	13.77639	04	49
Vrabač	43.65639	16.75389	15	219
Vrajtovići	45.14778	16.08278	14	0
Vran Dolac	43.59861	16.88389	15	0
Vrana	43.95639	15.56194	19	778
Vrana	44.823	14.44221	12	7
Vraneševci	45.75	17.8	17	113
Vranik	44.43056	15.69278	08	8
Vranići	43.53583	17.04722	15	0
Vranići	44.99389	15.10917	08	0
Vranići	45.22722	15.72972	05	0
Vranići	45.24556	13.61667	04	0
Vranići	45.29111	13.77639	04	41
Vranići kod Vižinade	45.32645	13.7107	04	0
Vranja	45.31972	14.14528	04	92
Vranjak	44.66722	14.93111	08	0
Vranjak Žumberački	45.71749	15.49684	20	0
Vranje Pavlović	44.22861	15.20722	19	0
Vranje Selo	45.33389	13.73278	04	48
Vranjesi	45.18194	15.72722	05	0
Vranjevo	45.14611	18.82389	18	0
Vranješi	43.36056	17.12444	15	41
Vranjic	43.53333	16.46667	15	1064
Vrankovec	46.09729	15.91804	07	224
Vrankovići	43.50111	16.78361	15	0
Vrankovići	44.16833	16.26861	13	0
Vranojelje	46.25353	15.90488	16	114
Vranov Dol	45.72397	15.62714	20	117
Vranovača	44.75	15.69833	08	132
Vranovci	45.18417	18.09056	02	575
Vranovine	44.63167	15.27472	08	27
Vrančići	43.59972	16.875	15	0
Vrapče	45.25944	18.83722	18	0
Vrapče	45.81667	15.91667	21	0
Vrata	44.65917	14.99361	08	0
Vrata	45.31889	14.72778	12	210
Vratar	43.0875	17.55417	03	0
Vrataruša	45.03306	14.91917	08	5
Vratce	44.27833	15.80972	19	0
Vratečko	45.46306	16.11389	14	0
Vratečko	45.46333	16.11139	14	38
Vratišinec	46.47806	16.45778	09	1155
Vratnik	44.97909	15.00522	08	56
Vratnik Samoborski	45.80868	15.65021	20	93
Vratno Otok	46.38483	16.16211	16	72
Vrba	44.52333	15.76333	08	0
Vrban	44.34667	15.65111	08	0
Vrbani	44.56333	15.03056	08	0
Vrbani	45.34106	13.74107	04	8
Vrbani	45.7926	15.91964	21	0
Vrbanj	43.165	16.64556	15	458
Vrbanja	44.98139	18.92722	18	1583
Vrbanovec	46.265	16.52	16	561
Vrbanska Draga	45.56199	15.43626	05	18
Vrbanska Duliba	44.60167	15.04806	08	0
Vrbica	42.68167	18.05694	03	0
Vrbica	43.06639	17.49444	03	0
Vrbica	45.30639	18.55806	10	614
Vrbica Trojstvena	45.95316	16.96745	01	93
Vrbik	45.43	18.71806	10	0
Vrbišnica	46.20676	15.69624	07	245
Vrbje	45.1875	17.41917	02	358
Vrbnik	44.01667	16.19361	13	297
Vrbnik	45.07583	14.6725	12	887
Vrbno	46.23674	15.92709	16	228
Vrboska	43.18222	16.67083	15	542
Vrbova	45.21861	17.57778	02	686
Vrbovac Podborski	45.59159	17.25201	01	508
Vrbovačko Brdo	45.2475	17.56333	02	0
Vrbovec	45.88333	16.42167	20	4551
Vrbovec Samoborski	45.82557	15.76465	20	263
Vrbovica	42.9614	17.10211	03	0
Vrbovljani	45.24889	17.16556	02	135
Vrbovo	46.07709	16.23314	07	258
Vrbovo Posavsko	45.67976	16.24539	20	150
Vrbovsko	45.36861	15.07833	12	1257
Vrcani	43.56444	16.7625	15	0
Vrcelji	45.00889	15.41139	05	0
Vrdol	43.46167	17.21389	15	0
Vrdolać	43.52944	17.03694	15	0
Vrdoljaci	43.33083	17.2725	15	0
Vrdoljaci	43.66194	16.52361	15	0
Vrebac	44.52694	15.50556	08	46
Vrelo	42.53972	18.38167	03	0
Vrelo Koreničko	44.76806	15.67167	08	102
Vrećari	45.12708	14.11054	04	199
Vrgada	43.85611	15.50306	19	209
Vrginmost	45.35305	15.86563	14	860
Vrgorac	43.20583	17.37111	15	2132
Vrgoči	43.58028	16.85806	15	0
Vrh	45.05012	14.52976	12	939
Vrh	45.3575	13.94	04	109
Vrh	46.08333	16.33333	16	0
Vrh Brodski	45.45802	14.87142	12	0
Vrh Desne	43.04889	17.5675	03	0
Vrh Lašići	45.31521	13.72869	04	44
Vrh Letovanićki	45.51667	16.16667	14	58
Vrh Visočki	46.09027	16.34092	16	87
Vrhi Pregradski	46.16552	15.74053	07	336
Vrhi Vinagorski	46.16066	15.70886	07	94
Vrhjani	45.2502	13.75537	04	13
Vrhova Gorica	45.42072	15.32073	05	8
Vrhovac	45.63817	15.48489	05	307
Vrhovac Sokolovački	46.1489	16.68693	06	64
Vrhovački Sopot	45.6199	15.47586	05	90
Vrhovci	45.57836	14.63934	12	120
Vrhovci Crkveni	45.28889	17.65306	11	18
Vrhovci Gradski	45.29944	17.6375	11	16
Vrhovec Bednjanski	46.22713	16.00251	16	33
Vrhovec Rakovečki	45.89967	16.30402	20	138
Vrhovina	45.22972	18.11472	02	172
Vrhovine	44.85167	15.41917	08	218
Vrhovljan	46.52411	16.36964	09	260
Vrhovčak	45.80924	15.69143	20	356
Vrijaci	43.05889	17.53806	03	0
Vrijanac Selo	45.21889	15.66167	05	0
Vriještica	43.08667	17.57917	03	0
Vrisnik	43.15167	16.65333	15	186
Vrišti	44.5275	15.80222	08	0
Vrižice	43.56389	16.69111	15	0
Vrkići	43.52389	16.79611	15	0
Vrkljani	44.34417	15.67889	08	0
Vrkljani	44.62056	15.29278	08	0
Vrlika	43.90828	16.3983	15	718
Vrlić	43.59222	16.74361	15	0
Vrlići	43.54556	16.90056	15	0
Vrnjak	45.44056	13.76889	04	0
Vrpile	44.7175	15.68694	08	8
Vrpolje	43.60417	16.82972	15	68
Vrpolje	43.67583	16.01194	13	731
Vrpolje	44.07	16.22944	13	159
Vrpolje	44.29889	16.03389	19	0
Vrpolje	45.21056	18.40556	02	1396
Vrpolje Bansko	45.11028	16.32917	14	36
Vrsar	45.14917	13.60528	04	1535
Vrsi	44.26472	15.2325	19	1613
Vrsine	43.52778	16.14722	15	291
Vrsno	43.62893	16.05144	13	58
Vrtače	43.53389	17.05972	15	0
Vrtlinovec	46.22978	16.40283	16	353
Vrtlinska	45.68589	16.61462	01	128
Vrtnjakovec	46.07639	15.85833	07	228
Vrulje	43.78944	15.90528	13	0
Vrulje	43.80499	15.31838	13	0
Vrvari	45.22444	13.635	04	951
Vrzići	44.93056	15.05167	08	6
Vrčin Dol	45.27389	17.87361	11	1
Vrčići	44.38694	15.14472	19	27
Vršine	44.49583	16.12306	08	0
Vrškovac	45.66245	15.40089	05	117
Vržnaveri	45.24111	13.66667	04	82
Vuco	43.60556	16.71	15	0
Vudrag	43.625	16.67	15	0
Vugdelići	43.68028	16.72722	15	0
Vuglenica	45.51194	15.56639	05	0
Vugliši	44.86167	15.12583	08	0
Vuglovec	46.215	16.09889	16	304
Vugrišinec	46.45841	16.32746	09	196
Vugrovec	45.88393	16.1046	21	920
Vugrovec Gornji	45.89208	16.09765	21	305
Vujaklije	45.22389	15.61361	05	0
Vujakovići	43.97056	16.18278	13	0
Vujatovići	43.99417	16.16889	13	0
Vujci	46.15639	16.02	07	0
Vujević	43.82889	16.55111	15	0
Vujevići	43.41556	17.18139	15	0
Vujice	43.5325	16.87444	15	0
Vujin Kamen	45.01222	15.76333	05	0
Vujinac	44.86194	14.9525	08	0
Vujića Kuće	43.03056	17.65222	03	0
Vujići Vojakovački	46.07885	16.60551	06	54
Vujičići	43.22722	17.40583	15	0
Vujnove Glave	44.73722	15.63694	08	0
Vujnovići	45.37113	15.06261	12	32
Vujovići	43.56	16.90583	15	0
Vujčići	43.20972	17.23056	15	0
Vujčići	43.24778	17.23722	15	0
Vujčići Zubace	43.21056	17.21833	15	0
Vuka	43.62278	16.50333	15	0
Vuka	45.43389	18.505	10	764
Vukadini	43.57583	16.735	15	0
Vukadinovići	44.19611	15.75778	19	0
Vukanci	46.12317	16.03635	07	216
Vukani	43.54056	16.75861	15	0
Vukanovec	46.44497	16.32977	09	227
Vukas	44.10694	15.66111	19	0
Vukasi	43.63556	16.87778	15	0
Vukasovići	43.58556	16.615	15	0
Vukava	44.62389	15.475	08	0
Vukelić Goljak	44.79056	15.11222	08	0
Vukelić Poljana	44.97917	15.4525	05	0
Vukelić-Draga	45.07667	14.89167	12	0
Vukelići	44.54972	15.39972	08	0
Vukelići	44.74806	15.27056	08	0
Vukelići	44.82667	15.03028	08	0
Vukelići	45.19806	16.38333	14	0
Vukelići	45.4306	15.0183	12	17
Vuketić	45.67965	15.39022	05	16
Vuki	45.4325	13.67111	04	0
Vukići	43.60889	16.85444	15	0
Vukići	44.05194	15.925	13	0
Vukmani	43.76861	16.61167	15	0
Vukmanić	45.425	15.6475	05	194
Vukmiri	43.23611	17.3125	15	0
Vukmirovići	44.64944	15.54111	08	0
Vukmirovići	44.83917	15.56694	08	0
Vukmirovići	44.84194	15.48611	08	0
Vukmirovići	44.84611	15.43806	08	0
Vukmiroviča Brdo	44.61944	15.61028	08	0
Vukobratovići	44.68778	15.69361	08	0
Vukoder	45.58333	15.55	05	88
Vukojevci	45.13333	18.15	02	0
Vukojevci	45.47833	18.15556	10	713
Vukojevica	45.3875	17.96028	11	61
Vukojevići	43.19	17.25806	15	0
Vukojevići	43.23	17.33194	15	0
Vukomerec	45.80734	16.04082	21	0
Vukomerić	45.61667	15.95	20	125
Vukosavi	43.17861	17.41528	15	0
Vukosavljevica	45.87778	17.23222	17	507
Vukotići	42.87056	17.50694	03	0
Vukova Gorica	45.44806	15.3375	05	52
Vukovar	45.35161	19.00225	18	22255
Vukovec	46.10787	16.41881	06	75
Vukovije	45.61581	17.27814	01	91
Vukovina	45.68333	16.11667	20	884
Vuković Kapela	44.9625	15.46861	05	0
Vukovići	43.22444	17.35389	15	0
Vukovići	43.57056	16.64278	15	0
Vukovići	43.58306	16.66611	15	0
Vukovići	43.58778	16.50028	15	0
Vukovići	43.84472	16.64583	15	0
Vukovići	44.10472	16.23139	13	0
Vukovići	44.12694	16.24417	13	0
Vukovići	44.93222	15.58861	08	0
Vukovje Zelinsko	45.89947	16.2388	20	84
Vukovo Brdo	45.72236	15.46566	20	9
Vukovo Selo	45.90165	15.68486	20	408
Vukovoj	46.28333	16.06667	16	81
Vukoševac	45.36451	16.4746	14	10
Vuksanava Varoš	44.44472	15.42889	08	0
Vuksani	45.57567	15.46531	05	10
Vuksanovo Selo	44.92944	15.34917	08	0
Vukšin Šipak	45.61855	15.56837	20	255
Vukšinec Riječki	46.08875	16.36396	06	72
Vukšić	43.94444	15.72528	19	488
Vukšić	44.61417	15.41167	08	0
Vukšići	45.18472	16.24861	14	0
Vularija	46.32694	16.47667	09	363
Vuleta	44.25889	15.36111	19	0
Vulete	43.23306	17.22917	15	0
Vuletići	43.26278	17.22194	15	0
Vuletići	43.32139	17.26417	15	0
Vuletići	43.37222	17.14889	15	0
Vuletići	45.24833	15.69278	05	0
Vulisinec	46.22417	16.03333	16	202
Vulići	43.81	16.62306	15	0
Vulići	45.23806	15.70083	05	0
Vurnovec	45.88955	16.1368	21	192
Vurot	45.4675	16.28806	14	112
Vućkovići	45.22472	16.21806	14	0
Vučak	43.53389	16.89333	15	0
Vučak	46.02726	16.00541	07	437
Vučani	45.73402	16.67509	01	79
Vučci	43.32778	17.24111	15	0
Vučemili	43.70583	16.60472	15	0
Vučenkić	44.1125	15.87056	19	0
Vučetinec	46.43885	16.37113	09	569
Vučetići	44.29944	15.05806	19	0
Vučetići	44.99083	15.14917	08	0
Vučevci	45.33083	18.49417	10	221
Vučevica	43.5978	16.41229	15	44
Vučilčevo	45.9574	15.71966	20	130
Vučini	43.63861	16.85833	15	0
Vučinići	45.15472	16.32972	14	0
Vučinići	45.41777	15.03877	12	58
Vučipolje	43.83678	16.57104	15	69
Vučipolje	44.26861	15.93306	19	1
Vučići	43.71694	16.70083	15	0
Vučjak	44.2525	15.92694	19	0
Vučjak	44.57222	15.45306	08	0
Vučjak	45.42222	16.465	14	0
Vučjak	45.5	15.5	05	0
Vučjak	45.5075	17.5375	11	0
Vučjak Feričanački	45.52782	18.01732	10	226
Vučkovac	45.55583	18.36	10	0
Vučkovići	43.58944	16.61444	15	0
Vučkovići	43.69417	16.63889	15	0
Vučkovići	43.81639	16.52417	15	0
Vučkovići	44.00833	16.31528	13	0
Vučkovići	44.04139	16.32306	13	0
Vučkovići	44.11361	15.91028	13	0
Vučkovići	45.24417	15.595	05	0
Vučkovići	45.24556	15.65056	05	0
Vučkovići	45.24556	16.19	14	0
Vučnik	45.41092	15.13541	12	12
Vušići	42.49028	18.41389	03	0
Vužići	43.54083	17.03056	15	0
Zabare	44.9475	15.30139	08	0
Zabarje	44.72	15.29583	08	0
Zablatje	46.26667	16.81667	06	171
Zablatje Posavsko	45.74229	16.18792	20	69
Zabok	46.02626	15.90391	07	3408
Zaboric	43.66073	15.94657	13	552
Zaborsko Selo	45.53722	15.41665	05	12
Zabrde	43.63194	16.74917	15	0
Zabrežani	45.17927	13.90447	04	454
Zabreže	42.8225	17.77472	03	0
Zabreže	42.87	17.7775	03	0
Zabreže	42.92528	17.41361	03	0
Zabrđe	42.86056	17.58667	03	42
Zabrđe	45.88333	16.5	20	113
Zabukovac	45.08814	14.92242	12	0
Zadar	44.11578	15.22514	19	67309
Zadobarje	45.52921	15.49	05	315
Zadravec	46.10909	15.96814	07	98
Zadrkovec	46.0056	16.25697	20	152
Zadubravlje	45.16361	18.15444	02	750
Zadvarje	43.43139	16.88972	15	289
Zadvorsko	45.71978	15.9088	21	1260
Zaglav	43.95583	15.13722	19	171
Zaglav	44.08222	15.00167	19	0
Zaglavice	43.48833	16.01889	15	0
Zaglavići	43.29639	17.28472	15	0
Zagolik	45.48417	14.78333	12	1
Zagora	46.19209	15.87203	07	88
Zagoračka Varoš	44.42722	15.50861	08	0
Zagorje	45.14617	14.21689	04	104
Zagorje	45.16385	14.22282	12	76
Zagorje	45.20108	15.23561	05	102
Zagorje	45.28093	15.58303	05	39
Zagorska Sela	46.09694	15.635	07	263
Zagrad	44.05972	15.51083	19	49
Zagrad	45.18083	15.79111	05	0
Zagradci	45.48026	15.4703	05	225
Zagraj	45.56762	15.56474	05	59
Zagrađe	45.24278	17.81111	11	366
Zagreb	45.81444	15.97798	21	663592
Zagreb-Sloboština	45.76431	15.98598	21	0
Zagruda	42.63861	18.18583	03	0
Zagvozd	43.3975	17.05694	15	640
Zahrt	45.47037	14.93205	12	3
Zaistovec	46.03361	16.37056	06	229
Zajačko Selo	45.62139	15.48639	05	161
Zajci	45.20394	14.06986	04	219
Zajezda	46.15667	16.19056	07	293
Zajile	45.53333	17.41667	01	0
Zaklan	44.71139	15.62111	08	0
Zaklepica	45.69227	16.34973	20	74
Zaklopac	44.42727	16.07977	19	12
Zaklopatica	42.77147	16.87364	03	104
Zaklopača	44.88448	15.69653	08	2
Zakopa	45.07033	16.33457	14	24
Zakorenje	45.33583	17.55306	11	145
Zakrajc Brodski	45.45512	14.88004	12	1
Zakrajc Turkovski	45.522	14.72539	12	0
Zakučac	43.45	16.7	15	156
Zalesina	45.38306	14.86833	12	31
Zaljutci	43.64083	16.56944	15	0
Zaloj	45.46372	16.04292	14	18
Zalug	46.20154	15.65134	07	102
Zaluka	45.63181	15.46329	05	18
Zaluka Lipnička	45.60517	15.30322	05	131
Zaluki	45.40361	14.28167	12	68
Zalužje	44.41861	16.12528	19	0
Zalužje	44.51667	15.95611	08	0
Zalužje	46.30319	15.98288	16	126
Zalužnica	44.85528	15.35694	08	101
Zamask	45.32889	13.88	04	50
Zamaski Dol	45.32121	13.89676	04	42
Zamasline	42.83194	17.73028	03	70
Zambratija	45.47361	13.51389	04	438
Zamet	45.355	14.36278	12	0
Zamladinec	46.08371	16.49038	06	86
Zamladinec	46.08395	16.49029	06	86
Zamlaka	46.28917	16.49806	16	395
Zamlača	45.09028	16.38028	14	75
Zamlača	46.28278	16.26861	16	337
Zamost	45.52982	14.68523	12	18
Zamost Brodski	45.46313	14.86088	12	35
Zamršje	45.5117	15.69186	05	144
Zamršten	44.7325	15.25861	08	0
Zaostrog	43.1425	17.28222	15	220
Zaoštra	44.53139	15.31861	08	0
Zapadna Plina	43.08861	17.46083	03	0
Zapeć	45.48058	15.08232	12	10
Zapolica	45.5375	16.54889	14	0
Zapoljak	44.42028	15.53972	08	0
Zapoljak	45.04917	15.71917	05	1
Zapolje	44.9625	15.30917	08	0
Zapolje	45.23167	17.46167	02	331
Zapolje Brodsko	45.46087	14.83891	12	12
Zaprešić	45.85639	15.80778	20	18768
Zapuntel	44.24694	14.81389	19	42
Zapužane	44.01352	15.56226	19	45
Zaradeže	42.8625	17.55222	03	0
Zaradičije	43.54056	16.70861	15	0
Zaraće	43.15	16.51667	15	8
Zaraće	43.15217	16.89457	15	0
Zarečje	45.25444	13.96083	04	294
Zarilac	45.34944	17.86889	11	116
Zarići	44.26806	15.12972	19	0
Zasadbreg	46.44864	16.40802	09	871
Zasiok	43.81944	16.56556	15	24
Zastani Ković	44.67472	15.50472	08	0
Zastenice	45.37219	14.47036	12	338
Zastolje	42.52634	18.40115	03	136
Zastražišće	43.14258	16.84627	15	126
Zastupac	43.1988	16.44332	15	0
Zatka Čepić	45.21656	14.13023	04	29
Zatoglav	43.53163	15.98197	13	55
Zaton	42.69083	18.03806	03	1024
Zaton	43.78944	15.82528	13	929
Zaton	44.22056	15.17361	19	595
Zaton Doli	42.69167	18.04861	03	0
Zaton Doli	42.83306	17.75111	03	56
Zaton Mali	42.7025	18.04056	03	61
Zaton Obrovački	44.21712	15.69332	19	95
Zaumol	45.45667	15.09028	12	27
Zavala	42.95028	17.58361	03	0
Zavala	43.12417	16.69639	15	170
Zavalatica	42.91419	16.93594	03	0
Zaveščak	46.48137	16.38563	09	212
Zavlaka	44.31778	16.17833	19	0
Zavojane	43.2461	17.25778	15	189
Zavođe	44.52306	15.51556	08	0
Zavođe	44.52449	15.52665	08	1
Zavođe	44.98417	15.43389	05	0
Zavratnica	44.69583	14.90972	08	0
Zavrelje	42.62278	18.2125	03	178
Zavrh	44.57139	15.99972	08	0
Zavrh	45.51284	14.94262	12	1
Završje	45.19389	17.925	02	271
Završje	45.37333	13.77667	04	39
Završje Belečko	46.13875	16.14513	07	56
Završje Loborsko	46.14599	16.07723	07	266
Završje Netretićko	45.53278	15.43643	05	53
Završje Podbelsko	46.21473	16.26685	16	779
Završje Požeško	45.3275	17.63111	11	292
Završje Začretsko	46.10553	15.88363	07	33
Zbelava	46.28444	16.40917	16	435
Zbig	44.97194	15.62306	05	0
Zbičina	44.89861	14.34833	12	3
Zbišina	44.86806	14.39722	12	2
Zbjeg	44.55861	15.92722	08	0
Zbjeg	45.07333	17.89861	02	362
Zbjegovača	45.46276	16.88162	14	311
Zdenac	45.25223	15.33846	05	178
Zdenci	45.58917	17.95028	17	737
Zdenci Brdovečki	45.86667	15.75	20	1169
Zdenčac	45.61528	16.95944	01	365
Zdenčec	45.81222	16.68278	01	76
Zdihovo	45.42347	15.22042	12	29
Zdihovo	45.68333	15.65	20	288
Zdilari	43.45	17.18111	15	0
Zdjelari	45.23222	15.7875	05	0
Zdrile	44.04167	16.31028	13	0
Zebanec Selo	46.47901	16.41203	09	312
Zeci	45.12277	13.93959	04	31
Zecovi	44.66306	15.685	08	0
Zekanovići	44.12056	15.93694	13	0
Zekić	44.23583	15.42111	19	0
Zekići	44.25278	15.96722	19	0
Zekulići	43.23111	17.29111	15	0
Zelembabe	44.09083	16.20778	13	0
Zelena Laguna	45.195	13.58778	04	0
Zelendvor	46.33308	16.2059	16	124
Zelengrad	44.13979	15.72934	19	73
Zelenike	44.57889	15.01028	08	0
Zeleno Polje	45.76972	18.50389	10	13
Zelin Mrzlovodički	45.38583	14.68639	12	14
Zelina Breška	45.7102	16.33424	20	76
Zelinska Gora	45.95914	16.19458	20	58
Zelić	44.07056	15.70389	19	0
Zelići	43.54417	16.71889	15	0
Zelići	43.55639	16.81778	15	0
Zelići	44.02556	16.14083	13	0
Zelići	44.16139	15.845	19	0
Zelići	44.51833	15.52944	08	0
Zelovo	43.73098	16.53932	15	35
Zelovo	43.75272	16.54944	15	122
Zelčin	45.61639	18.36139	10	297
Zemunik Donji	44.10667	15.38056	19	1557
Zemunik Gornji	44.10904	15.43064	19	437
Zetkan	45.82246	16.54103	20	179
Zečev Varoš	45.12806	15.54556	05	17
Zečevo	43.98333	15.86667	13	24
Zečevo Rogozničko	43.55389	15.93833	13	234
Zečja	43.1585	16.79045	15	0
Zgališće	45.83258	16.5471	20	216
Zgrabljici	45.17892	13.78152	04	32
Zgurić Brdo	45.51667	15.98333	20	33
Zidarići	45.11454	14.51624	12	142
Zidina	43.50389	16.71639	15	0
Zidinica	43.12528	17.49611	03	0
Zimić	45.37218	15.64053	05	40
Zinajevac	45.26759	15.51079	05	1
Zlarin	43.6975	15.83611	13	293
Zlatar	46.09417	16.07083	07	2825
Zlatar bistrica	46.04972	16.08611	07	1393
Zlatna Greda	45.72167	18.86556	10	5
Zlatovići	45.17222	16.26972	14	0
Zleć	46.0594	15.90159	07	140
Zlobin	45.29389	14.65278	12	272
Zlogonje	46.3062	16.03683	16	367
Zlojići	43.06889	17.58583	03	0
Zlošane	44.0575	15.31333	19	0
Zmajevac	45.80188	18.80879	10	544
Zmijarevići	43.09028	17.49083	03	0
Zmijavci	43.41083	17.20556	15	1654
Zminjevača	43.51167	16.54056	15	0
Zmirići	44.0375	15.8475	19	0
Zmištak	44.07167	15.84667	13	0
Znaori	43.41333	17.18889	15	0
Znidovac	45.23278	15.12639	05	0
Znož	46.1138	16.104	07	18
Zobeničin Gaj	44.54833	15.93	08	0
Zokov Gaj	45.60581	18.01215	17	83
Zoljan	45.47524	18.05652	10	637
Zoljani	45.13194	18.32	02	20
Zoretići	45.39758	14.42382	12	93
Zorica	43.74167	16.63	15	0
Zorići	44.36028	16.15806	19	0
Zorići	45.22528	15.80944	05	0
Zoričići	45.25975	13.74353	04	26
Zorkovac Vivodinski	45.6684	15.39667	05	14
Zorkovac na Kupi	45.59209	15.52264	05	81
Zorkovac_	45.59112	15.52862	05	193
Zornice	45.68861	18.54083	10	0
Zoro	42.52333	18.33028	03	0
Zovko	43.44333	17.10056	15	0
Zrenj	45.40323	13.87253	04	55
Zrilić	44.045	15.42611	19	0
Zrilić	45.07	15.74861	05	0
Zrin	45.19194	16.36917	14	8
Zrinj Lukački	45.93998	17.45696	17	85
Zrinska	45.78933	17.14691	01	99
Zrinski Brđani	45.19322	16.34255	14	25
Zrinski Topolovac	46.0183	16.75552	01	524
Zrinšćina	46.01456	16.34797	20	122
Zrmanja	44.15401	16.06836	19	9
Zrmanja Vrelo	44.19361	16.05694	19	11
Zrnića Poljana	44.57472	15.61139	08	0
Zrnići	45.11667	15.13333	05	0
Zubarti	43.67139	16.51417	15	0
Zuberi	45.16333	16.25056	14	0
Zuberi	45.17417	16.24278	14	0
Zubovići	44.52389	14.98056	08	180
Zubčić	44.16806	15.38667	19	0
Zubčići	44.38028	15.30528	19	0
Zukve	44.25237	15.21095	19	0
Zupa Dubrovacka	42.62596	18.19613	03	0
Zupčići	44.12639	15.58778	19	0
Zut	45.02917	16.2825	14	0
Zvekovac	45.81842	16.50723	20	151
Zvekovica	42.57667	18.23917	03	710
Zverinac	44.16389	14.91667	19	55
Zvečaj	45.39636	15.43232	05	175
Zvečanje	43.45335	16.75699	15	207
Zvijerci	45.92762	16.86216	01	59
Zvirotići	44.57556	16.01417	08	0
Zvizdulja	43.63861	15.71083	13	0
Zvjerinac	43.94917	16.21639	13	53
Zvoneća	45.40111	14.2625	12	244
Zvonik	45.90004	16.63776	20	66
Zvonimirovac	45.71189	17.86188	17	192
Zvonimirovo	45.82719	17.55794	17	79
Ðakovacki Pisak	45.30722	18.46333	10	0
Ðardin	42.71306	17.89778	03	0
Ðelekovec	46.24861	16.86667	06	990
Ðeletovci	45.1825	19.0125	18	419
Ðereci	43.46389	17.24167	15	0
Ðevrske	43.95377	15.85124	13	175
Ðipalo	43.71306	16.58306	15	0
Ðipalo	45.17111	15.61306	05	0
Ðogići	43.41611	17.21833	15	0
Ðolonga	43.60556	16.55472	15	0
Ðomine	44.90306	15.07111	08	0
Ðomine	44.92028	15.06556	08	0
Ðonta Doli	42.81972	17.78028	03	0
Ðorđev Dvor	45.69917	18.51917	10	0
Ðugumi	43.23528	17.33861	15	0
Ðukići	44.50194	15.73556	08	0
Ðulovac	45.66611	17.43333	01	801
Ðurašinovići	45.15944	16.17306	14	0
Ðurin Potok	45.11417	15.785	05	15
Ðurinići	42.47194	18.4425	03	61
Ðurinovec	46.07861	16.34194	16	117
Ðurići	44.01111	16.32361	13	0
Ðurići	44.02806	16.33694	13	0
Ðurići	44.88083	18.9175	18	206
Ðurići	45.11167	16.31028	14	0
Ðuričić	45.58053	17.69056	17	0
Ðurjani	42.8075	17.86639	03	0
Ðurmanec	46.19639	15.84083	07	786
Ðurđanci	45.29333	18.50472	10	370
Ðurđekovec	45.87746	16.11746	21	690
Ðurđenovac	45.54333	18.04583	10	2318
Ðurđevo Polje	45.55639	18.56778	10	0
Ðurđic	45.78944	16.84583	01	156
Ðurđić	46.0025	16.57972	06	243
Ðuzeli	43.47278	17.21833	15	0
Ðuđići	43.37972	17.185	15	0
Ćalete	43.66083	16.90444	15	0
Ćavri	43.56944	16.81639	15	0
Ćelije	44.64056	16.04111	08	0
Ćeralije	45.61917	17.68583	17	579
Ćeruvija	45.03028	15.69667	05	0
Ćešljakovci	45.44111	17.69333	11	225
Ćopići	44.40667	16.07444	19	0
Ćore	45.09083	16.33167	14	6
Ćorići	45.18444	16.43222	14	0
Ćosino	44.23917	15.48111	19	0
Ćosići	43.55	16.65444	15	0
Ćosići	43.66861	16.77917	15	0
Ćoso	43.5375	16.87389	15	0
Ćošinci	45.35	17.83583	11	39
Ćubići	43.50611	16.93056	15	0
Ćubići	43.57444	16.83806	15	0
Ćuić Brdo	45.04222	15.63444	05	1
Ćuk	44.05306	15.93417	13	0
Ćulibrci	45.20556	15.71944	05	0
Ćulumi	44.861	15.354	08	0
Ćuprelije	45.2375	17.85333	02	0
Ćurkovići	43.71861	16.63556	15	0
Ćurkovići	43.78028	16.63083	15	0
Ćurkovići	43.83611	16.65806	15	0
Ćurlovac	45.9694	16.90329	01	232
Ćusi	45.25307	13.99673	04	58
Ćutići	44.68417	15.35417	08	0
Ćuši	44.79722	15.35139	08	0
Ćušići	44.65889	15.71583	08	0
Čabar	45.59572	14.64632	12	325
Čabdin	45.6493	15.67172	20	112
Čabrunići	45.03056	13.86333	04	152
Čaglin	45.34972	17.98972	11	478
Čaire	45.55869	16.80243	14	19
Čajire	45.23194	16.605	14	0
Čajkovci	45.195	18.36472	02	494
Čajkovica	42.66611	18.14028	03	192
Čajkovići	42.67	18.11583	03	23
Čakanec	45.58412	15.99669	20	47
Čakovci	45.23611	19.05861	18	264
Čakovec	46.38444	16.43389	09	15078
Čale	43.32306	17.28194	15	0
Čalic	45.09972	18.73861	18	0
Čalinec	46.29056	16.18074	16	513
Čalići	44.34972	15.82306	19	0
Čalići	45.23722	15.70667	05	0
Čamagajevci	45.68889	18.25306	10	178
Čambarelići	45.18072	14.10125	04	145
Čamerovac	45.09	15.66417	05	34
Čanak	44.73614	15.48928	08	30
Čanjevo	46.10639	16.33944	16	150
Čanković Selo	44.52222	15.6675	08	0
Čapetino	42.67722	18.05778	03	0
Čapini	43.39944	17.17583	15	0
Čapljani	45.31041	16.60161	14	28
Čaporice	43.59472	16.73139	15	328
Čaprginci	45.32613	17.22914	02	2
Čara	42.93833	16.93472	03	595
Čarapine	43.11694	17.55194	03	0
Čarići	43.67583	16.64917	15	0
Časka	44.55075	14.91973	08	24
Čatrnja	43.73194	16.79167	15	0
Čatrnja	44.95028	15.64667	05	227
Čatrnja	45.30805	15.55859	05	85
Čavle	45.35194	14.48389	12	1269
Čavlovica	45.16056	16.15833	14	2
Čavoglave	43.78361	16.33722	13	147
Čazma	45.74818	16.6139	01	2417
Čačijin Dolac	43.76444	16.68222	15	0
Čačinci	45.60389	17.87028	17	1719
Čačić-Draga	44.60361	15.21833	08	0
Čačići	44.58444	15.00611	08	0
Čačvina	43.60805	16.79904	15	59
Čađavac	45.82279	17.11196	01	41
Čađavica	45.74417	17.85472	17	569
Čađavički Lug	45.75372	17.91598	17	210
Čedanj	45.47493	14.90662	12	3
Čeglje	45.62488	15.60013	20	353
Čehići	45.19125	13.73593	04	12
Čehovec	46.3611	16.61824	09	634
Čekolići	43.53056	16.75778	15	0
Čelani	43.52583	16.91444	15	0
Čelani	43.65722	16.51611	15	0
Čelari	43.55056	16.96806	15	0
Čelikovići	45.24028	17.88833	02	57
Čelina	43.41127	16.74196	15	206
Čelina	44.54583	15.92778	08	0
Čeline	43.64306	16.57028	15	921
Čelinjača	45.15444	18.31028	02	0
Čelj	43.31139	17.16139	15	0
Čelopeci	42.63472	18.17694	03	497
Čelopek	43.1075	17.53556	03	0
Čemernica	45.05667	16.30806	14	0
Čemernica	45.81362	17.43644	17	645
Čemernica Lonjska	45.76667	16.41667	20	217
Čemin	45.64944	18.6075	10	0
Čeminac	45.68639	18.6675	10	865
Čemprijesi	42.73083	17.89	03	0
Čengići	44.17056	15.98056	13	0
Čenkovo	45.33889	18.11056	10	1
Čepelovac	45.9941	17.04097	06	302
Čepikuće	42.85806	17.83472	03	35
Čepin	45.52403	18.57762	10	8001
Čepinski Martinci	45.51083	18.46917	10	524
Čepić	45.41667	13.81472	04	52
Čepljani	45.40327	13.57996	04	210
Čeprljanda	44.12444	15.11778	19	0
Čerenje	43.97447	15.29568	19	0
Čerenpolje	43.54028	16.8	15	0
Čerjan	42.69472	18.02972	03	0
Červar - Cervera	45.26333	13.5925	04	97
Červar-Porat	45.27194	13.59722	04	381
Červari	45.14939	13.79533	04	28
Čestijanec	46.52135	16.32767	09	91
Česvinica	42.85139	17.66694	03	41
Četekovac	45.6108	17.75511	17	180
Četvrtkovac	45.35025	16.5306	14	139
Čevejuša	43.05444	17.46389	03	0
Čečavac	45.38122	17.46137	11	2
Čečavački Vučjak	45.35891	17.48042	11	20
Čibača	42.62889	18.17111	03	2039
Čiboghat	45.81472	18.75389	10	0
Čidović	43.64194	16.63611	15	0
Čigoč	45.41583	16.63222	14	53
Čikare	44.98917	15.42972	05	0
Čikota	43.53139	16.75194	15	0
Čilasi	43.96333	16.05361	13	0
Čilipi	42.54972	18.28472	03	970
Čimburi	44.00139	16.32556	13	0
Čingi-Lingi	46.13529	17.0533	06	19
Čipri	45.27278	13.91417	04	0
Čisla	43.46155	16.73282	15	310
Čista	43.11444	17.34083	15	0
Čista Mlaka	45.77001	16.17814	20	573
Čisto	44.91389	18.82194	18	0
Čitluk	43.74396	16.65469	15	462
Čitluk	43.95972	16.40667	13	0
Čitluk	43.97281	16.06901	13	104
Čiča	43.29778	17.30111	15	0
Čiče	44.37944	16.02417	19	0
Čičin Most	45.16194	15.46444	05	0
Čičići	45.1425	16.08167	14	0
Čičkovina	46.28624	16.52822	16	169
Čižići	45.15599	14.59765	12	133
Čojlug	45.60946	17.77276	17	14
Čojluk	44.51944	15.72889	08	3
Čokadinci	45.50167	18.44444	10	129
Čolaci	44.10222	16.22722	13	0
Čolići	44.16	16.265	13	0
Čorbića Nuga	43.54111	17.05861	15	0
Čorbići	43.53222	17.07389	15	0
Čorci	44.62333	15.66611	08	0
Čorići	43.4525	17.15167	15	0
Čorići	43.52917	16.76333	15	0
Čorkova Uvala	44.9125	15.52972	05	0
Čortani	44.67278	15.66389	08	0
Čosići	43.65	16.78	15	0
Čoso	44.10083	15.68611	19	0
Čovac	45.23556	17.17139	02	74
Čovini	44.58694	15.31222	08	0
Čovići	43.60306	16.72944	15	0
Čovići	43.71778	16.595	15	0
Čovići	44.82778	15.30111	08	520
Čret	46.1164	15.81818	07	472
Čret Bisaški	46.05394	16.30053	16	18
Čret Posavski	45.7213	16.18851	20	103
Črečan	45.97554	16.26343	20	136
Črečan	46.39407	16.34354	09	382
Črešnjevec	46.07081	15.77112	07	264
Črešnjevo	46.25357	16.27146	16	707
Črnec Biškupečki	46.26667	16.35	16	612
Črnec Dugoselski	45.76201	16.26543	20	165
Črnec Rugvički	45.76165	16.25873	20	99
Črnica	45.44472	13.93694	04	34
Črnile	46.18506	16.38864	16	133
Črnilovec	45.67319	15.61465	20	98
Črnja Luka	42.97248	16.7742	15	0
Črnkovci	45.7075	18.295	10	634
Črnkovec	45.75	16.11667	20	339
Črnčevec	46.0887	16.46991	06	134
Čubanići	45.1925	13.98472	04	0
Čubelići	43.5525	16.91222	15	0
Čubelići	44.31778	15.83556	19	0
Čubrica Stan	44.6225	15.52556	08	0
Čubrice	43.90694	16.51917	15	0
Čuci	43.68917	16.5	15	0
Čudići	44.83333	15.46722	08	0
Čuglji	45.11472	16.14528	14	0
Čugura	43.77028	16.65333	15	0
Čujića Krčevina	44.82667	15.65611	08	6
Čujići	43.44417	17.12639	15	0
Čuke	45.29556	15.42694	05	0
Čuki	45.3324	13.71058	04	6
Čukovec	46.22917	16.66194	16	263
Čukovec	46.34697	16.7064	09	257
Čulavi	43.18917	17.26917	15	0
Čulina	44.13028	15.59583	19	0
Čulinec	45.81667	16.06667	21	0
Čulići	43.52056	16.76861	15	0
Čulišić	43.85	15.96667	13	0
Čunkova Draga	45.69076	15.49156	20	15
Čunski	44.58861	14.40639	12	198
Čuntić	45.35307	16.29819	14	16
Čupici	43.83472	16.2025	13	0
Čupići	43.88639	16.11111	13	0
Čurilovec	46.18853	16.41543	16	111
Čurković	44.10139	15.28333	19	0
Čurlini	43.57389	16.82167	15	0
Čučak	45.46775	14.94262	12	5
Čučci	44.6875	15.96028	08	0
Čučerje	45.88333	16.06667	21	0
Čučerski Vidovec	45.90222	16.03722	21	0
Čučići	45.74351	15.4982	20	1
Čučkovo Brdo	45.23028	16.00944	14	0
Čuši	45.17936	13.66529	04	27
Čvrljevo	43.7	16.31667	13	42
Čvrljevo	43.75972	16.02083	13	51
Đakovo	45.30833	18.41056	10	16875
Đurđevac	46.04111	17.06972	06	5834
Šabani	45.16343	15.75009	01	0
Šabići	43.38861	17.20444	15	0
Šabići	43.69278	16.64528	15	0
Šag	45.63944	18.46639	10	426
Šagovina Mašićka	45.30603	17.28099	02	5
Šagovina-Cernička	45.31611	17.32389	02	206
Šagudovec	45.99195	16.06811	07	149
Šajati	45.23056	15.80167	05	0
Šajfari	45.08722	15.67139	05	0
Šajini	45.03194	13.94306	04	175
Šakanlije	45.18365	16.43362	14	12
Šakići	43.53778	17.01333	15	0
Šakići	44.55472	15.70861	08	0
Šalamunić	44.64722	15.63833	08	24
Šalamunovec	46.04435	16.48476	06	45
Šalinovići	43.13194	17.40639	03	0
Šalovec	45.98028	16.26389	20	156
Šamadan	43.60611	16.54694	15	0
Šandorovec	46.32833	16.41556	09	305
Šandrovac	45.90556	17.02111	01	623
Šankov	44.58	14.86694	08	0
Šapan	44.01861	15.77806	19	0
Šapiti	43.31222	17.25139	15	0
Šapjane	45.47861	14.25778	12	167
Šapro	42.52972	18.41611	03	0
Šaptinovci	45.57917	18.06	10	421
Šarani	44.4025	15.275	08	0
Šarci	44.49944	16.07083	08	0
Šare	43.19778	17.32556	15	0
Šarengrad	45.23278	19.28028	18	362
Šarić	44.22167	15.545	19	0
Šarić Brdo	44.53472	15.80972	08	0
Šarića Struga	43.05194	17.48722	03	194
Šarići	43.35389	17.13917	15	0
Šarići	43.52917	16.78806	15	0
Šarići	43.67194	16.5225	15	0
Šarići	43.82944	16.59389	15	0
Šarići	44.38917	15.25639	08	0
Šarići	44.57889	15.39167	08	0
Šarići	44.59167	15.24194	08	0
Šaričevi	43.575	15.96472	13	0
Šartovac	45.51417	16.79917	14	318
Šatara	42.8725	17.57278	03	0
Šator	45.06861	14.8825	12	0
Šatornja	45.33616	16.01008	14	144
Šaš	45.27806	16.67306	14	168
Šaša	46.21494	15.95759	16	86
Šaše	45.17917	16.23194	14	0
Šaševa	45.27711	16.05203	14	17
Šaševo	45.74416	17.8327	17	91
Šašinovec	45.85	16.16667	21	772
Šebalji	44.99306	15.32806	08	0
Šebreki	45.57576	15.56393	05	0
Šeganovac	44.75	15.74	08	7
Šegestin	45.15444	16.38944	14	7
Šegotići	44.93972	14.00111	04	86
Šeketino Brdo	45.43851	15.49279	05	158
Šelovec	45.95564	16.36081	20	155
Šemovci	46.02361	16.99194	06	402
Šemovec	46.30389	16.47056	16	825
Šemovec Breški	45.70097	16.35445	20	70
Šenkovec	45.89027	15.69529	20	664
Šenkovec	46.40501	16.42026	09	2336
Šeovci	45.37417	17.71278	11	102
Šeovica	45.40905	17.21681	11	217
Šepci	44.82333	15.15056	08	0
Šepci Podstenski	45.47415	14.92433	12	4
Šeraje	45.1946	13.72056	04	2
Šerbedžije	44.67111	15.66	08	0
Šerbule	45.11	16.26361	14	0
Šestak Brdo	45.5272	15.97239	20	66
Šestanovac	43.45444	16.91139	15	371
Šestinac	43.6975	16.7825	15	0
Šestine	45.85	15.93333	21	0
Šetka	43.54083	16.87083	15	0
Ševalj	45.46557	14.80554	12	1
Ševe	44.16444	16.28028	13	0
Ševeri	44.67833	15.62667	08	0
Ševina Poljana	44.25	16.20028	19	0
Ševrlje	44.94139	15.13056	08	0
Šećerana	45.78294	18.5907	10	461
Šeša	44.04778	15.92	13	0
Šibare	45.24806	15.91306	14	0
Šibenik	43.73429	15.8942	13	31115
Šibice	45.86135	15.77795	20	759
Šibine	45.29436	16.07566	14	15
Šibokovac	45.36139	18.05806	11	22
Šibovac	45.56889	17.19778	01	182
Šibrlička	45.47056	14.74556	12	0
Šibuljina	44.33861	15.34472	19	0
Šibčine	43.10444	17.53389	03	0
Šijan	44.3225	16.11083	19	0
Šijanec	46.29052	16.25234	16	183
Šijani	44.64972	15.7	08	0
Šikanje	45.2025	16.13583	14	0
Šikić- Dražica	44.50139	15.11306	08	0
Šiljakovina	45.63333	16.01667	20	654
Šilješci	42.58139	18.31306	03	12
Šiljki	45.71953	15.33187	05	5
Šilo	45.14444	14.66306	12	418
Šilović	44.32722	15.64361	08	0
Šimatovo	45.50434	14.94273	12	1
Šimač	43.70722	16.63028	15	0
Šimci	44.70778	15.20556	08	0
Šimići	43.44056	17.28389	15	0
Šimići	43.47722	17.18611	15	0
Šimleše	43.77444	16.65583	15	0
Šimljana	45.6975	16.82472	01	71
Šimljanica	45.71184	16.85284	01	84
Šimljanik	45.66889	16.78333	01	25
Šimraki	45.78333	15.53333	20	5
Šimunci	46.12784	15.67028	07	78
Šimuni	44.46861	14.96139	19	164
Šimunići	44.52111	15.43389	08	0
Šimunići	44.91083	15.14222	08	0
Šimunčevec	45.87789	16.09245	21	298
Šine	43.50972	16.52639	15	0
Šinkovica Bednjanska	46.23499	15.95306	16	87
Šinkovica Šaška	46.25388	15.94199	16	94
Šipak	43.06694	17.42694	03	0
Šipanska Luka	42.72889	17.86722	03	254
Šipački Breg	45.77003	15.61047	20	33
Šipići	43.62528	16.74278	15	0
Šipići	43.63583	16.86472	15	0
Šipki	46.11912	16.05254	07	105
Šipovac	42.98167	17.5625	03	0
Šipovac	45.50167	18.07944	10	0
Šiptari	45.95011	16.81418	01	69
Širinci	45.3213	17.25262	02	0
Širine	45.76944	18.56139	10	26
Širinec	45.67833	16.49944	20	222
Širitovci	43.88333	16.03333	13	127
Široka	45.22	15.76556	05	0
Široka Kula	44.61528	15.45667	08	78
Široka Rijeka	45.22306	15.76222	05	100
Široke	43.59457	16.01377	13	125
Široko Polje	45.40528	18.4725	10	799
Široko Selo	46.05306	16.73733	06	33
Šitumi	43.51361	16.94222	15	0
Šivati	45.11271	13.87274	04	68
Šišan	44.85222	13.9425	04	1007
Šišin	43.06861	17.5125	03	0
Šišinec	45.44889	16.08472	14	55
Šiškovci	45.19889	18.64667	18	693
Šišljavić	45.51667	15.76667	05	358
Škabrnje	44.09139	15.45389	19	1320
Škalić Zagorski	46.11332	15.66203	07	11
Škaljevica	45.64796	15.4655	05	68
Škalnica	45.44444	14.33694	12	236
Škarbići	43.50472	16.8225	15	0
Škarda	44.28889	14.70139	19	0
Škare	44.89139	15.31222	08	36
Škarićevo	46.12566	15.85001	07	593
Škarići	43.55028	16.82778	15	0
Škarnik	46.20204	16.44574	16	66
Škipine	45.13722	15.10444	05	0
Škivića Dolac	43.65972	16.82806	15	0
Škodinovac	45.63162	17.31599	01	34
Škodići	44.66056	15.34361	08	0
Školji	42.99944	17.47861	03	0
Škopljak	45.23361	14.03056	04	45
Škorak	44.89306	15.35889	08	0
Škore	43.36333	17.25639	15	0
Škorići	44.04472	15.89944	13	0
Škorići	44.62333	15.99472	08	0
Škorići	44.67806	15.73583	08	0
Škorići	44.90028	15.11056	08	0
Škorići	45.135	15.64056	05	0
Škrabo	42.82944	17.75222	03	0
Škrabutnik Na Brdu	45.27361	17.63111	11	0
Škrabutnik Potok	45.27889	17.62306	11	11
Škrapi	45.26288	13.85028	04	0
Škrbići	44.45639	15.92833	19	0
Škriljevec	46.23756	16.26629	16	226
Škrinjari	45.93345	16.59208	06	182
Škrip	43.35472	16.60389	15	157
Škrljevo	45.32053	14.53268	12	1158
Škropeti	45.28	13.8425	04	431
Škulja	43.20111	17.38667	15	0
Škuljari	45.41778	13.91889	04	52
Škunca	44.58917	14.85389	08	0
Škvadra	44.63167	15.23611	08	0
Škvaranska	44.9875	14.16	04	1
Šlivnjak	45.24618	15.60402	05	12
Šljivari	44.78972	15.35944	08	0
Šljivovac	45.45	15.88333	14	6
Šljivoševci	45.65833	18.21222	10	276
Šmrika	45.24972	14.60167	12	963
Šnjegavić	45.37972	17.44528	11	15
Šodolovac	45.24056	16.6425	14	0
Šodolovci	45.4	18.62028	10	267
Šolići	43.69306	16.53139	15	0
Šoljci	44.66139	15.27167	08	0
Šolta	43.38659	16.28757	15	0
Šolto	43.72028	16.66917	15	0
Šonjići	43.53167	16.89722	15	0
Šopot	44.0214	15.5908	19	323
Šopron	46.12059	16.46437	06	154
Šorgi	45.40041	13.84133	04	34
Šorići	45.105	13.74778	04	85
Šošići	43.23861	17.15556	15	0
Špadići	45.24194	13.59972	04	0
Španat	45.765	17.63583	17	155
Španjuša	44.64556	15.18472	08	0
Španovica	45.47227	17.30446	11	14
Španovića Brdo	45.4425	17.08806	11	0
Špansko	45.8	15.9	21	0
Šparadići	43.63074	15.95358	13	0
Špehari	45.37221	15.31192	05	1
Špikula	42.72278	18.03056	03	0
Špile	43.00806	17.65194	03	0
Špiranec	45.98034	16.50874	06	105
Špičkovina	46.02755	15.95999	07	741
Špišić-Bukovica	45.85722	17.29944	17	1346
Špoljarići	45.085	15.66278	05	0
Štaglinec	46.12639	16.87099	06	453
Štakorovec	45.85836	16.29289	20	298
Štakorovica	45.23513	15.76341	05	21
Štampari	44.73611	15.51361	08	0
Štanga	45.08056	13.65278	04	0
Štedrica	42.8925	17.68389	03	55
Štefanci	45.49147	15.0561	12	2
Štefanec	46.3	16.45	16	360
Štefanec	46.36833	16.49611	09	684
Štefanje	45.80472	16.72028	01	300
Štefankas	45.76639	18.67111	10	0
Šterna	45.41306	13.79361	04	70
Štetići	44.82972	15.45389	08	0
Štikada	44.31873	15.78744	08	197
Štikadski Klanac	44.32167	15.78444	08	0
Štikovica	42.68694	18.05056	03	0
Štikovo	43.91667	16.31667	13	31
Štimci	44.66222	15.43083	08	0
Štimići	44.72278	15.45861	08	0
Štinjan	44.89361	13.81472	04	0
Štirkovac	45.3011	15.51552	05	1
Štitar	45.09556	18.64028	18	1552
Štitnjak	45.37556	17.64889	11	44
Štivan	44.79083	14.38194	12	24
Štivica	45.18389	17.54083	02	421
Štokovci	45.04972	13.89333	04	142
Štrbići	43.09083	17.46722	03	0
Štrigova	46.50222	16.28833	09	436
Štrigovec	46.10532	16.41315	06	24
Štrmac	45.12137	14.1263	04	396
Štrped	45.42528	13.95111	04	222
Štrucljevo	46.05778	15.9125	07	321
Štrukovec	46.47256	16.42282	09	325
Štulinac	44.66278	15.13528	08	0
Štulići	45.2475	16.06583	14	0
Štuliča Kula	44.46528	15.64083	08	0
Šugarje	44.41778	15.24139	08	0
Šukunde	45.23917	16.21972	14	0
Šulinec	45.95076	16.25977	20	234
Šuljkove Kuće	43.6075	16.62111	15	0
Šumanovci	45.37306	17.82361	11	116
Šumarina	45.77917	18.58083	10	421
Šumber	45.16026	14.09791	04	358
Šumet	42.64611	18.1475	03	168
Šumet	43.44028	17.14556	15	304
Šumetlica Cernička	45.32083	17.39583	02	177
Šumećani	45.72121	16.50846	20	389
Šumeće	45.07611	17.8775	02	529
Šumećica	44.86083	15.20306	08	0
Šunići	43.74167	16.53028	15	0
Šuplja Lipa	45.64416	17.22181	01	129
Šuputi	44.74056	15.73278	08	0
Šurdovec	46.00311	16.27323	20	23
Šute	43.67861	16.53194	15	0
Šućuri	43.4	17.16	15	0
Šuša	44.02583	15.91222	13	0
Šušanj	44.70722	15.28583	08	0
Šušanj	45.05528	14.90333	08	0
Šuški	43.55472	16.82167	15	0
Šušnjare	43.61167	16.74528	15	0
Šušnjari	43.41417	17.16111	15	0
Šušnjari	43.42389	17.1375	15	0
Šušnjari	45.05556	15.075	08	0
Šušnjari	45.07306	15.42778	05	0
Šušnjari	45.175	16.25833	14	0
Šušnjari	45.69302	16.53266	20	102
Šušnjari Kamenski	45.47808	17.5398	11	1
Šušnjarići	43.72556	16.65556	15	0
Šušnjevci	45.20917	18.10444	02	207
Šušnjevica	45.24806	14.14611	04	74
Šušnjići	45.19535	13.71161	04	26
Švajcarnica	45.64861	18.68056	10	128
Švaljkovec	46.09742	15.9042	07	313
Švica	44.87139	15.175	08	311
Švonja	44.23028	15.89444	19	0
Švrakarica	45.17722	16.33694	14	23
Šćapovec	45.74849	16.40532	20	144
Šćepanje	46.12583	16.25361	16	266
Šćitarjevo	45.76754	16.1175	20	573
Šćrbinec	46.11701	16.12046	07	9
Šćulac	45.3736	15.50806	05	136
Šćulci	45.32611	13.86056	04	39
Šćulci	45.3375	13.93028	04	36
Žabica	44.52917	15.35694	08	189
Žabljak	45.37088	15.48956	05	37
Žabljak	45.93389	16.74056	01	300
Žabnica	45.90903	16.61376	20	130
Žabnik	46.30342	16.44499	16	162
Žabnik	46.52562	16.37622	09	365
Žabnjak	45.97806	16.40868	20	44
Žabnjača	45.708	17.9472	17	9
Žabno	45.50442	16.34698	14	414
Žagrići	45.13389	13.95944	04	35
Žagrović	44.06454	16.16765	13	509
Žakanje	45.60992	15.33706	05	142
Žakule	45.41874	15.02414	12	8
Žamarija	45.72146	15.45144	20	14
Žanci	43.73833	16.69639	15	0
Žanići	44.96944	15.59139	05	0
Žankovci	45.23389	14.11361	04	9
Žankovci	45.31833	18.81278	18	0
Žaper	43.60111	16.835	15	0
Žarkovac	45.24917	15.95722	14	0
Žarović	44.11056	15.37056	19	0
Žarovnica	46.25556	16.03639	16	743
Žažina	45.50346	16.24329	14	275
Žažvić	43.92895	15.80173	13	29
Žbandaj	45.20806	13.6825	04	538
Žberaje	45.06444	18.51694	02	0
Ždala	46.16687	17.14485	06	461
Ždere	43.36833	17.21278	15	0
Ždralovi	45.88449	16.8827	01	1311
Ždrapanj	43.88782	15.8509	13	21
Ždrelac	44.01361	15.26917	19	397
Ždrilo	44.23563	15.50692	19	93
Žedno	43.50517	16.28869	15	152
Žegar	44.15	15.86667	19	0
Žegar	44.53278	16.08778	08	0
Žejane	45.43944	14.19528	12	105
Žejinci	45.96856	15.83011	20	354
Železna Gora	46.48139	16.30861	09	379
Želiski	45.04806	13.97694	04	155
Željava	44.85871	15.73188	08	22
Željci	43.3475	17.17972	15	0
Željeznica	46.20453	16.20714	16	94
Željezno Polje	44.71306	15.90361	08	0
Željezno Žumberačko	45.73313	15.46652	20	27
Žena Glava	43.03333	16.14	15	37
Ženjevka	43.00306	17.2375	03	0
Ženodraga	45.23086	13.71907	04	22
Žerava	44.20444	15.25472	19	192
Žerjavinec	45.86667	16.16667	21	526
Žerovnica	44.90111	14.91278	08	0
Žestilac	45.12845	14.6371	12	11
Žestilovac	45.76694	18.10972	10	0
Žeželj	44.08528	15.96806	13	0
Žeževica	43.45167	16.93912	15	306
Žgaljići	45.065	14.49472	12	70
Žgela	45.07083	15.75472	05	0
Žgombići	45.11257	14.53851	12	72
Žibrinovec	46.10278	16.51472	06	112
Židovinjak	46.06139	15.95096	07	189
Žigerovci	45.37417	17.54944	11	7
Žigići	44.70417	15.73194	08	0
Žigrovec	46.24315	16.33033	16	222
Žikovići	45.23992	13.69706	04	12
Žilići	45.13778	16.37833	14	0
Žirje	43.65694	15.6526	13	147
Žiroslavlie	45.78805	17.60009	17	50
Žirčica	45.54213	16.38062	14	108
Žitarka	45.76246	15.80732	20	262
Žitkovčica	45.59732	16.0241	20	50
Žitnić	43.83405	16.14827	13	114
Žitnjak	45.78333	16.06667	21	0
Žitomir	46.01514	16.19634	20	158
Živa	42.91	17.75306	03	0
Živaja	45.24583	16.72306	14	0
Živaja	45.24638	16.72085	14	179
Živaljići	43.59417	16.72806	15	0
Živaljići	43.59917	16.71417	15	0
Živaljići	43.61583	16.76361	15	0
Živaljići	43.65472	16.85278	15	0
Živanovići	43.46222	17.19944	15	0
Živačine	45.095	18.84722	18	0
Živica	44.94694	15.39056	08	0
Živike	45.15139	17.67556	02	189
Živinići	43.70111	16.73444	15	0
Živković Kosa	45.36115	15.66866	05	84
Živkovići	44.14639	16.24083	13	0
Živkovići	45.03139	16.21472	14	0
Živogošće	43.18798	17.16091	15	416
Živulja	44.76194	15.52917	08	0
Živulje	43.70528	16.77972	15	0
Živčić	45.45556	15.57389	05	0
Žiškovec	46.44947	16.43205	09	470
Žižanovići	43.5075	17.02111	15	0
Žižića Stražbenica	43.70167	16.77361	15	0
Žlebec Gorički	45.91597	15.74688	20	62
Žlebec Pušćanski	45.91773	15.75754	20	111
Žlebina	45.90182	17.51202	17	214
Žman	43.97222	15.11333	19	225
Žminj	45.14278	13.90889	04	826
Žmirak	42.71778	18.06889	03	0
Žnjidarići	45.38995	13.87642	04	42
Žonti	45.41194	13.90611	04	40
Žreme	45.36806	16.60639	14	41
Žrnovac	45.44883	14.94111	12	12
Žrnovnica	43.52111	16.55917	15	3279
Žrnovo	42.94523	17.11028	03	1401
Žrnovska Banja	42.95884	17.11274	03	0
Žuberkovac	45.31315	17.28193	02	1
Žubrica	45.76453	17.54138	17	66
Žubrinci	45.46125	15.28135	05	27
Žudetići	45.34553	13.74512	04	9
Žukalj	44.92528	15.00028	08	0
Žukovac	43.08194	17.37444	03	0
Žukovec	45.86933	16.5319	20	120
Žuljana	42.89361	17.45611	03	275
Žuljevići	43.60778	16.78806	15	0
Žuljovići	43.67611	16.75778	15	0
Žumberak	45.76711	15.41483	20	9
Žunci	45.95795	16.42479	20	125
Žunić	44.22833	15.46639	19	0
Žuntići	45.1143	13.74162	04	25
Župa	43.32418	17.13223	15	37
Župa Srednja	43.35639	17.14028	15	3
Županec	46.27278	16.735	16	168
Župani	44.6175	15.27167	08	0
Županići	45.13579	14.06993	04	136
Županja	45.0775	18.6975	18	9153
Županje	44.18194	15.69472	19	0
Županje	45.14141	14.62997	12	26
Županje Selo	42.96833	17.30972	03	0
Županjol	45.005	15.02639	08	0
Župe	43.61694	16.63861	15	0
Župić	45.42503	16.22525	14	74
Župići	43.43694	17.2625	15	0
Župići	43.6875	16.62361	15	0
Žura	43.55667	16.51556	15	0
Žurići	43.62722	16.69889	15	0
Žurkovo	45.30778	14.48806	12	0
Žuro	43.64806	16.63028	15	0
Žuronja	42.905	17.52028	03	0
Žuta Lokva	44.59083	15.00444	08	17
Žuta Lokva	44.96972	15.06361	08	16
Žutnica	46.19562	15.87459	07	221
Žužići	45.2314	13.7927	04	123
Žužići	45.26785	13.7542	04	24
Žužuli	43.43611	17.15528	15	0
